Number of rounds 1
T1
客户端数：10	时间：0.04688000679016113	客户端：[123, 68, 112, 76, 54, 77, 104, 87, 34, 102]
客户端数：20	时间：0.0488736629486084	客户端：[123, 68, 112, 76, 54, 77, 104, 87, 34, 102, 124, 74, 28, 116, 36, 11, 53, 96, 73, 8]
客户端数：30	时间：0.0547487735748291	客户端：[123, 68, 112, 76, 54, 77, 104, 87, 34, 102, 124, 74, 28, 116, 36, 11, 53, 96, 73, 8, 5, 17, 31, 13, 18, 72, 51, 94, 95, 59]
客户端数：40	时间：0.056743621826171875	客户端：[123, 68, 112, 76, 54, 77, 104, 87, 34, 102, 124, 74, 28, 116, 36, 11, 53, 96, 73, 8, 5, 17, 31, 13, 18, 72, 51, 94, 95, 59, 32, 100, 127, 98, 37, 108, 117, 101, 79, 24]
客户端数：50	时间：0.059735774993896484	客户端：[123, 68, 112, 76, 54, 77, 104, 87, 34, 102, 124, 74, 28, 116, 36, 11, 53, 96, 73, 8, 5, 17, 31, 13, 18, 72, 51, 94, 95, 59, 32, 100, 127, 98, 37, 108, 117, 101, 79, 24, 38, 56, 97, 71, 55, 81, 60, 122, 3, 128]
客户端数：60	时间：0.06172990798950195	客户端：[123, 68, 112, 76, 54, 77, 104, 87, 34, 102, 124, 74, 28, 116, 36, 11, 53, 96, 73, 8, 5, 17, 31, 13, 18, 72, 51, 94, 95, 59, 32, 100, 127, 98, 37, 108, 117, 101, 79, 24, 38, 56, 97, 71, 55, 81, 60, 122, 3, 128, 45, 35, 78, 39, 7, 90, 84, 58, 48, 49]
客户端数：70	时间：0.06641793251037598	客户端：[123, 68, 112, 76, 54, 77, 104, 87, 34, 102, 124, 74, 28, 116, 36, 11, 53, 96, 73, 8, 5, 17, 31, 13, 18, 72, 51, 94, 95, 59, 32, 100, 127, 98, 37, 108, 117, 101, 79, 24, 38, 56, 97, 71, 55, 81, 60, 122, 3, 128, 45, 35, 78, 39, 7, 90, 84, 58, 48, 49, 120, 19, 107, 118, 4, 41, 44, 33, 113, 115]
客户端数：80	时间：0.07140183448791504	客户端：[123, 68, 112, 76, 54, 77, 104, 87, 34, 102, 124, 74, 28, 116, 36, 11, 53, 96, 73, 8, 5, 17, 31, 13, 18, 72, 51, 94, 95, 59, 32, 100, 127, 98, 37, 108, 117, 101, 79, 24, 38, 56, 97, 71, 55, 81, 60, 122, 3, 128, 45, 35, 78, 39, 7, 90, 84, 58, 48, 49, 120, 19, 107, 118, 4, 41, 44, 33, 113, 115, 99, 6, 20, 110, 63, 57, 29, 66, 15, 80]
客户端数：90	时间：0.07439303398132324	客户端：[123, 68, 112, 76, 54, 77, 104, 87, 34, 102, 124, 74, 28, 116, 36, 11, 53, 96, 73, 8, 5, 17, 31, 13, 18, 72, 51, 94, 95, 59, 32, 100, 127, 98, 37, 108, 117, 101, 79, 24, 38, 56, 97, 71, 55, 81, 60, 122, 3, 128, 45, 35, 78, 39, 7, 90, 84, 58, 48, 49, 120, 19, 107, 118, 4, 41, 44, 33, 113, 115, 99, 6, 20, 110, 63, 57, 29, 66, 15, 80, 46, 121, 23, 27, 47, 14, 93, 86, 91, 125]
客户端数：100	时间：0.07738566398620605	客户端：[123, 68, 112, 76, 54, 77, 104, 87, 34, 102, 124, 74, 28, 116, 36, 11, 53, 96, 73, 8, 5, 17, 31, 13, 18, 72, 51, 94, 95, 59, 32, 100, 127, 98, 37, 108, 117, 101, 79, 24, 38, 56, 97, 71, 55, 81, 60, 122, 3, 128, 45, 35, 78, 39, 7, 90, 84, 58, 48, 49, 120, 19, 107, 118, 4, 41, 44, 33, 113, 115, 99, 6, 20, 110, 63, 57, 29, 66, 15, 80, 46, 121, 23, 27, 47, 14, 93, 86, 91, 125, 40, 12, 75, 10, 22, 114, 50, 69, 25, 52]
客户端数：110	时间：0.08336997032165527	客户端：[123, 68, 112, 76, 54, 77, 104, 87, 34, 102, 124, 74, 28, 116, 36, 11, 53, 96, 73, 8, 5, 17, 31, 13, 18, 72, 51, 94, 95, 59, 32, 100, 127, 98, 37, 108, 117, 101, 79, 24, 38, 56, 97, 71, 55, 81, 60, 122, 3, 128, 45, 35, 78, 39, 7, 90, 84, 58, 48, 49, 120, 19, 107, 118, 4, 41, 44, 33, 113, 115, 99, 6, 20, 110, 63, 57, 29, 66, 15, 80, 46, 121, 23, 27, 47, 14, 93, 86, 91, 125, 40, 12, 75, 10, 22, 114, 50, 69, 25, 52, 67, 85, 105, 65, 109, 82, 61, 1, 16, 103]
客户端数：120	时间：0.08636260032653809	客户端：[123, 68, 112, 76, 54, 77, 104, 87, 34, 102, 124, 74, 28, 116, 36, 11, 53, 96, 73, 8, 5, 17, 31, 13, 18, 72, 51, 94, 95, 59, 32, 100, 127, 98, 37, 108, 117, 101, 79, 24, 38, 56, 97, 71, 55, 81, 60, 122, 3, 128, 45, 35, 78, 39, 7, 90, 84, 58, 48, 49, 120, 19, 107, 118, 4, 41, 44, 33, 113, 115, 99, 6, 20, 110, 63, 57, 29, 66, 15, 80, 46, 121, 23, 27, 47, 14, 93, 86, 91, 125, 40, 12, 75, 10, 22, 114, 50, 69, 25, 52, 67, 85, 105, 65, 109, 82, 61, 1, 16, 103, 89, 70, 83, 26, 106, 111, 88, 119, 62, 92]
T2
客户端数：10	时间：0.000997304916381836	客户端：[14, 39, 75, 78, 70, 109, 52, 117, 122, 121]
客户端数：20	时间：0.0038650035858154297	客户端：[14, 39, 75, 78, 70, 109, 52, 117, 122, 121, 34, 105, 97, 16, 116, 85, 95, 83, 92, 24]
客户端数：30	时间：0.005859851837158203	客户端：[14, 39, 75, 78, 70, 109, 52, 117, 122, 121, 34, 105, 97, 16, 116, 85, 95, 83, 92, 24, 118, 115, 63, 15, 94, 128, 23, 4, 36, 53]
客户端数：40	时间：0.011839866638183594	客户端：[14, 39, 75, 78, 70, 109, 52, 117, 122, 121, 34, 105, 97, 16, 116, 85, 95, 83, 92, 24, 118, 115, 63, 15, 94, 128, 23, 4, 36, 53, 25, 17, 89, 91, 98, 104, 68, 125, 90, 51]
客户端数：50	时间：0.013834476470947266	客户端：[14, 39, 75, 78, 70, 109, 52, 117, 122, 121, 34, 105, 97, 16, 116, 85, 95, 83, 92, 24, 118, 115, 63, 15, 94, 128, 23, 4, 36, 53, 25, 17, 89, 91, 98, 104, 68, 125, 90, 51, 100, 77, 11, 119, 33, 111, 55, 67, 10, 26]
客户端数：60	时间：0.014831304550170898	客户端：[14, 39, 75, 78, 70, 109, 52, 117, 122, 121, 34, 105, 97, 16, 116, 85, 95, 83, 92, 24, 118, 115, 63, 15, 94, 128, 23, 4, 36, 53, 25, 17, 89, 91, 98, 104, 68, 125, 90, 51, 100, 77, 11, 119, 33, 111, 55, 67, 10, 26, 37, 93, 71, 76, 3, 45, 86, 72, 127, 44]
客户端数：70	时间：0.016746997833251953	客户端：[14, 39, 75, 78, 70, 109, 52, 117, 122, 121, 34, 105, 97, 16, 116, 85, 95, 83, 92, 24, 118, 115, 63, 15, 94, 128, 23, 4, 36, 53, 25, 17, 89, 91, 98, 104, 68, 125, 90, 51, 100, 77, 11, 119, 33, 111, 55, 67, 10, 26, 37, 93, 71, 76, 3, 45, 86, 72, 127, 44, 102, 13, 74, 59, 87, 62, 112, 40, 82, 65]
客户端数：80	时间：0.017743825912475586	客户端：[14, 39, 75, 78, 70, 109, 52, 117, 122, 121, 34, 105, 97, 16, 116, 85, 95, 83, 92, 24, 118, 115, 63, 15, 94, 128, 23, 4, 36, 53, 25, 17, 89, 91, 98, 104, 68, 125, 90, 51, 100, 77, 11, 119, 33, 111, 55, 67, 10, 26, 37, 93, 71, 76, 3, 45, 86, 72, 127, 44, 102, 13, 74, 59, 87, 62, 112, 40, 82, 65, 120, 96, 101, 57, 114, 8, 84, 5, 107, 56]
客户端数：90	时间：0.018798112869262695	客户端：[14, 39, 75, 78, 70, 109, 52, 117, 122, 121, 34, 105, 97, 16, 116, 85, 95, 83, 92, 24, 118, 115, 63, 15, 94, 128, 23, 4, 36, 53, 25, 17, 89, 91, 98, 104, 68, 125, 90, 51, 100, 77, 11, 119, 33, 111, 55, 67, 10, 26, 37, 93, 71, 76, 3, 45, 86, 72, 127, 44, 102, 13, 74, 59, 87, 62, 112, 40, 82, 65, 120, 96, 101, 57, 114, 8, 84, 5, 107, 56, 66, 80, 29, 27, 48, 58, 7, 35, 41, 108]
客户端数：100	时间：0.020790815353393555	客户端：[14, 39, 75, 78, 70, 109, 52, 117, 122, 121, 34, 105, 97, 16, 116, 85, 95, 83, 92, 24, 118, 115, 63, 15, 94, 128, 23, 4, 36, 53, 25, 17, 89, 91, 98, 104, 68, 125, 90, 51, 100, 77, 11, 119, 33, 111, 55, 67, 10, 26, 37, 93, 71, 76, 3, 45, 86, 72, 127, 44, 102, 13, 74, 59, 87, 62, 112, 40, 82, 65, 120, 96, 101, 57, 114, 8, 84, 5, 107, 56, 66, 80, 29, 27, 48, 58, 7, 35, 41, 108, 47, 88, 106, 113, 38, 20, 110, 124, 6, 49]
客户端数：110	时间：0.024775266647338867	客户端：[14, 39, 75, 78, 70, 109, 52, 117, 122, 121, 34, 105, 97, 16, 116, 85, 95, 83, 92, 24, 118, 115, 63, 15, 94, 128, 23, 4, 36, 53, 25, 17, 89, 91, 98, 104, 68, 125, 90, 51, 100, 77, 11, 119, 33, 111, 55, 67, 10, 26, 37, 93, 71, 76, 3, 45, 86, 72, 127, 44, 102, 13, 74, 59, 87, 62, 112, 40, 82, 65, 120, 96, 101, 57, 114, 8, 84, 5, 107, 56, 66, 80, 29, 27, 48, 58, 7, 35, 41, 108, 47, 88, 106, 113, 38, 20, 110, 124, 6, 49, 31, 54, 50, 60, 123, 28, 1, 32, 79, 12]
客户端数：120	时间：0.025773286819458008	客户端：[14, 39, 75, 78, 70, 109, 52, 117, 122, 121, 34, 105, 97, 16, 116, 85, 95, 83, 92, 24, 118, 115, 63, 15, 94, 128, 23, 4, 36, 53, 25, 17, 89, 91, 98, 104, 68, 125, 90, 51, 100, 77, 11, 119, 33, 111, 55, 67, 10, 26, 37, 93, 71, 76, 3, 45, 86, 72, 127, 44, 102, 13, 74, 59, 87, 62, 112, 40, 82, 65, 120, 96, 101, 57, 114, 8, 84, 5, 107, 56, 66, 80, 29, 27, 48, 58, 7, 35, 41, 108, 47, 88, 106, 113, 38, 20, 110, 124, 6, 49, 31, 54, 50, 60, 123, 28, 1, 32, 79, 12, 99, 46, 69, 81, 18, 61, 73, 19, 22, 103]
T3
客户端数：10	时间：15.719981908798218	客户端：[14, 39, 75, 78, 70, 109, 52, 117, 122, 121]
客户端数：20	时间：58.16998267173767	客户端：[14, 39, 75, 78, 70, 109, 52, 117, 122, 121, 34, 105, 97, 16, 116, 85, 95, 83, 92, 24]
客户端数：30	时间：127.55041885375977	客户端：[14, 39, 75, 78, 70, 109, 52, 117, 122, 121, 34, 105, 97, 16, 116, 85, 95, 83, 92, 24, 118, 115, 63, 15, 94, 128, 23, 4, 36, 53]
客户端数：40	时间：224.48468589782715	客户端：[14, 39, 75, 78, 70, 109, 52, 117, 122, 121, 34, 105, 97, 16, 116, 85, 95, 83, 92, 24, 118, 115, 63, 15, 94, 128, 23, 4, 36, 53, 25, 17, 89, 91, 98, 104, 68, 125, 90, 51]
客户端数：50	时间：348.25635051727295	客户端：[14, 39, 75, 78, 70, 109, 52, 117, 122, 121, 34, 105, 97, 16, 116, 85, 95, 83, 92, 24, 118, 115, 63, 15, 94, 128, 23, 4, 36, 53, 25, 17, 89, 91, 98, 104, 68, 125, 90, 51, 100, 77, 11, 119, 33, 111, 55, 67, 10, 26]
客户端数：60	时间：499.10050654411316	客户端：[14, 39, 75, 78, 70, 109, 52, 117, 122, 121, 34, 105, 97, 16, 116, 85, 95, 83, 92, 24, 118, 115, 63, 15, 94, 128, 23, 4, 36, 53, 25, 17, 89, 91, 98, 104, 68, 125, 90, 51, 100, 77, 11, 119, 33, 111, 55, 67, 10, 26, 37, 93, 71, 76, 3, 45, 86, 72, 127, 44]
客户端数：70	时间：677.7777433395386	客户端：[14, 39, 75, 78, 70, 109, 52, 117, 122, 121, 34, 105, 97, 16, 116, 85, 95, 83, 92, 24, 118, 115, 63, 15, 94, 128, 23, 4, 36, 53, 25, 17, 89, 91, 98, 104, 68, 125, 90, 51, 100, 77, 11, 119, 33, 111, 55, 67, 10, 26, 37, 93, 71, 76, 3, 45, 86, 72, 127, 44, 102, 13, 74, 59, 87, 62, 112, 40, 82, 65]
客户端数：80	时间：884.6150810718536	客户端：[14, 39, 75, 78, 70, 109, 52, 117, 122, 121, 34, 105, 97, 16, 116, 85, 95, 83, 92, 24, 118, 115, 63, 15, 94, 128, 23, 4, 36, 53, 25, 17, 89, 91, 98, 104, 68, 125, 90, 51, 100, 77, 11, 119, 33, 111, 55, 67, 10, 26, 37, 93, 71, 76, 3, 45, 86, 72, 127, 44, 102, 13, 74, 59, 87, 62, 112, 40, 82, 65, 120, 96, 101, 57, 114, 8, 84, 5, 107, 56]
客户端数：90	时间：1119.315764427185	客户端：[14, 39, 75, 78, 70, 109, 52, 117, 122, 121, 34, 105, 97, 16, 116, 85, 95, 83, 92, 24, 118, 115, 63, 15, 94, 128, 23, 4, 36, 53, 25, 17, 89, 91, 98, 104, 68, 125, 90, 51, 100, 77, 11, 119, 33, 111, 55, 67, 10, 26, 37, 93, 71, 76, 3, 45, 86, 72, 127, 44, 102, 13, 74, 59, 87, 62, 112, 40, 82, 65, 120, 96, 101, 57, 114, 8, 84, 5, 107, 56, 66, 80, 29, 27, 48, 58, 7, 35, 41, 108]
客户端数：100	时间：1383.0766713619232	客户端：[14, 39, 75, 78, 70, 109, 52, 117, 122, 121, 34, 105, 97, 16, 116, 85, 95, 83, 92, 24, 118, 115, 63, 15, 94, 128, 23, 4, 36, 53, 25, 17, 89, 91, 98, 104, 68, 125, 90, 51, 100, 77, 11, 119, 33, 111, 55, 67, 10, 26, 37, 93, 71, 76, 3, 45, 86, 72, 127, 44, 102, 13, 74, 59, 87, 62, 112, 40, 82, 65, 120, 96, 101, 57, 114, 8, 84, 5, 107, 56, 66, 80, 29, 27, 48, 58, 7, 35, 41, 108, 47, 88, 106, 113, 38, 20, 110, 124, 6, 49]
客户端数：110	时间：1679.7338781356812	客户端：[14, 39, 75, 78, 70, 109, 52, 117, 122, 121, 34, 105, 97, 16, 116, 85, 95, 83, 92, 24, 118, 115, 63, 15, 94, 128, 23, 4, 36, 53, 25, 17, 89, 91, 98, 104, 68, 125, 90, 51, 100, 77, 11, 119, 33, 111, 55, 67, 10, 26, 37, 93, 71, 76, 3, 45, 86, 72, 127, 44, 102, 13, 74, 59, 87, 62, 112, 40, 82, 65, 120, 96, 101, 57, 114, 8, 84, 5, 107, 56, 66, 80, 29, 27, 48, 58, 7, 35, 41, 108, 47, 88, 106, 113, 38, 20, 110, 124, 6, 49, 31, 54, 50, 60, 123, 28, 1, 32, 79, 12]
客户端数：120	时间：2008.4093039035797	客户端：[14, 39, 75, 78, 70, 109, 52, 117, 122, 121, 34, 105, 97, 16, 116, 85, 95, 83, 92, 24, 118, 115, 63, 15, 94, 128, 23, 4, 36, 53, 25, 17, 89, 91, 98, 104, 68, 125, 90, 51, 100, 77, 11, 119, 33, 111, 55, 67, 10, 26, 37, 93, 71, 76, 3, 45, 86, 72, 127, 44, 102, 13, 74, 59, 87, 62, 112, 40, 82, 65, 120, 96, 101, 57, 114, 8, 84, 5, 107, 56, 66, 80, 29, 27, 48, 58, 7, 35, 41, 108, 47, 88, 106, 113, 38, 20, 110, 124, 6, 49, 31, 54, 50, 60, 123, 28, 1, 32, 79, 12, 99, 46, 69, 81, 18, 61, 73, 19, 22, 103]
BYTE
客户端数：10	字节数：3200000	客户端：[123, 68, 112, 76, 54, 77, 104, 87, 34, 102]
客户端数：20	字节数：6400000	客户端：[123, 68, 112, 76, 54, 77, 104, 87, 34, 102, 124, 74, 28, 116, 36, 11, 53, 96, 73, 8]
客户端数：30	字节数：9600000	客户端：[123, 68, 112, 76, 54, 77, 104, 87, 34, 102, 124, 74, 28, 116, 36, 11, 53, 96, 73, 8, 5, 17, 31, 13, 18, 72, 51, 94, 95, 59]
客户端数：40	字节数：12800000	客户端：[123, 68, 112, 76, 54, 77, 104, 87, 34, 102, 124, 74, 28, 116, 36, 11, 53, 96, 73, 8, 5, 17, 31, 13, 18, 72, 51, 94, 95, 59, 32, 100, 127, 98, 37, 108, 117, 101, 79, 24]
客户端数：50	字节数：16000000	客户端：[123, 68, 112, 76, 54, 77, 104, 87, 34, 102, 124, 74, 28, 116, 36, 11, 53, 96, 73, 8, 5, 17, 31, 13, 18, 72, 51, 94, 95, 59, 32, 100, 127, 98, 37, 108, 117, 101, 79, 24, 38, 56, 97, 71, 55, 81, 60, 122, 3, 128]
客户端数：60	字节数：19200000	客户端：[123, 68, 112, 76, 54, 77, 104, 87, 34, 102, 124, 74, 28, 116, 36, 11, 53, 96, 73, 8, 5, 17, 31, 13, 18, 72, 51, 94, 95, 59, 32, 100, 127, 98, 37, 108, 117, 101, 79, 24, 38, 56, 97, 71, 55, 81, 60, 122, 3, 128, 45, 35, 78, 39, 7, 90, 84, 58, 48, 49]
客户端数：70	字节数：22400000	客户端：[123, 68, 112, 76, 54, 77, 104, 87, 34, 102, 124, 74, 28, 116, 36, 11, 53, 96, 73, 8, 5, 17, 31, 13, 18, 72, 51, 94, 95, 59, 32, 100, 127, 98, 37, 108, 117, 101, 79, 24, 38, 56, 97, 71, 55, 81, 60, 122, 3, 128, 45, 35, 78, 39, 7, 90, 84, 58, 48, 49, 120, 19, 107, 118, 4, 41, 44, 33, 113, 115]
客户端数：80	字节数：25600000	客户端：[123, 68, 112, 76, 54, 77, 104, 87, 34, 102, 124, 74, 28, 116, 36, 11, 53, 96, 73, 8, 5, 17, 31, 13, 18, 72, 51, 94, 95, 59, 32, 100, 127, 98, 37, 108, 117, 101, 79, 24, 38, 56, 97, 71, 55, 81, 60, 122, 3, 128, 45, 35, 78, 39, 7, 90, 84, 58, 48, 49, 120, 19, 107, 118, 4, 41, 44, 33, 113, 115, 99, 6, 20, 110, 63, 57, 29, 66, 15, 80]
客户端数：90	字节数：28800000	客户端：[123, 68, 112, 76, 54, 77, 104, 87, 34, 102, 124, 74, 28, 116, 36, 11, 53, 96, 73, 8, 5, 17, 31, 13, 18, 72, 51, 94, 95, 59, 32, 100, 127, 98, 37, 108, 117, 101, 79, 24, 38, 56, 97, 71, 55, 81, 60, 122, 3, 128, 45, 35, 78, 39, 7, 90, 84, 58, 48, 49, 120, 19, 107, 118, 4, 41, 44, 33, 113, 115, 99, 6, 20, 110, 63, 57, 29, 66, 15, 80, 46, 121, 23, 27, 47, 14, 93, 86, 91, 125]
客户端数：100	字节数：32000000	客户端：[123, 68, 112, 76, 54, 77, 104, 87, 34, 102, 124, 74, 28, 116, 36, 11, 53, 96, 73, 8, 5, 17, 31, 13, 18, 72, 51, 94, 95, 59, 32, 100, 127, 98, 37, 108, 117, 101, 79, 24, 38, 56, 97, 71, 55, 81, 60, 122, 3, 128, 45, 35, 78, 39, 7, 90, 84, 58, 48, 49, 120, 19, 107, 118, 4, 41, 44, 33, 113, 115, 99, 6, 20, 110, 63, 57, 29, 66, 15, 80, 46, 121, 23, 27, 47, 14, 93, 86, 91, 125, 40, 12, 75, 10, 22, 114, 50, 69, 25, 52]
客户端数：110	字节数：35200000	客户端：[123, 68, 112, 76, 54, 77, 104, 87, 34, 102, 124, 74, 28, 116, 36, 11, 53, 96, 73, 8, 5, 17, 31, 13, 18, 72, 51, 94, 95, 59, 32, 100, 127, 98, 37, 108, 117, 101, 79, 24, 38, 56, 97, 71, 55, 81, 60, 122, 3, 128, 45, 35, 78, 39, 7, 90, 84, 58, 48, 49, 120, 19, 107, 118, 4, 41, 44, 33, 113, 115, 99, 6, 20, 110, 63, 57, 29, 66, 15, 80, 46, 121, 23, 27, 47, 14, 93, 86, 91, 125, 40, 12, 75, 10, 22, 114, 50, 69, 25, 52, 67, 85, 105, 65, 109, 82, 61, 1, 16, 103]
客户端数：120	字节数：38400000	客户端：[123, 68, 112, 76, 54, 77, 104, 87, 34, 102, 124, 74, 28, 116, 36, 11, 53, 96, 73, 8, 5, 17, 31, 13, 18, 72, 51, 94, 95, 59, 32, 100, 127, 98, 37, 108, 117, 101, 79, 24, 38, 56, 97, 71, 55, 81, 60, 122, 3, 128, 45, 35, 78, 39, 7, 90, 84, 58, 48, 49, 120, 19, 107, 118, 4, 41, 44, 33, 113, 115, 99, 6, 20, 110, 63, 57, 29, 66, 15, 80, 46, 121, 23, 27, 47, 14, 93, 86, 91, 125, 40, 12, 75, 10, 22, 114, 50, 69, 25, 52, 67, 85, 105, 65, 109, 82, 61, 1, 16, 103, 89, 70, 83, 26, 106, 111, 88, 119, 62, 92]
PRO_LEN：320000
score：0.44101587301587303
loss rate：0.5589841269841269
finished iteration：2023-01-01 00:01:10.462229

Number of rounds 2
T1
客户端数：10	时间：0.0029916763305664062	客户端：[34, 15, 117, 68, 104, 118, 95, 36, 94, 116]
客户端数：20	时间：0.004986763000488281	客户端：[34, 15, 117, 68, 104, 118, 95, 36, 94, 116, 11, 76, 97, 77, 121, 17, 72, 75, 39, 63]
客户端数：30	时间：0.008976459503173828	客户端：[34, 15, 117, 68, 104, 118, 95, 36, 94, 116, 11, 76, 97, 77, 121, 17, 72, 75, 39, 63, 112, 89, 67, 87, 120, 128, 4, 8, 92, 102]
客户端数：40	时间：0.011968374252319336	客户端：[34, 15, 117, 68, 104, 118, 95, 36, 94, 116, 11, 76, 97, 77, 121, 17, 72, 75, 39, 63, 112, 89, 67, 87, 120, 128, 4, 8, 92, 102, 100, 96, 85, 44, 52, 3, 115, 127, 93, 71]
客户端数：50	时间：0.012966156005859375	客户端：[34, 15, 117, 68, 104, 118, 95, 36, 94, 116, 11, 76, 97, 77, 121, 17, 72, 75, 39, 63, 112, 89, 67, 87, 120, 128, 4, 8, 92, 102, 100, 96, 85, 44, 52, 3, 115, 127, 93, 71, 70, 119, 109, 37, 111, 33, 27, 10, 86, 59]
客户端数：60	时间：0.019956350326538086	客户端：[34, 15, 117, 68, 104, 118, 95, 36, 94, 116, 11, 76, 97, 77, 121, 17, 72, 75, 39, 63, 112, 89, 67, 87, 120, 128, 4, 8, 92, 102, 100, 96, 85, 44, 52, 3, 115, 127, 93, 71, 70, 119, 109, 37, 111, 33, 27, 10, 86, 59, 57, 78, 114, 56, 107, 29, 26, 74, 23, 80]
客户端数：70	时间：0.022947072982788086	客户端：[34, 15, 117, 68, 104, 118, 95, 36, 94, 116, 11, 76, 97, 77, 121, 17, 72, 75, 39, 63, 112, 89, 67, 87, 120, 128, 4, 8, 92, 102, 100, 96, 85, 44, 52, 3, 115, 127, 93, 71, 70, 119, 109, 37, 111, 33, 27, 10, 86, 59, 57, 78, 114, 56, 107, 29, 26, 74, 23, 80, 62, 7, 58, 105, 48, 14, 66, 101, 55, 122]
客户端数：80	时间：0.024941444396972656	客户端：[34, 15, 117, 68, 104, 118, 95, 36, 94, 116, 11, 76, 97, 77, 121, 17, 72, 75, 39, 63, 112, 89, 67, 87, 120, 128, 4, 8, 92, 102, 100, 96, 85, 44, 52, 3, 115, 127, 93, 71, 70, 119, 109, 37, 111, 33, 27, 10, 86, 59, 57, 78, 114, 56, 107, 29, 26, 74, 23, 80, 62, 7, 58, 105, 48, 14, 66, 101, 55, 122, 47, 113, 88, 5, 110, 31, 49, 20, 123, 60]
客户端数：90	时间：0.028926610946655273	客户端：[34, 15, 117, 68, 104, 118, 95, 36, 94, 116, 11, 76, 97, 77, 121, 17, 72, 75, 39, 63, 112, 89, 67, 87, 120, 128, 4, 8, 92, 102, 100, 96, 85, 44, 52, 3, 115, 127, 93, 71, 70, 119, 109, 37, 111, 33, 27, 10, 86, 59, 57, 78, 114, 56, 107, 29, 26, 74, 23, 80, 62, 7, 58, 105, 48, 14, 66, 101, 55, 122, 47, 113, 88, 5, 110, 31, 49, 20, 123, 60, 50, 6, 54, 16, 28, 1, 51, 32, 125, 90]
客户端数：100	时间：0.03191876411437988	客户端：[34, 15, 117, 68, 104, 118, 95, 36, 94, 116, 11, 76, 97, 77, 121, 17, 72, 75, 39, 63, 112, 89, 67, 87, 120, 128, 4, 8, 92, 102, 100, 96, 85, 44, 52, 3, 115, 127, 93, 71, 70, 119, 109, 37, 111, 33, 27, 10, 86, 59, 57, 78, 114, 56, 107, 29, 26, 74, 23, 80, 62, 7, 58, 105, 48, 14, 66, 101, 55, 122, 47, 113, 88, 5, 110, 31, 49, 20, 123, 60, 50, 6, 54, 16, 28, 1, 51, 32, 125, 90, 79, 91, 98, 13, 124, 41, 25, 35, 82, 83]
客户端数：110	时间：0.03291678428649902	客户端：[34, 15, 117, 68, 104, 118, 95, 36, 94, 116, 11, 76, 97, 77, 121, 17, 72, 75, 39, 63, 112, 89, 67, 87, 120, 128, 4, 8, 92, 102, 100, 96, 85, 44, 52, 3, 115, 127, 93, 71, 70, 119, 109, 37, 111, 33, 27, 10, 86, 59, 57, 78, 114, 56, 107, 29, 26, 74, 23, 80, 62, 7, 58, 105, 48, 14, 66, 101, 55, 122, 47, 113, 88, 5, 110, 31, 49, 20, 123, 60, 50, 6, 54, 16, 28, 1, 51, 32, 125, 90, 79, 91, 98, 13, 124, 41, 25, 35, 82, 83, 24, 12, 99, 45, 46, 69, 18, 81, 53, 73]
客户端数：120	时间：0.036904096603393555	客户端：[34, 15, 117, 68, 104, 118, 95, 36, 94, 116, 11, 76, 97, 77, 121, 17, 72, 75, 39, 63, 112, 89, 67, 87, 120, 128, 4, 8, 92, 102, 100, 96, 85, 44, 52, 3, 115, 127, 93, 71, 70, 119, 109, 37, 111, 33, 27, 10, 86, 59, 57, 78, 114, 56, 107, 29, 26, 74, 23, 80, 62, 7, 58, 105, 48, 14, 66, 101, 55, 122, 47, 113, 88, 5, 110, 31, 49, 20, 123, 60, 50, 6, 54, 16, 28, 1, 51, 32, 125, 90, 79, 91, 98, 13, 124, 41, 25, 35, 82, 83, 24, 12, 99, 45, 46, 69, 18, 81, 53, 73, 40, 61, 19, 106, 84, 22, 38, 65, 108, 103]
T2
客户端数：10	时间：0.004988431930541992	客户端：[14, 70, 75, 98, 113, 78, 52, 94, 35, 73]
客户端数：20	时间：0.010877370834350586	客户端：[14, 70, 75, 98, 113, 78, 52, 94, 35, 73, 121, 32, 109, 16, 115, 34, 24, 105, 55, 83]
客户端数：30	时间：0.012872934341430664	客户端：[14, 70, 75, 98, 113, 78, 52, 94, 35, 73, 121, 32, 109, 16, 115, 34, 24, 105, 55, 83, 72, 118, 92, 29, 95, 122, 97, 15, 6, 106]
客户端数：40	时间：0.014835119247436523	客户端：[14, 70, 75, 98, 113, 78, 52, 94, 35, 73, 121, 32, 109, 16, 115, 34, 24, 105, 55, 83, 72, 118, 92, 29, 95, 122, 97, 15, 6, 106, 17, 31, 63, 85, 117, 23, 36, 7, 4, 91]
客户端数：50	时间：0.018599510192871094	客户端：[14, 70, 75, 98, 113, 78, 52, 94, 35, 73, 121, 32, 109, 16, 115, 34, 24, 105, 55, 83, 72, 118, 92, 29, 95, 122, 97, 15, 6, 106, 17, 31, 63, 85, 117, 23, 36, 7, 4, 91, 128, 25, 104, 41, 69, 84, 26, 77, 99, 68]
客户端数：60	时间：0.020591259002685547	客户端：[14, 70, 75, 98, 113, 78, 52, 94, 35, 73, 121, 32, 109, 16, 115, 34, 24, 105, 55, 83, 72, 118, 92, 29, 95, 122, 97, 15, 6, 106, 17, 31, 63, 85, 117, 23, 36, 7, 4, 91, 128, 25, 104, 41, 69, 84, 26, 77, 99, 68, 5, 100, 51, 28, 111, 11, 33, 13, 57, 103]
客户端数：70	时间：0.024580717086791992	客户端：[14, 70, 75, 98, 113, 78, 52, 94, 35, 73, 121, 32, 109, 16, 115, 34, 24, 105, 55, 83, 72, 118, 92, 29, 95, 122, 97, 15, 6, 106, 17, 31, 63, 85, 117, 23, 36, 7, 4, 91, 128, 25, 104, 41, 69, 84, 26, 77, 99, 68, 5, 100, 51, 28, 111, 11, 33, 13, 57, 103, 74, 12, 120, 71, 127, 8, 125, 27, 101, 87]
客户端数：80	时间：0.027581214904785156	客户端：[14, 70, 75, 98, 113, 78, 52, 94, 35, 73, 121, 32, 109, 16, 115, 34, 24, 105, 55, 83, 72, 118, 92, 29, 95, 122, 97, 15, 6, 106, 17, 31, 63, 85, 117, 23, 36, 7, 4, 91, 128, 25, 104, 41, 69, 84, 26, 77, 99, 68, 5, 100, 51, 28, 111, 11, 33, 13, 57, 103, 74, 12, 120, 71, 127, 8, 125, 27, 101, 87, 110, 44, 1, 86, 65, 47, 114, 79, 49, 50]
客户端数：90	时间：0.028573989868164062	客户端：[14, 70, 75, 98, 113, 78, 52, 94, 35, 73, 121, 32, 109, 16, 115, 34, 24, 105, 55, 83, 72, 118, 92, 29, 95, 122, 97, 15, 6, 106, 17, 31, 63, 85, 117, 23, 36, 7, 4, 91, 128, 25, 104, 41, 69, 84, 26, 77, 99, 68, 5, 100, 51, 28, 111, 11, 33, 13, 57, 103, 74, 12, 120, 71, 127, 8, 125, 27, 101, 87, 110, 44, 1, 86, 65, 47, 114, 79, 49, 50, 20, 18, 22, 93, 112, 66, 48, 56, 37, 96]
客户端数：100	时间：0.028573989868164062	客户端：[14, 70, 75, 98, 113, 78, 52, 94, 35, 73, 121, 32, 109, 16, 115, 34, 24, 105, 55, 83, 72, 118, 92, 29, 95, 122, 97, 15, 6, 106, 17, 31, 63, 85, 117, 23, 36, 7, 4, 91, 128, 25, 104, 41, 69, 84, 26, 77, 99, 68, 5, 100, 51, 28, 111, 11, 33, 13, 57, 103, 74, 12, 120, 71, 127, 8, 125, 27, 101, 87, 110, 44, 1, 86, 65, 47, 114, 79, 49, 50, 20, 18, 22, 93, 112, 66, 48, 56, 37, 96, 107, 45, 54, 10, 81, 102, 3, 58, 60, 38]
客户端数：110	时间：0.0295712947845459	客户端：[14, 70, 75, 98, 113, 78, 52, 94, 35, 73, 121, 32, 109, 16, 115, 34, 24, 105, 55, 83, 72, 118, 92, 29, 95, 122, 97, 15, 6, 106, 17, 31, 63, 85, 117, 23, 36, 7, 4, 91, 128, 25, 104, 41, 69, 84, 26, 77, 99, 68, 5, 100, 51, 28, 111, 11, 33, 13, 57, 103, 74, 12, 120, 71, 127, 8, 125, 27, 101, 87, 110, 44, 1, 86, 65, 47, 114, 79, 49, 50, 20, 18, 22, 93, 112, 66, 48, 56, 37, 96, 107, 45, 54, 10, 81, 102, 3, 58, 60, 38, 61, 39, 116, 76, 123, 82, 88, 90, 46, 67]
客户端数：120	时间：0.032557010650634766	客户端：[14, 70, 75, 98, 113, 78, 52, 94, 35, 73, 121, 32, 109, 16, 115, 34, 24, 105, 55, 83, 72, 118, 92, 29, 95, 122, 97, 15, 6, 106, 17, 31, 63, 85, 117, 23, 36, 7, 4, 91, 128, 25, 104, 41, 69, 84, 26, 77, 99, 68, 5, 100, 51, 28, 111, 11, 33, 13, 57, 103, 74, 12, 120, 71, 127, 8, 125, 27, 101, 87, 110, 44, 1, 86, 65, 47, 114, 79, 49, 50, 20, 18, 22, 93, 112, 66, 48, 56, 37, 96, 107, 45, 54, 10, 81, 102, 3, 58, 60, 38, 61, 39, 116, 76, 123, 82, 88, 90, 46, 67, 89, 80, 124, 53, 40, 19, 62, 108, 119, 59]
T3
客户端数：10	时间：14.24787187576294	客户端：[14, 70, 75, 98, 113, 78, 52, 94, 35, 73]
客户端数：20	时间：57.0615074634552	客户端：[14, 70, 75, 98, 113, 78, 52, 94, 35, 73, 121, 32, 109, 16, 115, 34, 24, 105, 55, 83]
客户端数：30	时间：129.73779559135437	客户端：[14, 70, 75, 98, 113, 78, 52, 94, 35, 73, 121, 32, 109, 16, 115, 34, 24, 105, 55, 83, 72, 118, 92, 29, 95, 122, 97, 15, 6, 106]
客户端数：40	时间：231.4385631084442	客户端：[14, 70, 75, 98, 113, 78, 52, 94, 35, 73, 121, 32, 109, 16, 115, 34, 24, 105, 55, 83, 72, 118, 92, 29, 95, 122, 97, 15, 6, 106, 17, 31, 63, 85, 117, 23, 36, 7, 4, 91]
客户端数：50	时间：363.54766726493835	客户端：[14, 70, 75, 98, 113, 78, 52, 94, 35, 73, 121, 32, 109, 16, 115, 34, 24, 105, 55, 83, 72, 118, 92, 29, 95, 122, 97, 15, 6, 106, 17, 31, 63, 85, 117, 23, 36, 7, 4, 91, 128, 25, 104, 41, 69, 84, 26, 77, 99, 68]
客户端数：60	时间：524.4911749362946	客户端：[14, 70, 75, 98, 113, 78, 52, 94, 35, 73, 121, 32, 109, 16, 115, 34, 24, 105, 55, 83, 72, 118, 92, 29, 95, 122, 97, 15, 6, 106, 17, 31, 63, 85, 117, 23, 36, 7, 4, 91, 128, 25, 104, 41, 69, 84, 26, 77, 99, 68, 5, 100, 51, 28, 111, 11, 33, 13, 57, 103]
客户端数：70	时间：712.9170379638672	客户端：[14, 70, 75, 98, 113, 78, 52, 94, 35, 73, 121, 32, 109, 16, 115, 34, 24, 105, 55, 83, 72, 118, 92, 29, 95, 122, 97, 15, 6, 106, 17, 31, 63, 85, 117, 23, 36, 7, 4, 91, 128, 25, 104, 41, 69, 84, 26, 77, 99, 68, 5, 100, 51, 28, 111, 11, 33, 13, 57, 103, 74, 12, 120, 71, 127, 8, 125, 27, 101, 87]
客户端数：80	时间：928.5641815662384	客户端：[14, 70, 75, 98, 113, 78, 52, 94, 35, 73, 121, 32, 109, 16, 115, 34, 24, 105, 55, 83, 72, 118, 92, 29, 95, 122, 97, 15, 6, 106, 17, 31, 63, 85, 117, 23, 36, 7, 4, 91, 128, 25, 104, 41, 69, 84, 26, 77, 99, 68, 5, 100, 51, 28, 111, 11, 33, 13, 57, 103, 74, 12, 120, 71, 127, 8, 125, 27, 101, 87, 110, 44, 1, 86, 65, 47, 114, 79, 49, 50]
客户端数：90	时间：1172.4184069633484	客户端：[14, 70, 75, 98, 113, 78, 52, 94, 35, 73, 121, 32, 109, 16, 115, 34, 24, 105, 55, 83, 72, 118, 92, 29, 95, 122, 97, 15, 6, 106, 17, 31, 63, 85, 117, 23, 36, 7, 4, 91, 128, 25, 104, 41, 69, 84, 26, 77, 99, 68, 5, 100, 51, 28, 111, 11, 33, 13, 57, 103, 74, 12, 120, 71, 127, 8, 125, 27, 101, 87, 110, 44, 1, 86, 65, 47, 114, 79, 49, 50, 20, 18, 22, 93, 112, 66, 48, 56, 37, 96]
客户端数：100	时间：1445.7663080692291	客户端：[14, 70, 75, 98, 113, 78, 52, 94, 35, 73, 121, 32, 109, 16, 115, 34, 24, 105, 55, 83, 72, 118, 92, 29, 95, 122, 97, 15, 6, 106, 17, 31, 63, 85, 117, 23, 36, 7, 4, 91, 128, 25, 104, 41, 69, 84, 26, 77, 99, 68, 5, 100, 51, 28, 111, 11, 33, 13, 57, 103, 74, 12, 120, 71, 127, 8, 125, 27, 101, 87, 110, 44, 1, 86, 65, 47, 114, 79, 49, 50, 20, 18, 22, 93, 112, 66, 48, 56, 37, 96, 107, 45, 54, 10, 81, 102, 3, 58, 60, 38]
客户端数：110	时间：1749.0383853912354	客户端：[14, 70, 75, 98, 113, 78, 52, 94, 35, 73, 121, 32, 109, 16, 115, 34, 24, 105, 55, 83, 72, 118, 92, 29, 95, 122, 97, 15, 6, 106, 17, 31, 63, 85, 117, 23, 36, 7, 4, 91, 128, 25, 104, 41, 69, 84, 26, 77, 99, 68, 5, 100, 51, 28, 111, 11, 33, 13, 57, 103, 74, 12, 120, 71, 127, 8, 125, 27, 101, 87, 110, 44, 1, 86, 65, 47, 114, 79, 49, 50, 20, 18, 22, 93, 112, 66, 48, 56, 37, 96, 107, 45, 54, 10, 81, 102, 3, 58, 60, 38, 61, 39, 116, 76, 123, 82, 88, 90, 46, 67]
客户端数：120	时间：2083.0676741600037	客户端：[14, 70, 75, 98, 113, 78, 52, 94, 35, 73, 121, 32, 109, 16, 115, 34, 24, 105, 55, 83, 72, 118, 92, 29, 95, 122, 97, 15, 6, 106, 17, 31, 63, 85, 117, 23, 36, 7, 4, 91, 128, 25, 104, 41, 69, 84, 26, 77, 99, 68, 5, 100, 51, 28, 111, 11, 33, 13, 57, 103, 74, 12, 120, 71, 127, 8, 125, 27, 101, 87, 110, 44, 1, 86, 65, 47, 114, 79, 49, 50, 20, 18, 22, 93, 112, 66, 48, 56, 37, 96, 107, 45, 54, 10, 81, 102, 3, 58, 60, 38, 61, 39, 116, 76, 123, 82, 88, 90, 46, 67, 89, 80, 124, 53, 40, 19, 62, 108, 119, 59]
BYTE
客户端数：10	字节数：3200000	客户端：[34, 15, 117, 68, 104, 118, 95, 36, 94, 116]
客户端数：20	字节数：6400000	客户端：[34, 15, 117, 68, 104, 118, 95, 36, 94, 116, 11, 76, 97, 77, 121, 17, 72, 75, 39, 63]
客户端数：30	字节数：9600000	客户端：[34, 15, 117, 68, 104, 118, 95, 36, 94, 116, 11, 76, 97, 77, 121, 17, 72, 75, 39, 63, 112, 89, 67, 87, 120, 128, 4, 8, 92, 102]
客户端数：40	字节数：12800000	客户端：[34, 15, 117, 68, 104, 118, 95, 36, 94, 116, 11, 76, 97, 77, 121, 17, 72, 75, 39, 63, 112, 89, 67, 87, 120, 128, 4, 8, 92, 102, 100, 96, 85, 44, 52, 3, 115, 127, 93, 71]
客户端数：50	字节数：16000000	客户端：[34, 15, 117, 68, 104, 118, 95, 36, 94, 116, 11, 76, 97, 77, 121, 17, 72, 75, 39, 63, 112, 89, 67, 87, 120, 128, 4, 8, 92, 102, 100, 96, 85, 44, 52, 3, 115, 127, 93, 71, 70, 119, 109, 37, 111, 33, 27, 10, 86, 59]
客户端数：60	字节数：19200000	客户端：[34, 15, 117, 68, 104, 118, 95, 36, 94, 116, 11, 76, 97, 77, 121, 17, 72, 75, 39, 63, 112, 89, 67, 87, 120, 128, 4, 8, 92, 102, 100, 96, 85, 44, 52, 3, 115, 127, 93, 71, 70, 119, 109, 37, 111, 33, 27, 10, 86, 59, 57, 78, 114, 56, 107, 29, 26, 74, 23, 80]
客户端数：70	字节数：22400000	客户端：[34, 15, 117, 68, 104, 118, 95, 36, 94, 116, 11, 76, 97, 77, 121, 17, 72, 75, 39, 63, 112, 89, 67, 87, 120, 128, 4, 8, 92, 102, 100, 96, 85, 44, 52, 3, 115, 127, 93, 71, 70, 119, 109, 37, 111, 33, 27, 10, 86, 59, 57, 78, 114, 56, 107, 29, 26, 74, 23, 80, 62, 7, 58, 105, 48, 14, 66, 101, 55, 122]
客户端数：80	字节数：25600000	客户端：[34, 15, 117, 68, 104, 118, 95, 36, 94, 116, 11, 76, 97, 77, 121, 17, 72, 75, 39, 63, 112, 89, 67, 87, 120, 128, 4, 8, 92, 102, 100, 96, 85, 44, 52, 3, 115, 127, 93, 71, 70, 119, 109, 37, 111, 33, 27, 10, 86, 59, 57, 78, 114, 56, 107, 29, 26, 74, 23, 80, 62, 7, 58, 105, 48, 14, 66, 101, 55, 122, 47, 113, 88, 5, 110, 31, 49, 20, 123, 60]
客户端数：90	字节数：28800000	客户端：[34, 15, 117, 68, 104, 118, 95, 36, 94, 116, 11, 76, 97, 77, 121, 17, 72, 75, 39, 63, 112, 89, 67, 87, 120, 128, 4, 8, 92, 102, 100, 96, 85, 44, 52, 3, 115, 127, 93, 71, 70, 119, 109, 37, 111, 33, 27, 10, 86, 59, 57, 78, 114, 56, 107, 29, 26, 74, 23, 80, 62, 7, 58, 105, 48, 14, 66, 101, 55, 122, 47, 113, 88, 5, 110, 31, 49, 20, 123, 60, 50, 6, 54, 16, 28, 1, 51, 32, 125, 90]
客户端数：100	字节数：32000000	客户端：[34, 15, 117, 68, 104, 118, 95, 36, 94, 116, 11, 76, 97, 77, 121, 17, 72, 75, 39, 63, 112, 89, 67, 87, 120, 128, 4, 8, 92, 102, 100, 96, 85, 44, 52, 3, 115, 127, 93, 71, 70, 119, 109, 37, 111, 33, 27, 10, 86, 59, 57, 78, 114, 56, 107, 29, 26, 74, 23, 80, 62, 7, 58, 105, 48, 14, 66, 101, 55, 122, 47, 113, 88, 5, 110, 31, 49, 20, 123, 60, 50, 6, 54, 16, 28, 1, 51, 32, 125, 90, 79, 91, 98, 13, 124, 41, 25, 35, 82, 83]
客户端数：110	字节数：35200000	客户端：[34, 15, 117, 68, 104, 118, 95, 36, 94, 116, 11, 76, 97, 77, 121, 17, 72, 75, 39, 63, 112, 89, 67, 87, 120, 128, 4, 8, 92, 102, 100, 96, 85, 44, 52, 3, 115, 127, 93, 71, 70, 119, 109, 37, 111, 33, 27, 10, 86, 59, 57, 78, 114, 56, 107, 29, 26, 74, 23, 80, 62, 7, 58, 105, 48, 14, 66, 101, 55, 122, 47, 113, 88, 5, 110, 31, 49, 20, 123, 60, 50, 6, 54, 16, 28, 1, 51, 32, 125, 90, 79, 91, 98, 13, 124, 41, 25, 35, 82, 83, 24, 12, 99, 45, 46, 69, 18, 81, 53, 73]
客户端数：120	字节数：38400000	客户端：[34, 15, 117, 68, 104, 118, 95, 36, 94, 116, 11, 76, 97, 77, 121, 17, 72, 75, 39, 63, 112, 89, 67, 87, 120, 128, 4, 8, 92, 102, 100, 96, 85, 44, 52, 3, 115, 127, 93, 71, 70, 119, 109, 37, 111, 33, 27, 10, 86, 59, 57, 78, 114, 56, 107, 29, 26, 74, 23, 80, 62, 7, 58, 105, 48, 14, 66, 101, 55, 122, 47, 113, 88, 5, 110, 31, 49, 20, 123, 60, 50, 6, 54, 16, 28, 1, 51, 32, 125, 90, 79, 91, 98, 13, 124, 41, 25, 35, 82, 83, 24, 12, 99, 45, 46, 69, 18, 81, 53, 73, 40, 61, 19, 106, 84, 22, 38, 65, 108, 103]
PRO_LEN：320000
score：0.9518095238095238
loss rate：0.04819047619047623
finished iteration：2023-01-01 00:01:47.991321

Number of rounds 3
T1
客户端数：10	时间：0.0044994354248046875	客户端：[94, 34, 73, 104, 72, 77, 68, 117, 51, 120]
客户端数：20	时间：0.007489919662475586	客户端：[94, 34, 73, 104, 72, 77, 68, 117, 51, 120, 11, 5, 31, 28, 103, 70, 29, 17, 95, 122]
客户端数：30	时间：0.010481834411621094	客户端：[94, 34, 73, 104, 72, 77, 68, 117, 51, 120, 11, 5, 31, 28, 103, 70, 29, 17, 95, 122, 74, 87, 55, 32, 7, 13, 35, 112, 15, 69]
客户端数：40	时间：0.0134735107421875	客户端：[94, 34, 73, 104, 72, 77, 68, 117, 51, 120, 11, 5, 31, 28, 103, 70, 29, 17, 95, 122, 74, 87, 55, 32, 7, 13, 35, 112, 15, 69, 106, 127, 85, 44, 100, 25, 91, 84, 41, 105]
客户端数：50	时间：0.017462491989135742	客户端：[94, 34, 73, 104, 72, 77, 68, 117, 51, 120, 11, 5, 31, 28, 103, 70, 29, 17, 95, 122, 74, 87, 55, 32, 7, 13, 35, 112, 15, 69, 106, 127, 85, 44, 100, 25, 91, 84, 41, 105, 6, 63, 111, 57, 99, 23, 56, 12, 47, 121]
客户端数：60	时间：0.019457340240478516	客户端：[94, 34, 73, 104, 72, 77, 68, 117, 51, 120, 11, 5, 31, 28, 103, 70, 29, 17, 95, 122, 74, 87, 55, 32, 7, 13, 35, 112, 15, 69, 106, 127, 85, 44, 100, 25, 91, 84, 41, 105, 6, 63, 111, 57, 99, 23, 56, 12, 47, 121, 18, 65, 22, 114, 37, 125, 49, 86, 52, 96]
客户端数：70	时间：0.022449731826782227	客户端：[94, 34, 73, 104, 72, 77, 68, 117, 51, 120, 11, 5, 31, 28, 103, 70, 29, 17, 95, 122, 74, 87, 55, 32, 7, 13, 35, 112, 15, 69, 106, 127, 85, 44, 100, 25, 91, 84, 41, 105, 6, 63, 111, 57, 99, 23, 56, 12, 47, 121, 18, 65, 22, 114, 37, 125, 49, 86, 52, 96, 33, 83, 102, 54, 45, 109, 81, 60, 10, 115]
客户端数：80	时间：0.02643871307373047	客户端：[94, 34, 73, 104, 72, 77, 68, 117, 51, 120, 11, 5, 31, 28, 103, 70, 29, 17, 95, 122, 74, 87, 55, 32, 7, 13, 35, 112, 15, 69, 106, 127, 85, 44, 100, 25, 91, 84, 41, 105, 6, 63, 111, 57, 99, 23, 56, 12, 47, 121, 18, 65, 22, 114, 37, 125, 49, 86, 52, 96, 33, 83, 102, 54, 45, 109, 81, 60, 10, 115, 61, 38, 58, 36, 92, 123, 116, 76, 107, 14]
客户端数：90	时间：0.029430627822875977	客户端：[94, 34, 73, 104, 72, 77, 68, 117, 51, 120, 11, 5, 31, 28, 103, 70, 29, 17, 95, 122, 74, 87, 55, 32, 7, 13, 35, 112, 15, 69, 106, 127, 85, 44, 100, 25, 91, 84, 41, 105, 6, 63, 111, 57, 99, 23, 56, 12, 47, 121, 18, 65, 22, 114, 37, 125, 49, 86, 52, 96, 33, 83, 102, 54, 45, 109, 81, 60, 10, 115, 61, 38, 58, 36, 92, 123, 116, 76, 107, 14, 39, 26, 82, 118, 20, 97, 93, 48, 50, 88]
客户端数：100	时间：0.03341841697692871	客户端：[94, 34, 73, 104, 72, 77, 68, 117, 51, 120, 11, 5, 31, 28, 103, 70, 29, 17, 95, 122, 74, 87, 55, 32, 7, 13, 35, 112, 15, 69, 106, 127, 85, 44, 100, 25, 91, 84, 41, 105, 6, 63, 111, 57, 99, 23, 56, 12, 47, 121, 18, 65, 22, 114, 37, 125, 49, 86, 52, 96, 33, 83, 102, 54, 45, 109, 81, 60, 10, 115, 61, 38, 58, 36, 92, 123, 116, 76, 107, 14, 39, 26, 82, 118, 20, 97, 93, 48, 50, 88, 128, 110, 90, 67, 79, 24, 3, 89, 4, 124]
客户端数：110	时间：0.037407875061035156	客户端：[94, 34, 73, 104, 72, 77, 68, 117, 51, 120, 11, 5, 31, 28, 103, 70, 29, 17, 95, 122, 74, 87, 55, 32, 7, 13, 35, 112, 15, 69, 106, 127, 85, 44, 100, 25, 91, 84, 41, 105, 6, 63, 111, 57, 99, 23, 56, 12, 47, 121, 18, 65, 22, 114, 37, 125, 49, 86, 52, 96, 33, 83, 102, 54, 45, 109, 81, 60, 10, 115, 61, 38, 58, 36, 92, 123, 116, 76, 107, 14, 39, 26, 82, 118, 20, 97, 93, 48, 50, 88, 128, 110, 90, 67, 79, 24, 3, 89, 4, 124, 80, 1, 53, 98, 16, 40, 27, 75, 62, 8]
客户端数：119	时间：0.03940296173095703	客户端：[94, 34, 73, 104, 72, 77, 68, 117, 51, 120, 11, 5, 31, 28, 103, 70, 29, 17, 95, 122, 74, 87, 55, 32, 7, 13, 35, 112, 15, 69, 106, 127, 85, 44, 100, 25, 91, 84, 41, 105, 6, 63, 111, 57, 99, 23, 56, 12, 47, 121, 18, 65, 22, 114, 37, 125, 49, 86, 52, 96, 33, 83, 102, 54, 45, 109, 81, 60, 10, 115, 61, 38, 58, 36, 92, 123, 116, 76, 107, 14, 39, 26, 82, 118, 20, 97, 93, 48, 50, 88, 128, 110, 90, 67, 79, 24, 3, 89, 4, 124, 80, 1, 53, 98, 16, 40, 27, 75, 62, 8, 78, 19, 46, 108, 66, 119, 71, 101, 59]
T2
客户端数：10	时间：0.003989219665527344	客户端：[39, 83, 35, 95, 70, 98, 109, 78, 94, 14]
客户端数：20	时间：0.006981611251831055	客户端：[39, 83, 35, 95, 70, 98, 109, 78, 94, 14, 122, 115, 73, 121, 34, 85, 92, 116, 105, 97]
客户端数：30	时间：0.008975744247436523	客户端：[39, 83, 35, 95, 70, 98, 109, 78, 94, 14, 122, 115, 73, 121, 34, 85, 92, 116, 105, 97, 29, 24, 106, 55, 15, 79, 63, 31, 6, 32]
客户端数：40	时间：0.011968135833740234	客户端：[39, 83, 35, 95, 70, 98, 109, 78, 94, 14, 122, 115, 73, 121, 34, 85, 92, 116, 105, 97, 29, 24, 106, 55, 15, 79, 63, 31, 6, 32, 60, 36, 23, 118, 104, 77, 7, 84, 26, 81]
客户端数：50	时间：0.013766765594482422	客户端：[39, 83, 35, 95, 70, 98, 109, 78, 94, 14, 122, 115, 73, 121, 34, 85, 92, 116, 105, 97, 29, 24, 106, 55, 15, 79, 63, 31, 6, 32, 60, 36, 23, 118, 104, 77, 7, 84, 26, 81, 4, 69, 108, 102, 125, 17, 49, 100, 28, 74]
客户端数：60	时间：0.01755380630493164	客户端：[39, 83, 35, 95, 70, 98, 109, 78, 94, 14, 122, 115, 73, 121, 34, 85, 92, 116, 105, 97, 29, 24, 106, 55, 15, 79, 63, 31, 6, 32, 60, 36, 23, 118, 104, 77, 7, 84, 26, 81, 4, 69, 108, 102, 125, 17, 49, 100, 28, 74, 51, 53, 12, 52, 57, 33, 38, 103, 11, 101]
客户端数：70	时间：0.01954483985900879	客户端：[39, 83, 35, 95, 70, 98, 109, 78, 94, 14, 122, 115, 73, 121, 34, 85, 92, 116, 105, 97, 29, 24, 106, 55, 15, 79, 63, 31, 6, 32, 60, 36, 23, 118, 104, 77, 7, 84, 26, 81, 4, 69, 108, 102, 125, 17, 49, 100, 28, 74, 51, 53, 12, 52, 57, 33, 38, 103, 11, 101, 54, 76, 93, 96, 71, 5, 110, 127, 19, 47]
客户端数：80	时间：0.023535490036010742	客户端：[39, 83, 35, 95, 70, 98, 109, 78, 94, 14, 122, 115, 73, 121, 34, 85, 92, 116, 105, 97, 29, 24, 106, 55, 15, 79, 63, 31, 6, 32, 60, 36, 23, 118, 104, 77, 7, 84, 26, 81, 4, 69, 108, 102, 125, 17, 49, 100, 28, 74, 51, 53, 12, 52, 57, 33, 38, 103, 11, 101, 54, 76, 93, 96, 71, 5, 110, 127, 19, 47, 25, 107, 66, 62, 27, 44, 72, 120, 124, 112]
客户端数：90	时间：0.024532556533813477	客户端：[39, 83, 35, 95, 70, 98, 109, 78, 94, 14, 122, 115, 73, 121, 34, 85, 92, 116, 105, 97, 29, 24, 106, 55, 15, 79, 63, 31, 6, 32, 60, 36, 23, 118, 104, 77, 7, 84, 26, 81, 4, 69, 108, 102, 125, 17, 49, 100, 28, 74, 51, 53, 12, 52, 57, 33, 38, 103, 11, 101, 54, 76, 93, 96, 71, 5, 110, 127, 19, 47, 25, 107, 66, 62, 27, 44, 72, 120, 124, 112, 82, 40, 58, 13, 18, 8, 16, 111, 80, 1]
客户端数：100	时间：0.024532556533813477	客户端：[39, 83, 35, 95, 70, 98, 109, 78, 94, 14, 122, 115, 73, 121, 34, 85, 92, 116, 105, 97, 29, 24, 106, 55, 15, 79, 63, 31, 6, 32, 60, 36, 23, 118, 104, 77, 7, 84, 26, 81, 4, 69, 108, 102, 125, 17, 49, 100, 28, 74, 51, 53, 12, 52, 57, 33, 38, 103, 11, 101, 54, 76, 93, 96, 71, 5, 110, 127, 19, 47, 25, 107, 66, 62, 27, 44, 72, 120, 124, 112, 82, 40, 58, 13, 18, 8, 16, 111, 80, 1, 123, 117, 114, 3, 99, 22, 89, 87, 46, 68]
客户端数：110	时间：0.027531862258911133	客户端：[39, 83, 35, 95, 70, 98, 109, 78, 94, 14, 122, 115, 73, 121, 34, 85, 92, 116, 105, 97, 29, 24, 106, 55, 15, 79, 63, 31, 6, 32, 60, 36, 23, 118, 104, 77, 7, 84, 26, 81, 4, 69, 108, 102, 125, 17, 49, 100, 28, 74, 51, 53, 12, 52, 57, 33, 38, 103, 11, 101, 54, 76, 93, 96, 71, 5, 110, 127, 19, 47, 25, 107, 66, 62, 27, 44, 72, 120, 124, 112, 82, 40, 58, 13, 18, 8, 16, 111, 80, 1, 123, 117, 114, 3, 99, 22, 89, 87, 46, 68, 45, 10, 128, 90, 61, 41, 88, 65, 37, 119]
客户端数：119	时间：0.032563209533691406	客户端：[39, 83, 35, 95, 70, 98, 109, 78, 94, 14, 122, 115, 73, 121, 34, 85, 92, 116, 105, 97, 29, 24, 106, 55, 15, 79, 63, 31, 6, 32, 60, 36, 23, 118, 104, 77, 7, 84, 26, 81, 4, 69, 108, 102, 125, 17, 49, 100, 28, 74, 51, 53, 12, 52, 57, 33, 38, 103, 11, 101, 54, 76, 93, 96, 71, 5, 110, 127, 19, 47, 25, 107, 66, 62, 27, 44, 72, 120, 124, 112, 82, 40, 58, 13, 18, 8, 16, 111, 80, 1, 123, 117, 114, 3, 99, 22, 89, 87, 46, 68, 45, 10, 128, 90, 61, 41, 88, 65, 37, 119, 86, 75, 67, 56, 91, 50, 48, 20, 59]
T3
客户端数：10	时间：16.163418769836426	客户端：[39, 83, 35, 95, 70, 98, 109, 78, 94, 14]
客户端数：20	时间：60.777740716934204	客户端：[39, 83, 35, 95, 70, 98, 109, 78, 94, 14, 122, 115, 73, 121, 34, 85, 92, 116, 105, 97]
客户端数：30	时间：132.64125180244446	客户端：[39, 83, 35, 95, 70, 98, 109, 78, 94, 14, 122, 115, 73, 121, 34, 85, 92, 116, 105, 97, 29, 24, 106, 55, 15, 79, 63, 31, 6, 32]
客户端数：40	时间：231.78302717208862	客户端：[39, 83, 35, 95, 70, 98, 109, 78, 94, 14, 122, 115, 73, 121, 34, 85, 92, 116, 105, 97, 29, 24, 106, 55, 15, 79, 63, 31, 6, 32, 60, 36, 23, 118, 104, 77, 7, 84, 26, 81]
客户端数：50	时间：357.45661187171936	客户端：[39, 83, 35, 95, 70, 98, 109, 78, 94, 14, 122, 115, 73, 121, 34, 85, 92, 116, 105, 97, 29, 24, 106, 55, 15, 79, 63, 31, 6, 32, 60, 36, 23, 118, 104, 77, 7, 84, 26, 81, 4, 69, 108, 102, 125, 17, 49, 100, 28, 74]
客户端数：60	时间：509.3891806602478	客户端：[39, 83, 35, 95, 70, 98, 109, 78, 94, 14, 122, 115, 73, 121, 34, 85, 92, 116, 105, 97, 29, 24, 106, 55, 15, 79, 63, 31, 6, 32, 60, 36, 23, 118, 104, 77, 7, 84, 26, 81, 4, 69, 108, 102, 125, 17, 49, 100, 28, 74, 51, 53, 12, 52, 57, 33, 38, 103, 11, 101]
客户端数：70	时间：688.1613411903381	客户端：[39, 83, 35, 95, 70, 98, 109, 78, 94, 14, 122, 115, 73, 121, 34, 85, 92, 116, 105, 97, 29, 24, 106, 55, 15, 79, 63, 31, 6, 32, 60, 36, 23, 118, 104, 77, 7, 84, 26, 81, 4, 69, 108, 102, 125, 17, 49, 100, 28, 74, 51, 53, 12, 52, 57, 33, 38, 103, 11, 101, 54, 76, 93, 96, 71, 5, 110, 127, 19, 47]
客户端数：80	时间：895.0134837627411	客户端：[39, 83, 35, 95, 70, 98, 109, 78, 94, 14, 122, 115, 73, 121, 34, 85, 92, 116, 105, 97, 29, 24, 106, 55, 15, 79, 63, 31, 6, 32, 60, 36, 23, 118, 104, 77, 7, 84, 26, 81, 4, 69, 108, 102, 125, 17, 49, 100, 28, 74, 51, 53, 12, 52, 57, 33, 38, 103, 11, 101, 54, 76, 93, 96, 71, 5, 110, 127, 19, 47, 25, 107, 66, 62, 27, 44, 72, 120, 124, 112]
客户端数：90	时间：1130.684762954712	客户端：[39, 83, 35, 95, 70, 98, 109, 78, 94, 14, 122, 115, 73, 121, 34, 85, 92, 116, 105, 97, 29, 24, 106, 55, 15, 79, 63, 31, 6, 32, 60, 36, 23, 118, 104, 77, 7, 84, 26, 81, 4, 69, 108, 102, 125, 17, 49, 100, 28, 74, 51, 53, 12, 52, 57, 33, 38, 103, 11, 101, 54, 76, 93, 96, 71, 5, 110, 127, 19, 47, 25, 107, 66, 62, 27, 44, 72, 120, 124, 112, 82, 40, 58, 13, 18, 8, 16, 111, 80, 1]
客户端数：100	时间：1392.9679174423218	客户端：[39, 83, 35, 95, 70, 98, 109, 78, 94, 14, 122, 115, 73, 121, 34, 85, 92, 116, 105, 97, 29, 24, 106, 55, 15, 79, 63, 31, 6, 32, 60, 36, 23, 118, 104, 77, 7, 84, 26, 81, 4, 69, 108, 102, 125, 17, 49, 100, 28, 74, 51, 53, 12, 52, 57, 33, 38, 103, 11, 101, 54, 76, 93, 96, 71, 5, 110, 127, 19, 47, 25, 107, 66, 62, 27, 44, 72, 120, 124, 112, 82, 40, 58, 13, 18, 8, 16, 111, 80, 1, 123, 117, 114, 3, 99, 22, 89, 87, 46, 68]
客户端数：110	时间：1684.8977007865906	客户端：[39, 83, 35, 95, 70, 98, 109, 78, 94, 14, 122, 115, 73, 121, 34, 85, 92, 116, 105, 97, 29, 24, 106, 55, 15, 79, 63, 31, 6, 32, 60, 36, 23, 118, 104, 77, 7, 84, 26, 81, 4, 69, 108, 102, 125, 17, 49, 100, 28, 74, 51, 53, 12, 52, 57, 33, 38, 103, 11, 101, 54, 76, 93, 96, 71, 5, 110, 127, 19, 47, 25, 107, 66, 62, 27, 44, 72, 120, 124, 112, 82, 40, 58, 13, 18, 8, 16, 111, 80, 1, 123, 117, 114, 3, 99, 22, 89, 87, 46, 68, 45, 10, 128, 90, 61, 41, 88, 65, 37, 119]
客户端数：119	时间：1972.420693397522	客户端：[39, 83, 35, 95, 70, 98, 109, 78, 94, 14, 122, 115, 73, 121, 34, 85, 92, 116, 105, 97, 29, 24, 106, 55, 15, 79, 63, 31, 6, 32, 60, 36, 23, 118, 104, 77, 7, 84, 26, 81, 4, 69, 108, 102, 125, 17, 49, 100, 28, 74, 51, 53, 12, 52, 57, 33, 38, 103, 11, 101, 54, 76, 93, 96, 71, 5, 110, 127, 19, 47, 25, 107, 66, 62, 27, 44, 72, 120, 124, 112, 82, 40, 58, 13, 18, 8, 16, 111, 80, 1, 123, 117, 114, 3, 99, 22, 89, 87, 46, 68, 45, 10, 128, 90, 61, 41, 88, 65, 37, 119, 86, 75, 67, 56, 91, 50, 48, 20, 59]
BYTE
客户端数：10	字节数：3200000	客户端：[94, 34, 73, 104, 72, 77, 68, 117, 51, 120]
客户端数：20	字节数：6400000	客户端：[94, 34, 73, 104, 72, 77, 68, 117, 51, 120, 11, 5, 31, 28, 103, 70, 29, 17, 95, 122]
客户端数：30	字节数：9600000	客户端：[94, 34, 73, 104, 72, 77, 68, 117, 51, 120, 11, 5, 31, 28, 103, 70, 29, 17, 95, 122, 74, 87, 55, 32, 7, 13, 35, 112, 15, 69]
客户端数：40	字节数：12800000	客户端：[94, 34, 73, 104, 72, 77, 68, 117, 51, 120, 11, 5, 31, 28, 103, 70, 29, 17, 95, 122, 74, 87, 55, 32, 7, 13, 35, 112, 15, 69, 106, 127, 85, 44, 100, 25, 91, 84, 41, 105]
客户端数：50	字节数：16000000	客户端：[94, 34, 73, 104, 72, 77, 68, 117, 51, 120, 11, 5, 31, 28, 103, 70, 29, 17, 95, 122, 74, 87, 55, 32, 7, 13, 35, 112, 15, 69, 106, 127, 85, 44, 100, 25, 91, 84, 41, 105, 6, 63, 111, 57, 99, 23, 56, 12, 47, 121]
客户端数：60	字节数：19200000	客户端：[94, 34, 73, 104, 72, 77, 68, 117, 51, 120, 11, 5, 31, 28, 103, 70, 29, 17, 95, 122, 74, 87, 55, 32, 7, 13, 35, 112, 15, 69, 106, 127, 85, 44, 100, 25, 91, 84, 41, 105, 6, 63, 111, 57, 99, 23, 56, 12, 47, 121, 18, 65, 22, 114, 37, 125, 49, 86, 52, 96]
客户端数：70	字节数：22400000	客户端：[94, 34, 73, 104, 72, 77, 68, 117, 51, 120, 11, 5, 31, 28, 103, 70, 29, 17, 95, 122, 74, 87, 55, 32, 7, 13, 35, 112, 15, 69, 106, 127, 85, 44, 100, 25, 91, 84, 41, 105, 6, 63, 111, 57, 99, 23, 56, 12, 47, 121, 18, 65, 22, 114, 37, 125, 49, 86, 52, 96, 33, 83, 102, 54, 45, 109, 81, 60, 10, 115]
客户端数：80	字节数：25600000	客户端：[94, 34, 73, 104, 72, 77, 68, 117, 51, 120, 11, 5, 31, 28, 103, 70, 29, 17, 95, 122, 74, 87, 55, 32, 7, 13, 35, 112, 15, 69, 106, 127, 85, 44, 100, 25, 91, 84, 41, 105, 6, 63, 111, 57, 99, 23, 56, 12, 47, 121, 18, 65, 22, 114, 37, 125, 49, 86, 52, 96, 33, 83, 102, 54, 45, 109, 81, 60, 10, 115, 61, 38, 58, 36, 92, 123, 116, 76, 107, 14]
客户端数：90	字节数：28800000	客户端：[94, 34, 73, 104, 72, 77, 68, 117, 51, 120, 11, 5, 31, 28, 103, 70, 29, 17, 95, 122, 74, 87, 55, 32, 7, 13, 35, 112, 15, 69, 106, 127, 85, 44, 100, 25, 91, 84, 41, 105, 6, 63, 111, 57, 99, 23, 56, 12, 47, 121, 18, 65, 22, 114, 37, 125, 49, 86, 52, 96, 33, 83, 102, 54, 45, 109, 81, 60, 10, 115, 61, 38, 58, 36, 92, 123, 116, 76, 107, 14, 39, 26, 82, 118, 20, 97, 93, 48, 50, 88]
客户端数：100	字节数：32000000	客户端：[94, 34, 73, 104, 72, 77, 68, 117, 51, 120, 11, 5, 31, 28, 103, 70, 29, 17, 95, 122, 74, 87, 55, 32, 7, 13, 35, 112, 15, 69, 106, 127, 85, 44, 100, 25, 91, 84, 41, 105, 6, 63, 111, 57, 99, 23, 56, 12, 47, 121, 18, 65, 22, 114, 37, 125, 49, 86, 52, 96, 33, 83, 102, 54, 45, 109, 81, 60, 10, 115, 61, 38, 58, 36, 92, 123, 116, 76, 107, 14, 39, 26, 82, 118, 20, 97, 93, 48, 50, 88, 128, 110, 90, 67, 79, 24, 3, 89, 4, 124]
客户端数：110	字节数：35200000	客户端：[94, 34, 73, 104, 72, 77, 68, 117, 51, 120, 11, 5, 31, 28, 103, 70, 29, 17, 95, 122, 74, 87, 55, 32, 7, 13, 35, 112, 15, 69, 106, 127, 85, 44, 100, 25, 91, 84, 41, 105, 6, 63, 111, 57, 99, 23, 56, 12, 47, 121, 18, 65, 22, 114, 37, 125, 49, 86, 52, 96, 33, 83, 102, 54, 45, 109, 81, 60, 10, 115, 61, 38, 58, 36, 92, 123, 116, 76, 107, 14, 39, 26, 82, 118, 20, 97, 93, 48, 50, 88, 128, 110, 90, 67, 79, 24, 3, 89, 4, 124, 80, 1, 53, 98, 16, 40, 27, 75, 62, 8]
客户端数：119	字节数：38080000	客户端：[94, 34, 73, 104, 72, 77, 68, 117, 51, 120, 11, 5, 31, 28, 103, 70, 29, 17, 95, 122, 74, 87, 55, 32, 7, 13, 35, 112, 15, 69, 106, 127, 85, 44, 100, 25, 91, 84, 41, 105, 6, 63, 111, 57, 99, 23, 56, 12, 47, 121, 18, 65, 22, 114, 37, 125, 49, 86, 52, 96, 33, 83, 102, 54, 45, 109, 81, 60, 10, 115, 61, 38, 58, 36, 92, 123, 116, 76, 107, 14, 39, 26, 82, 118, 20, 97, 93, 48, 50, 88, 128, 110, 90, 67, 79, 24, 3, 89, 4, 124, 80, 1, 53, 98, 16, 40, 27, 75, 62, 8, 78, 19, 46, 108, 66, 119, 71, 101, 59]
PRO_LEN：320000
score：0.9612698412698413
loss rate：0.038730158730158726
finished iteration：2023-01-01 00:02:19.609071

Number of rounds 4
T1
客户端数：10	时间：0.0039899349212646484	客户端：[34, 24, 104, 77, 31, 118, 63, 102, 28, 74]
客户端数：20	时间：0.004987001419067383	客户端：[34, 24, 104, 77, 31, 118, 63, 102, 28, 74, 54, 51, 94, 97, 17, 103, 5, 79, 29, 53]
客户端数：30	时间：0.006982564926147461	客户端：[34, 24, 104, 77, 31, 118, 63, 102, 28, 74, 54, 51, 94, 97, 17, 103, 5, 79, 29, 53, 120, 96, 70, 35, 14, 112, 109, 11, 124, 115]
客户端数：40	时间：0.008976459503173828	客户端：[34, 24, 104, 77, 31, 118, 63, 102, 28, 74, 54, 51, 94, 97, 17, 103, 5, 79, 29, 53, 120, 96, 70, 35, 14, 112, 109, 11, 124, 115, 32, 92, 8, 81, 52, 83, 84, 101, 6, 19]
客户端数：50	时间：0.012964725494384766	客户端：[34, 24, 104, 77, 31, 118, 63, 102, 28, 74, 54, 51, 94, 97, 17, 103, 5, 79, 29, 53, 120, 96, 70, 35, 14, 112, 109, 11, 124, 115, 32, 92, 8, 81, 52, 83, 84, 101, 6, 19, 7, 47, 106, 27, 49, 18, 110, 107, 93, 55]
客户端数：60	时间：0.013962507247924805	客户端：[34, 24, 104, 77, 31, 118, 63, 102, 28, 74, 54, 51, 94, 97, 17, 103, 5, 79, 29, 53, 120, 96, 70, 35, 14, 112, 109, 11, 124, 115, 32, 92, 8, 81, 52, 83, 84, 101, 6, 19, 7, 47, 106, 27, 49, 18, 110, 107, 93, 55, 33, 123, 82, 38, 125, 40, 72, 69, 121, 25]
客户端数：70	时间：0.015956640243530273	客户端：[34, 24, 104, 77, 31, 118, 63, 102, 28, 74, 54, 51, 94, 97, 17, 103, 5, 79, 29, 53, 120, 96, 70, 35, 14, 112, 109, 11, 124, 115, 32, 92, 8, 81, 52, 83, 84, 101, 6, 19, 7, 47, 106, 27, 49, 18, 110, 107, 93, 55, 33, 123, 82, 38, 125, 40, 72, 69, 121, 25, 66, 80, 111, 15, 1, 62, 85, 116, 78, 127]
客户端数：80	时间：0.01894974708557129	客户端：[34, 24, 104, 77, 31, 118, 63, 102, 28, 74, 54, 51, 94, 97, 17, 103, 5, 79, 29, 53, 120, 96, 70, 35, 14, 112, 109, 11, 124, 115, 32, 92, 8, 81, 52, 83, 84, 101, 6, 19, 7, 47, 106, 27, 49, 18, 110, 107, 93, 55, 33, 123, 82, 38, 125, 40, 72, 69, 121, 25, 66, 80, 111, 15, 1, 62, 85, 116, 78, 127, 76, 26, 89, 16, 99, 4, 71, 22, 100, 68]
客户端数：90	时间：0.023618221282958984	客户端：[34, 24, 104, 77, 31, 118, 63, 102, 28, 74, 54, 51, 94, 97, 17, 103, 5, 79, 29, 53, 120, 96, 70, 35, 14, 112, 109, 11, 124, 115, 32, 92, 8, 81, 52, 83, 84, 101, 6, 19, 7, 47, 106, 27, 49, 18, 110, 107, 93, 55, 33, 123, 82, 38, 125, 40, 72, 69, 121, 25, 66, 80, 111, 15, 1, 62, 85, 116, 78, 127, 76, 26, 89, 16, 99, 4, 71, 22, 100, 68, 46, 36, 117, 45, 60, 10, 13, 128, 61, 88]
客户端数：100	时间：0.024608850479125977	客户端：[34, 24, 104, 77, 31, 118, 63, 102, 28, 74, 54, 51, 94, 97, 17, 103, 5, 79, 29, 53, 120, 96, 70, 35, 14, 112, 109, 11, 124, 115, 32, 92, 8, 81, 52, 83, 84, 101, 6, 19, 7, 47, 106, 27, 49, 18, 110, 107, 93, 55, 33, 123, 82, 38, 125, 40, 72, 69, 121, 25, 66, 80, 111, 15, 1, 62, 85, 116, 78, 127, 76, 26, 89, 16, 99, 4, 71, 22, 100, 68, 46, 36, 117, 45, 60, 10, 13, 128, 61, 88, 37, 65, 41, 58, 108, 86, 114, 119, 23, 75]
客户端数：110	时间：0.02560591697692871	客户端：[34, 24, 104, 77, 31, 118, 63, 102, 28, 74, 54, 51, 94, 97, 17, 103, 5, 79, 29, 53, 120, 96, 70, 35, 14, 112, 109, 11, 124, 115, 32, 92, 8, 81, 52, 83, 84, 101, 6, 19, 7, 47, 106, 27, 49, 18, 110, 107, 93, 55, 33, 123, 82, 38, 125, 40, 72, 69, 121, 25, 66, 80, 111, 15, 1, 62, 85, 116, 78, 127, 76, 26, 89, 16, 99, 4, 71, 22, 100, 68, 46, 36, 117, 45, 60, 10, 13, 128, 61, 88, 37, 65, 41, 58, 108, 86, 114, 119, 23, 75, 67, 73, 105, 56, 91, 50, 57, 90, 39, 48]
客户端数：119	时间：0.0284731388092041	客户端：[34, 24, 104, 77, 31, 118, 63, 102, 28, 74, 54, 51, 94, 97, 17, 103, 5, 79, 29, 53, 120, 96, 70, 35, 14, 112, 109, 11, 124, 115, 32, 92, 8, 81, 52, 83, 84, 101, 6, 19, 7, 47, 106, 27, 49, 18, 110, 107, 93, 55, 33, 123, 82, 38, 125, 40, 72, 69, 121, 25, 66, 80, 111, 15, 1, 62, 85, 116, 78, 127, 76, 26, 89, 16, 99, 4, 71, 22, 100, 68, 46, 36, 117, 45, 60, 10, 13, 128, 61, 88, 37, 65, 41, 58, 108, 86, 114, 119, 23, 75, 67, 73, 105, 56, 91, 50, 57, 90, 39, 48, 122, 12, 95, 20, 3, 44, 87, 98, 59]
T2
客户端数：10	时间：0.0020477771759033203	客户端：[39, 35, 83, 78, 109, 75, 121, 16, 34, 115]
客户端数：20	时间：0.0030450820922851562	客户端：[39, 35, 83, 78, 109, 75, 121, 16, 34, 115, 52, 85, 105, 10, 24, 97, 29, 6, 79, 17]
客户端数：30	时间：0.008034944534301758	客户端：[39, 35, 83, 78, 109, 75, 121, 16, 34, 115, 52, 85, 105, 10, 24, 97, 29, 6, 79, 17, 63, 118, 95, 60, 32, 15, 81, 7, 36, 46]
客户端数：40	时间：0.01102900505065918	客户端：[39, 35, 83, 78, 109, 75, 121, 16, 34, 115, 52, 85, 105, 10, 24, 97, 29, 6, 79, 17, 63, 118, 95, 60, 32, 15, 81, 7, 36, 46, 84, 55, 77, 68, 41, 90, 69, 111, 14, 103]
客户端数：50	时间：0.016504526138305664	客户端：[39, 35, 83, 78, 109, 75, 121, 16, 34, 115, 52, 85, 105, 10, 24, 97, 29, 6, 79, 17, 63, 118, 95, 60, 32, 15, 81, 7, 36, 46, 84, 55, 77, 68, 41, 90, 69, 111, 14, 103, 117, 100, 120, 25, 108, 74, 33, 67, 28, 19]
客户端数：60	时间：0.02054429054260254	客户端：[39, 35, 83, 78, 109, 75, 121, 16, 34, 115, 52, 85, 105, 10, 24, 97, 29, 6, 79, 17, 63, 118, 95, 60, 32, 15, 81, 7, 36, 46, 84, 55, 77, 68, 41, 90, 69, 111, 14, 103, 117, 100, 120, 25, 108, 74, 33, 67, 28, 19, 116, 104, 38, 13, 99, 61, 86, 26, 76, 20]
客户端数：70	时间：0.023398399353027344	客户端：[39, 35, 83, 78, 109, 75, 121, 16, 34, 115, 52, 85, 105, 10, 24, 97, 29, 6, 79, 17, 63, 118, 95, 60, 32, 15, 81, 7, 36, 46, 84, 55, 77, 68, 41, 90, 69, 111, 14, 103, 117, 100, 120, 25, 108, 74, 33, 67, 28, 19, 116, 104, 38, 13, 99, 61, 86, 26, 76, 20, 127, 51, 44, 66, 40, 58, 45, 54, 72, 8]
客户端数：80	时间：0.026398181915283203	客户端：[39, 35, 83, 78, 109, 75, 121, 16, 34, 115, 52, 85, 105, 10, 24, 97, 29, 6, 79, 17, 63, 118, 95, 60, 32, 15, 81, 7, 36, 46, 84, 55, 77, 68, 41, 90, 69, 111, 14, 103, 117, 100, 120, 25, 108, 74, 33, 67, 28, 19, 116, 104, 38, 13, 99, 61, 86, 26, 76, 20, 127, 51, 44, 66, 40, 58, 45, 54, 72, 8, 96, 123, 37, 82, 70, 80, 18, 59, 3, 101]
客户端数：90	时间：0.027390718460083008	客户端：[39, 35, 83, 78, 109, 75, 121, 16, 34, 115, 52, 85, 105, 10, 24, 97, 29, 6, 79, 17, 63, 118, 95, 60, 32, 15, 81, 7, 36, 46, 84, 55, 77, 68, 41, 90, 69, 111, 14, 103, 117, 100, 120, 25, 108, 74, 33, 67, 28, 19, 116, 104, 38, 13, 99, 61, 86, 26, 76, 20, 127, 51, 44, 66, 40, 58, 45, 54, 72, 8, 96, 123, 37, 82, 70, 80, 18, 59, 3, 101, 93, 125, 112, 88, 49, 48, 92, 56, 27, 5]
客户端数：100	时间：0.029385089874267578	客户端：[39, 35, 83, 78, 109, 75, 121, 16, 34, 115, 52, 85, 105, 10, 24, 97, 29, 6, 79, 17, 63, 118, 95, 60, 32, 15, 81, 7, 36, 46, 84, 55, 77, 68, 41, 90, 69, 111, 14, 103, 117, 100, 120, 25, 108, 74, 33, 67, 28, 19, 116, 104, 38, 13, 99, 61, 86, 26, 76, 20, 127, 51, 44, 66, 40, 58, 45, 54, 72, 8, 96, 123, 37, 82, 70, 80, 18, 59, 3, 101, 93, 125, 112, 88, 49, 48, 92, 56, 27, 5, 23, 94, 22, 98, 1, 119, 12, 107, 65, 73]
客户端数：110	时间：0.03038191795349121	客户端：[39, 35, 83, 78, 109, 75, 121, 16, 34, 115, 52, 85, 105, 10, 24, 97, 29, 6, 79, 17, 63, 118, 95, 60, 32, 15, 81, 7, 36, 46, 84, 55, 77, 68, 41, 90, 69, 111, 14, 103, 117, 100, 120, 25, 108, 74, 33, 67, 28, 19, 116, 104, 38, 13, 99, 61, 86, 26, 76, 20, 127, 51, 44, 66, 40, 58, 45, 54, 72, 8, 96, 123, 37, 82, 70, 80, 18, 59, 3, 101, 93, 125, 112, 88, 49, 48, 92, 56, 27, 5, 23, 94, 22, 98, 1, 119, 12, 107, 65, 73, 89, 106, 128, 102, 50, 114, 57, 4, 91, 122]
客户端数：119	时间：0.03237318992614746	客户端：[39, 35, 83, 78, 109, 75, 121, 16, 34, 115, 52, 85, 105, 10, 24, 97, 29, 6, 79, 17, 63, 118, 95, 60, 32, 15, 81, 7, 36, 46, 84, 55, 77, 68, 41, 90, 69, 111, 14, 103, 117, 100, 120, 25, 108, 74, 33, 67, 28, 19, 116, 104, 38, 13, 99, 61, 86, 26, 76, 20, 127, 51, 44, 66, 40, 58, 45, 54, 72, 8, 96, 123, 37, 82, 70, 80, 18, 59, 3, 101, 93, 125, 112, 88, 49, 48, 92, 56, 27, 5, 23, 94, 22, 98, 1, 119, 12, 107, 65, 73, 89, 106, 128, 102, 50, 114, 57, 4, 91, 122, 110, 71, 62, 11, 31, 53, 87, 124, 47]
T3
客户端数：10	时间：13.145762205123901	客户端：[39, 35, 83, 78, 109, 75, 121, 16, 34, 115]
客户端数：20	时间：53.84890341758728	客户端：[39, 35, 83, 78, 109, 75, 121, 16, 34, 115, 52, 85, 105, 10, 24, 97, 29, 6, 79, 17]
客户端数：30	时间：122.39234232902527	客户端：[39, 35, 83, 78, 109, 75, 121, 16, 34, 115, 52, 85, 105, 10, 24, 97, 29, 6, 79, 17, 63, 118, 95, 60, 32, 15, 81, 7, 36, 46]
客户端数：40	时间：220.1461534500122	客户端：[39, 35, 83, 78, 109, 75, 121, 16, 34, 115, 52, 85, 105, 10, 24, 97, 29, 6, 79, 17, 63, 118, 95, 60, 32, 15, 81, 7, 36, 46, 84, 55, 77, 68, 41, 90, 69, 111, 14, 103]
客户端数：50	时间：345.656866312027	客户端：[39, 35, 83, 78, 109, 75, 121, 16, 34, 115, 52, 85, 105, 10, 24, 97, 29, 6, 79, 17, 63, 118, 95, 60, 32, 15, 81, 7, 36, 46, 84, 55, 77, 68, 41, 90, 69, 111, 14, 103, 117, 100, 120, 25, 108, 74, 33, 67, 28, 19]
客户端数：60	时间：498.5427725315094	客户端：[39, 35, 83, 78, 109, 75, 121, 16, 34, 115, 52, 85, 105, 10, 24, 97, 29, 6, 79, 17, 63, 118, 95, 60, 32, 15, 81, 7, 36, 46, 84, 55, 77, 68, 41, 90, 69, 111, 14, 103, 117, 100, 120, 25, 108, 74, 33, 67, 28, 19, 116, 104, 38, 13, 99, 61, 86, 26, 76, 20]
客户端数：70	时间：679.5219492912292	客户端：[39, 35, 83, 78, 109, 75, 121, 16, 34, 115, 52, 85, 105, 10, 24, 97, 29, 6, 79, 17, 63, 118, 95, 60, 32, 15, 81, 7, 36, 46, 84, 55, 77, 68, 41, 90, 69, 111, 14, 103, 117, 100, 120, 25, 108, 74, 33, 67, 28, 19, 116, 104, 38, 13, 99, 61, 86, 26, 76, 20, 127, 51, 44, 66, 40, 58, 45, 54, 72, 8]
客户端数：80	时间：888.1135091781616	客户端：[39, 35, 83, 78, 109, 75, 121, 16, 34, 115, 52, 85, 105, 10, 24, 97, 29, 6, 79, 17, 63, 118, 95, 60, 32, 15, 81, 7, 36, 46, 84, 55, 77, 68, 41, 90, 69, 111, 14, 103, 117, 100, 120, 25, 108, 74, 33, 67, 28, 19, 116, 104, 38, 13, 99, 61, 86, 26, 76, 20, 127, 51, 44, 66, 40, 58, 45, 54, 72, 8, 96, 123, 37, 82, 70, 80, 18, 59, 3, 101]
客户端数：90	时间：1124.1245296001434	客户端：[39, 35, 83, 78, 109, 75, 121, 16, 34, 115, 52, 85, 105, 10, 24, 97, 29, 6, 79, 17, 63, 118, 95, 60, 32, 15, 81, 7, 36, 46, 84, 55, 77, 68, 41, 90, 69, 111, 14, 103, 117, 100, 120, 25, 108, 74, 33, 67, 28, 19, 116, 104, 38, 13, 99, 61, 86, 26, 76, 20, 127, 51, 44, 66, 40, 58, 45, 54, 72, 8, 96, 123, 37, 82, 70, 80, 18, 59, 3, 101, 93, 125, 112, 88, 49, 48, 92, 56, 27, 5]
客户端数：100	时间：1386.4473350048065	客户端：[39, 35, 83, 78, 109, 75, 121, 16, 34, 115, 52, 85, 105, 10, 24, 97, 29, 6, 79, 17, 63, 118, 95, 60, 32, 15, 81, 7, 36, 46, 84, 55, 77, 68, 41, 90, 69, 111, 14, 103, 117, 100, 120, 25, 108, 74, 33, 67, 28, 19, 116, 104, 38, 13, 99, 61, 86, 26, 76, 20, 127, 51, 44, 66, 40, 58, 45, 54, 72, 8, 96, 123, 37, 82, 70, 80, 18, 59, 3, 101, 93, 125, 112, 88, 49, 48, 92, 56, 27, 5, 23, 94, 22, 98, 1, 119, 12, 107, 65, 73]
客户端数：110	时间：1676.5632898807526	客户端：[39, 35, 83, 78, 109, 75, 121, 16, 34, 115, 52, 85, 105, 10, 24, 97, 29, 6, 79, 17, 63, 118, 95, 60, 32, 15, 81, 7, 36, 46, 84, 55, 77, 68, 41, 90, 69, 111, 14, 103, 117, 100, 120, 25, 108, 74, 33, 67, 28, 19, 116, 104, 38, 13, 99, 61, 86, 26, 76, 20, 127, 51, 44, 66, 40, 58, 45, 54, 72, 8, 96, 123, 37, 82, 70, 80, 18, 59, 3, 101, 93, 125, 112, 88, 49, 48, 92, 56, 27, 5, 23, 94, 22, 98, 1, 119, 12, 107, 65, 73, 89, 106, 128, 102, 50, 114, 57, 4, 91, 122]
客户端数：119	时间：1961.124957561493	客户端：[39, 35, 83, 78, 109, 75, 121, 16, 34, 115, 52, 85, 105, 10, 24, 97, 29, 6, 79, 17, 63, 118, 95, 60, 32, 15, 81, 7, 36, 46, 84, 55, 77, 68, 41, 90, 69, 111, 14, 103, 117, 100, 120, 25, 108, 74, 33, 67, 28, 19, 116, 104, 38, 13, 99, 61, 86, 26, 76, 20, 127, 51, 44, 66, 40, 58, 45, 54, 72, 8, 96, 123, 37, 82, 70, 80, 18, 59, 3, 101, 93, 125, 112, 88, 49, 48, 92, 56, 27, 5, 23, 94, 22, 98, 1, 119, 12, 107, 65, 73, 89, 106, 128, 102, 50, 114, 57, 4, 91, 122, 110, 71, 62, 11, 31, 53, 87, 124, 47]
BYTE
客户端数：10	字节数：3200000	客户端：[34, 24, 104, 77, 31, 118, 63, 102, 28, 74]
客户端数：20	字节数：6400000	客户端：[34, 24, 104, 77, 31, 118, 63, 102, 28, 74, 54, 51, 94, 97, 17, 103, 5, 79, 29, 53]
客户端数：30	字节数：9600000	客户端：[34, 24, 104, 77, 31, 118, 63, 102, 28, 74, 54, 51, 94, 97, 17, 103, 5, 79, 29, 53, 120, 96, 70, 35, 14, 112, 109, 11, 124, 115]
客户端数：40	字节数：12800000	客户端：[34, 24, 104, 77, 31, 118, 63, 102, 28, 74, 54, 51, 94, 97, 17, 103, 5, 79, 29, 53, 120, 96, 70, 35, 14, 112, 109, 11, 124, 115, 32, 92, 8, 81, 52, 83, 84, 101, 6, 19]
客户端数：50	字节数：16000000	客户端：[34, 24, 104, 77, 31, 118, 63, 102, 28, 74, 54, 51, 94, 97, 17, 103, 5, 79, 29, 53, 120, 96, 70, 35, 14, 112, 109, 11, 124, 115, 32, 92, 8, 81, 52, 83, 84, 101, 6, 19, 7, 47, 106, 27, 49, 18, 110, 107, 93, 55]
客户端数：60	字节数：19200000	客户端：[34, 24, 104, 77, 31, 118, 63, 102, 28, 74, 54, 51, 94, 97, 17, 103, 5, 79, 29, 53, 120, 96, 70, 35, 14, 112, 109, 11, 124, 115, 32, 92, 8, 81, 52, 83, 84, 101, 6, 19, 7, 47, 106, 27, 49, 18, 110, 107, 93, 55, 33, 123, 82, 38, 125, 40, 72, 69, 121, 25]
客户端数：70	字节数：22400000	客户端：[34, 24, 104, 77, 31, 118, 63, 102, 28, 74, 54, 51, 94, 97, 17, 103, 5, 79, 29, 53, 120, 96, 70, 35, 14, 112, 109, 11, 124, 115, 32, 92, 8, 81, 52, 83, 84, 101, 6, 19, 7, 47, 106, 27, 49, 18, 110, 107, 93, 55, 33, 123, 82, 38, 125, 40, 72, 69, 121, 25, 66, 80, 111, 15, 1, 62, 85, 116, 78, 127]
客户端数：80	字节数：25600000	客户端：[34, 24, 104, 77, 31, 118, 63, 102, 28, 74, 54, 51, 94, 97, 17, 103, 5, 79, 29, 53, 120, 96, 70, 35, 14, 112, 109, 11, 124, 115, 32, 92, 8, 81, 52, 83, 84, 101, 6, 19, 7, 47, 106, 27, 49, 18, 110, 107, 93, 55, 33, 123, 82, 38, 125, 40, 72, 69, 121, 25, 66, 80, 111, 15, 1, 62, 85, 116, 78, 127, 76, 26, 89, 16, 99, 4, 71, 22, 100, 68]
客户端数：90	字节数：28800000	客户端：[34, 24, 104, 77, 31, 118, 63, 102, 28, 74, 54, 51, 94, 97, 17, 103, 5, 79, 29, 53, 120, 96, 70, 35, 14, 112, 109, 11, 124, 115, 32, 92, 8, 81, 52, 83, 84, 101, 6, 19, 7, 47, 106, 27, 49, 18, 110, 107, 93, 55, 33, 123, 82, 38, 125, 40, 72, 69, 121, 25, 66, 80, 111, 15, 1, 62, 85, 116, 78, 127, 76, 26, 89, 16, 99, 4, 71, 22, 100, 68, 46, 36, 117, 45, 60, 10, 13, 128, 61, 88]
客户端数：100	字节数：32000000	客户端：[34, 24, 104, 77, 31, 118, 63, 102, 28, 74, 54, 51, 94, 97, 17, 103, 5, 79, 29, 53, 120, 96, 70, 35, 14, 112, 109, 11, 124, 115, 32, 92, 8, 81, 52, 83, 84, 101, 6, 19, 7, 47, 106, 27, 49, 18, 110, 107, 93, 55, 33, 123, 82, 38, 125, 40, 72, 69, 121, 25, 66, 80, 111, 15, 1, 62, 85, 116, 78, 127, 76, 26, 89, 16, 99, 4, 71, 22, 100, 68, 46, 36, 117, 45, 60, 10, 13, 128, 61, 88, 37, 65, 41, 58, 108, 86, 114, 119, 23, 75]
客户端数：110	字节数：35200000	客户端：[34, 24, 104, 77, 31, 118, 63, 102, 28, 74, 54, 51, 94, 97, 17, 103, 5, 79, 29, 53, 120, 96, 70, 35, 14, 112, 109, 11, 124, 115, 32, 92, 8, 81, 52, 83, 84, 101, 6, 19, 7, 47, 106, 27, 49, 18, 110, 107, 93, 55, 33, 123, 82, 38, 125, 40, 72, 69, 121, 25, 66, 80, 111, 15, 1, 62, 85, 116, 78, 127, 76, 26, 89, 16, 99, 4, 71, 22, 100, 68, 46, 36, 117, 45, 60, 10, 13, 128, 61, 88, 37, 65, 41, 58, 108, 86, 114, 119, 23, 75, 67, 73, 105, 56, 91, 50, 57, 90, 39, 48]
客户端数：119	字节数：38080000	客户端：[34, 24, 104, 77, 31, 118, 63, 102, 28, 74, 54, 51, 94, 97, 17, 103, 5, 79, 29, 53, 120, 96, 70, 35, 14, 112, 109, 11, 124, 115, 32, 92, 8, 81, 52, 83, 84, 101, 6, 19, 7, 47, 106, 27, 49, 18, 110, 107, 93, 55, 33, 123, 82, 38, 125, 40, 72, 69, 121, 25, 66, 80, 111, 15, 1, 62, 85, 116, 78, 127, 76, 26, 89, 16, 99, 4, 71, 22, 100, 68, 46, 36, 117, 45, 60, 10, 13, 128, 61, 88, 37, 65, 41, 58, 108, 86, 114, 119, 23, 75, 67, 73, 105, 56, 91, 50, 57, 90, 39, 48, 122, 12, 95, 20, 3, 44, 87, 98, 59]
PRO_LEN：320000
score：0.9657777777777777
loss rate：0.034222222222222265
finished iteration：2023-01-01 00:02:42.459078

Number of rounds 5
T1
客户端数：10	时间：0.0009980201721191406	客户端：[34, 15, 24, 68, 118, 17, 77, 120, 32, 52]
客户端数：20	时间：0.003990650177001953	客户端：[34, 15, 24, 68, 118, 17, 77, 120, 32, 52, 103, 121, 79, 116, 76, 54, 123, 8, 29, 28]
客户端数：30	时间：0.006982088088989258	客户端：[34, 15, 24, 68, 118, 17, 77, 120, 32, 52, 103, 121, 79, 116, 76, 54, 123, 8, 29, 28, 67, 81, 104, 96, 117, 13, 72, 115, 112, 36]
客户端数：40	时间：0.00897669792175293	客户端：[34, 15, 24, 68, 118, 17, 77, 120, 32, 52, 103, 121, 79, 116, 76, 54, 123, 8, 29, 28, 67, 81, 104, 96, 117, 13, 72, 115, 112, 36, 85, 14, 127, 44, 83, 38, 18, 105, 46, 61]
客户端数：50	时间：0.01196908950805664	客户端：[34, 15, 24, 68, 118, 17, 77, 120, 32, 52, 103, 121, 79, 116, 76, 54, 123, 8, 29, 28, 67, 81, 104, 96, 117, 13, 72, 115, 112, 36, 85, 14, 127, 44, 83, 38, 18, 105, 46, 61, 111, 26, 88, 109, 5, 70, 25, 27, 10, 56]
客户端数：60	时间：0.013962984085083008	客户端：[34, 15, 24, 68, 118, 17, 77, 120, 32, 52, 103, 121, 79, 116, 76, 54, 123, 8, 29, 28, 67, 81, 104, 96, 117, 13, 72, 115, 112, 36, 85, 14, 127, 44, 83, 38, 18, 105, 46, 61, 111, 26, 88, 109, 5, 70, 25, 27, 10, 56, 49, 99, 92, 37, 48, 3, 19, 101, 58, 66]
客户端数：70	时间：0.015958070755004883	客户端：[34, 15, 24, 68, 118, 17, 77, 120, 32, 52, 103, 121, 79, 116, 76, 54, 123, 8, 29, 28, 67, 81, 104, 96, 117, 13, 72, 115, 112, 36, 85, 14, 127, 44, 83, 38, 18, 105, 46, 61, 111, 26, 88, 109, 5, 70, 25, 27, 10, 56, 49, 99, 92, 37, 48, 3, 19, 101, 58, 66, 39, 82, 69, 33, 94, 22, 23, 20, 98, 80]
客户端数：80	时间：0.017952919006347656	客户端：[34, 15, 24, 68, 118, 17, 77, 120, 32, 52, 103, 121, 79, 116, 76, 54, 123, 8, 29, 28, 67, 81, 104, 96, 117, 13, 72, 115, 112, 36, 85, 14, 127, 44, 83, 38, 18, 105, 46, 61, 111, 26, 88, 109, 5, 70, 25, 27, 10, 56, 49, 99, 92, 37, 48, 3, 19, 101, 58, 66, 39, 82, 69, 33, 94, 22, 23, 20, 98, 80, 84, 6, 63, 119, 12, 16, 107, 89, 73, 128]
客户端数：90	时间：0.020944833755493164	客户端：[34, 15, 24, 68, 118, 17, 77, 120, 32, 52, 103, 121, 79, 116, 76, 54, 123, 8, 29, 28, 67, 81, 104, 96, 117, 13, 72, 115, 112, 36, 85, 14, 127, 44, 83, 38, 18, 105, 46, 61, 111, 26, 88, 109, 5, 70, 25, 27, 10, 56, 49, 99, 92, 37, 48, 3, 19, 101, 58, 66, 39, 82, 69, 33, 94, 22, 23, 20, 98, 80, 84, 6, 63, 119, 12, 16, 107, 89, 73, 128, 1, 93, 102, 75, 106, 7, 40, 50, 114, 59]
客户端数：100	时间：0.022939205169677734	客户端：[34, 15, 24, 68, 118, 17, 77, 120, 32, 52, 103, 121, 79, 116, 76, 54, 123, 8, 29, 28, 67, 81, 104, 96, 117, 13, 72, 115, 112, 36, 85, 14, 127, 44, 83, 38, 18, 105, 46, 61, 111, 26, 88, 109, 5, 70, 25, 27, 10, 56, 49, 99, 92, 37, 48, 3, 19, 101, 58, 66, 39, 82, 69, 33, 94, 22, 23, 20, 98, 80, 84, 6, 63, 119, 12, 16, 107, 89, 73, 128, 1, 93, 102, 75, 106, 7, 40, 50, 114, 59, 55, 97, 74, 91, 125, 110, 65, 100, 122, 71]
客户端数：110	时间：0.024933815002441406	客户端：[34, 15, 24, 68, 118, 17, 77, 120, 32, 52, 103, 121, 79, 116, 76, 54, 123, 8, 29, 28, 67, 81, 104, 96, 117, 13, 72, 115, 112, 36, 85, 14, 127, 44, 83, 38, 18, 105, 46, 61, 111, 26, 88, 109, 5, 70, 25, 27, 10, 56, 49, 99, 92, 37, 48, 3, 19, 101, 58, 66, 39, 82, 69, 33, 94, 22, 23, 20, 98, 80, 84, 6, 63, 119, 12, 16, 107, 89, 73, 128, 1, 93, 102, 75, 106, 7, 40, 50, 114, 59, 55, 97, 74, 91, 125, 110, 65, 100, 122, 71, 11, 60, 62, 41, 95, 31, 45, 108, 87, 35]
客户端数：117	时间：0.027920961380004883	客户端：[34, 15, 24, 68, 118, 17, 77, 120, 32, 52, 103, 121, 79, 116, 76, 54, 123, 8, 29, 28, 67, 81, 104, 96, 117, 13, 72, 115, 112, 36, 85, 14, 127, 44, 83, 38, 18, 105, 46, 61, 111, 26, 88, 109, 5, 70, 25, 27, 10, 56, 49, 99, 92, 37, 48, 3, 19, 101, 58, 66, 39, 82, 69, 33, 94, 22, 23, 20, 98, 80, 84, 6, 63, 119, 12, 16, 107, 89, 73, 128, 1, 93, 102, 75, 106, 7, 40, 50, 114, 59, 55, 97, 74, 91, 125, 110, 65, 100, 122, 71, 11, 60, 62, 41, 95, 31, 45, 108, 87, 35, 78, 4, 124, 51, 47, 53, 90]
T2
客户端数：10	时间：0.002466917037963867	客户端：[14, 39, 35, 95, 98, 78, 109, 73, 52, 70]
客户端数：20	时间：0.002466917037963867	客户端：[14, 39, 35, 95, 98, 78, 109, 73, 52, 70, 94, 117, 32, 121, 16, 122, 85, 34, 92, 72]
客户端数：30	时间：0.0034637451171875	客户端：[14, 39, 35, 95, 98, 78, 109, 73, 52, 70, 94, 117, 32, 121, 16, 122, 85, 34, 92, 72, 75, 79, 63, 118, 29, 15, 17, 31, 106, 53]
客户端数：40	时间：0.005967855453491211	客户端：[14, 39, 35, 95, 98, 78, 109, 73, 52, 70, 94, 117, 32, 121, 16, 122, 85, 34, 92, 72, 75, 79, 63, 118, 29, 15, 17, 31, 106, 53, 81, 91, 46, 26, 77, 83, 23, 102, 60, 105]
客户端数：50	时间：0.008973121643066406	客户端：[14, 39, 35, 95, 98, 78, 109, 73, 52, 70, 94, 117, 32, 121, 16, 122, 85, 34, 92, 72, 75, 79, 63, 118, 29, 15, 17, 31, 106, 53, 81, 91, 46, 26, 77, 83, 23, 102, 60, 105, 68, 7, 125, 89, 61, 36, 28, 100, 51, 97]
客户端数：60	时间：0.008973121643066406	客户端：[14, 39, 35, 95, 98, 78, 109, 73, 52, 70, 94, 117, 32, 121, 16, 122, 85, 34, 92, 72, 75, 79, 63, 118, 29, 15, 17, 31, 106, 53, 81, 91, 46, 26, 77, 83, 23, 102, 60, 105, 68, 7, 125, 89, 61, 36, 28, 100, 51, 97, 74, 90, 5, 13, 19, 120, 33, 38, 48, 25]
客户端数：70	时间：0.009970664978027344	客户端：[14, 39, 35, 95, 98, 78, 109, 73, 52, 70, 94, 117, 32, 121, 16, 122, 85, 34, 92, 72, 75, 79, 63, 118, 29, 15, 17, 31, 106, 53, 81, 91, 46, 26, 77, 83, 23, 102, 60, 105, 68, 7, 125, 89, 61, 36, 28, 100, 51, 97, 74, 90, 5, 13, 19, 120, 33, 38, 48, 25, 11, 99, 69, 103, 123, 10, 110, 47, 49, 44]
客户端数：80	时间：0.011967182159423828	客户端：[14, 39, 35, 95, 98, 78, 109, 73, 52, 70, 94, 117, 32, 121, 16, 122, 85, 34, 92, 72, 75, 79, 63, 118, 29, 15, 17, 31, 106, 53, 81, 91, 46, 26, 77, 83, 23, 102, 60, 105, 68, 7, 125, 89, 61, 36, 28, 100, 51, 97, 74, 90, 5, 13, 19, 120, 33, 38, 48, 25, 11, 99, 69, 103, 123, 10, 110, 47, 49, 44, 124, 58, 6, 88, 66, 87, 112, 37, 93, 24]
客户端数：90	时间：0.012964963912963867	客户端：[14, 39, 35, 95, 98, 78, 109, 73, 52, 70, 94, 117, 32, 121, 16, 122, 85, 34, 92, 72, 75, 79, 63, 118, 29, 15, 17, 31, 106, 53, 81, 91, 46, 26, 77, 83, 23, 102, 60, 105, 68, 7, 125, 89, 61, 36, 28, 100, 51, 97, 74, 90, 5, 13, 19, 120, 33, 38, 48, 25, 11, 99, 69, 103, 123, 10, 110, 47, 49, 44, 124, 58, 6, 88, 66, 87, 112, 37, 93, 24, 65, 127, 54, 108, 20, 4, 96, 50, 22, 101]
客户端数：100	时间：0.013962268829345703	客户端：[14, 39, 35, 95, 98, 78, 109, 73, 52, 70, 94, 117, 32, 121, 16, 122, 85, 34, 92, 72, 75, 79, 63, 118, 29, 15, 17, 31, 106, 53, 81, 91, 46, 26, 77, 83, 23, 102, 60, 105, 68, 7, 125, 89, 61, 36, 28, 100, 51, 97, 74, 90, 5, 13, 19, 120, 33, 38, 48, 25, 11, 99, 69, 103, 123, 10, 110, 47, 49, 44, 124, 58, 6, 88, 66, 87, 112, 37, 93, 24, 65, 127, 54, 108, 20, 4, 96, 50, 22, 101, 3, 84, 55, 80, 18, 1, 59, 128, 41, 116]
客户端数：110	时间：0.015966176986694336	客户端：[14, 39, 35, 95, 98, 78, 109, 73, 52, 70, 94, 117, 32, 121, 16, 122, 85, 34, 92, 72, 75, 79, 63, 118, 29, 15, 17, 31, 106, 53, 81, 91, 46, 26, 77, 83, 23, 102, 60, 105, 68, 7, 125, 89, 61, 36, 28, 100, 51, 97, 74, 90, 5, 13, 19, 120, 33, 38, 48, 25, 11, 99, 69, 103, 123, 10, 110, 47, 49, 44, 124, 58, 6, 88, 66, 87, 112, 37, 93, 24, 65, 127, 54, 108, 20, 4, 96, 50, 22, 101, 3, 84, 55, 80, 18, 1, 59, 128, 41, 116, 114, 76, 27, 12, 115, 67, 107, 8, 45, 111]
客户端数：116	时间：0.017957448959350586	客户端：[14, 39, 35, 95, 98, 78, 109, 73, 52, 70, 94, 117, 32, 121, 16, 122, 85, 34, 92, 72, 75, 79, 63, 118, 29, 15, 17, 31, 106, 53, 81, 91, 46, 26, 77, 83, 23, 102, 60, 105, 68, 7, 125, 89, 61, 36, 28, 100, 51, 97, 74, 90, 5, 13, 19, 120, 33, 38, 48, 25, 11, 99, 69, 103, 123, 10, 110, 47, 49, 44, 124, 58, 6, 88, 66, 87, 112, 37, 93, 24, 65, 127, 54, 108, 20, 4, 96, 50, 22, 101, 3, 84, 55, 80, 18, 1, 59, 128, 41, 116, 114, 76, 27, 12, 115, 67, 107, 8, 45, 111, 104, 62, 82, 40, 56, 71]
T3
客户端数：10	时间：13.16725468635559	客户端：[14, 39, 35, 95, 98, 78, 109, 73, 52, 70]
客户端数：20	时间：53.41127324104309	客户端：[14, 39, 35, 95, 98, 78, 109, 73, 52, 70, 94, 117, 32, 121, 16, 122, 85, 34, 92, 72]
客户端数：30	时间：120.07939624786377	客户端：[14, 39, 35, 95, 98, 78, 109, 73, 52, 70, 94, 117, 32, 121, 16, 122, 85, 34, 92, 72, 75, 79, 63, 118, 29, 15, 17, 31, 106, 53]
客户端数：40	时间：213.7199776172638	客户端：[14, 39, 35, 95, 98, 78, 109, 73, 52, 70, 94, 117, 32, 121, 16, 122, 85, 34, 92, 72, 75, 79, 63, 118, 29, 15, 17, 31, 106, 53, 81, 91, 46, 26, 77, 83, 23, 102, 60, 105]
客户端数：50	时间：333.93591928482056	客户端：[14, 39, 35, 95, 98, 78, 109, 73, 52, 70, 94, 117, 32, 121, 16, 122, 85, 34, 92, 72, 75, 79, 63, 118, 29, 15, 17, 31, 106, 53, 81, 91, 46, 26, 77, 83, 23, 102, 60, 105, 68, 7, 125, 89, 61, 36, 28, 100, 51, 97]
客户端数：60	时间：480.7514486312866	客户端：[14, 39, 35, 95, 98, 78, 109, 73, 52, 70, 94, 117, 32, 121, 16, 122, 85, 34, 92, 72, 75, 79, 63, 118, 29, 15, 17, 31, 106, 53, 81, 91, 46, 26, 77, 83, 23, 102, 60, 105, 68, 7, 125, 89, 61, 36, 28, 100, 51, 97, 74, 90, 5, 13, 19, 120, 33, 38, 48, 25]
客户端数：70	时间：653.7800648212433	客户端：[14, 39, 35, 95, 98, 78, 109, 73, 52, 70, 94, 117, 32, 121, 16, 122, 85, 34, 92, 72, 75, 79, 63, 118, 29, 15, 17, 31, 106, 53, 81, 91, 46, 26, 77, 83, 23, 102, 60, 105, 68, 7, 125, 89, 61, 36, 28, 100, 51, 97, 74, 90, 5, 13, 19, 120, 33, 38, 48, 25, 11, 99, 69, 103, 123, 10, 110, 47, 49, 44]
客户端数：80	时间：853.8988673686981	客户端：[14, 39, 35, 95, 98, 78, 109, 73, 52, 70, 94, 117, 32, 121, 16, 122, 85, 34, 92, 72, 75, 79, 63, 118, 29, 15, 17, 31, 106, 53, 81, 91, 46, 26, 77, 83, 23, 102, 60, 105, 68, 7, 125, 89, 61, 36, 28, 100, 51, 97, 74, 90, 5, 13, 19, 120, 33, 38, 48, 25, 11, 99, 69, 103, 123, 10, 110, 47, 49, 44, 124, 58, 6, 88, 66, 87, 112, 37, 93, 24]
客户端数：90	时间：1080.7137513160706	客户端：[14, 39, 35, 95, 98, 78, 109, 73, 52, 70, 94, 117, 32, 121, 16, 122, 85, 34, 92, 72, 75, 79, 63, 118, 29, 15, 17, 31, 106, 53, 81, 91, 46, 26, 77, 83, 23, 102, 60, 105, 68, 7, 125, 89, 61, 36, 28, 100, 51, 97, 74, 90, 5, 13, 19, 120, 33, 38, 48, 25, 11, 99, 69, 103, 123, 10, 110, 47, 49, 44, 124, 58, 6, 88, 66, 87, 112, 37, 93, 24, 65, 127, 54, 108, 20, 4, 96, 50, 22, 101]
客户端数：100	时间：1333.9969482421875	客户端：[14, 39, 35, 95, 98, 78, 109, 73, 52, 70, 94, 117, 32, 121, 16, 122, 85, 34, 92, 72, 75, 79, 63, 118, 29, 15, 17, 31, 106, 53, 81, 91, 46, 26, 77, 83, 23, 102, 60, 105, 68, 7, 125, 89, 61, 36, 28, 100, 51, 97, 74, 90, 5, 13, 19, 120, 33, 38, 48, 25, 11, 99, 69, 103, 123, 10, 110, 47, 49, 44, 124, 58, 6, 88, 66, 87, 112, 37, 93, 24, 65, 127, 54, 108, 20, 4, 96, 50, 22, 101, 3, 84, 55, 80, 18, 1, 59, 128, 41, 116]
客户端数：110	时间：1613.9413435459137	客户端：[14, 39, 35, 95, 98, 78, 109, 73, 52, 70, 94, 117, 32, 121, 16, 122, 85, 34, 92, 72, 75, 79, 63, 118, 29, 15, 17, 31, 106, 53, 81, 91, 46, 26, 77, 83, 23, 102, 60, 105, 68, 7, 125, 89, 61, 36, 28, 100, 51, 97, 74, 90, 5, 13, 19, 120, 33, 38, 48, 25, 11, 99, 69, 103, 123, 10, 110, 47, 49, 44, 124, 58, 6, 88, 66, 87, 112, 37, 93, 24, 65, 127, 54, 108, 20, 4, 96, 50, 22, 101, 3, 84, 55, 80, 18, 1, 59, 128, 41, 116, 114, 76, 27, 12, 115, 67, 107, 8, 45, 111]
客户端数：116	时间：1794.7988052368164	客户端：[14, 39, 35, 95, 98, 78, 109, 73, 52, 70, 94, 117, 32, 121, 16, 122, 85, 34, 92, 72, 75, 79, 63, 118, 29, 15, 17, 31, 106, 53, 81, 91, 46, 26, 77, 83, 23, 102, 60, 105, 68, 7, 125, 89, 61, 36, 28, 100, 51, 97, 74, 90, 5, 13, 19, 120, 33, 38, 48, 25, 11, 99, 69, 103, 123, 10, 110, 47, 49, 44, 124, 58, 6, 88, 66, 87, 112, 37, 93, 24, 65, 127, 54, 108, 20, 4, 96, 50, 22, 101, 3, 84, 55, 80, 18, 1, 59, 128, 41, 116, 114, 76, 27, 12, 115, 67, 107, 8, 45, 111, 104, 62, 82, 40, 56, 71]
BYTE
客户端数：10	字节数：3200000	客户端：[34, 15, 24, 68, 118, 17, 77, 120, 32, 52]
客户端数：20	字节数：6400000	客户端：[34, 15, 24, 68, 118, 17, 77, 120, 32, 52, 103, 121, 79, 116, 76, 54, 123, 8, 29, 28]
客户端数：30	字节数：9600000	客户端：[34, 15, 24, 68, 118, 17, 77, 120, 32, 52, 103, 121, 79, 116, 76, 54, 123, 8, 29, 28, 67, 81, 104, 96, 117, 13, 72, 115, 112, 36]
客户端数：40	字节数：12800000	客户端：[34, 15, 24, 68, 118, 17, 77, 120, 32, 52, 103, 121, 79, 116, 76, 54, 123, 8, 29, 28, 67, 81, 104, 96, 117, 13, 72, 115, 112, 36, 85, 14, 127, 44, 83, 38, 18, 105, 46, 61]
客户端数：50	字节数：16000000	客户端：[34, 15, 24, 68, 118, 17, 77, 120, 32, 52, 103, 121, 79, 116, 76, 54, 123, 8, 29, 28, 67, 81, 104, 96, 117, 13, 72, 115, 112, 36, 85, 14, 127, 44, 83, 38, 18, 105, 46, 61, 111, 26, 88, 109, 5, 70, 25, 27, 10, 56]
客户端数：60	字节数：19200000	客户端：[34, 15, 24, 68, 118, 17, 77, 120, 32, 52, 103, 121, 79, 116, 76, 54, 123, 8, 29, 28, 67, 81, 104, 96, 117, 13, 72, 115, 112, 36, 85, 14, 127, 44, 83, 38, 18, 105, 46, 61, 111, 26, 88, 109, 5, 70, 25, 27, 10, 56, 49, 99, 92, 37, 48, 3, 19, 101, 58, 66]
客户端数：70	字节数：22400000	客户端：[34, 15, 24, 68, 118, 17, 77, 120, 32, 52, 103, 121, 79, 116, 76, 54, 123, 8, 29, 28, 67, 81, 104, 96, 117, 13, 72, 115, 112, 36, 85, 14, 127, 44, 83, 38, 18, 105, 46, 61, 111, 26, 88, 109, 5, 70, 25, 27, 10, 56, 49, 99, 92, 37, 48, 3, 19, 101, 58, 66, 39, 82, 69, 33, 94, 22, 23, 20, 98, 80]
客户端数：80	字节数：25600000	客户端：[34, 15, 24, 68, 118, 17, 77, 120, 32, 52, 103, 121, 79, 116, 76, 54, 123, 8, 29, 28, 67, 81, 104, 96, 117, 13, 72, 115, 112, 36, 85, 14, 127, 44, 83, 38, 18, 105, 46, 61, 111, 26, 88, 109, 5, 70, 25, 27, 10, 56, 49, 99, 92, 37, 48, 3, 19, 101, 58, 66, 39, 82, 69, 33, 94, 22, 23, 20, 98, 80, 84, 6, 63, 119, 12, 16, 107, 89, 73, 128]
客户端数：90	字节数：28800000	客户端：[34, 15, 24, 68, 118, 17, 77, 120, 32, 52, 103, 121, 79, 116, 76, 54, 123, 8, 29, 28, 67, 81, 104, 96, 117, 13, 72, 115, 112, 36, 85, 14, 127, 44, 83, 38, 18, 105, 46, 61, 111, 26, 88, 109, 5, 70, 25, 27, 10, 56, 49, 99, 92, 37, 48, 3, 19, 101, 58, 66, 39, 82, 69, 33, 94, 22, 23, 20, 98, 80, 84, 6, 63, 119, 12, 16, 107, 89, 73, 128, 1, 93, 102, 75, 106, 7, 40, 50, 114, 59]
客户端数：100	字节数：32000000	客户端：[34, 15, 24, 68, 118, 17, 77, 120, 32, 52, 103, 121, 79, 116, 76, 54, 123, 8, 29, 28, 67, 81, 104, 96, 117, 13, 72, 115, 112, 36, 85, 14, 127, 44, 83, 38, 18, 105, 46, 61, 111, 26, 88, 109, 5, 70, 25, 27, 10, 56, 49, 99, 92, 37, 48, 3, 19, 101, 58, 66, 39, 82, 69, 33, 94, 22, 23, 20, 98, 80, 84, 6, 63, 119, 12, 16, 107, 89, 73, 128, 1, 93, 102, 75, 106, 7, 40, 50, 114, 59, 55, 97, 74, 91, 125, 110, 65, 100, 122, 71]
客户端数：110	字节数：35200000	客户端：[34, 15, 24, 68, 118, 17, 77, 120, 32, 52, 103, 121, 79, 116, 76, 54, 123, 8, 29, 28, 67, 81, 104, 96, 117, 13, 72, 115, 112, 36, 85, 14, 127, 44, 83, 38, 18, 105, 46, 61, 111, 26, 88, 109, 5, 70, 25, 27, 10, 56, 49, 99, 92, 37, 48, 3, 19, 101, 58, 66, 39, 82, 69, 33, 94, 22, 23, 20, 98, 80, 84, 6, 63, 119, 12, 16, 107, 89, 73, 128, 1, 93, 102, 75, 106, 7, 40, 50, 114, 59, 55, 97, 74, 91, 125, 110, 65, 100, 122, 71, 11, 60, 62, 41, 95, 31, 45, 108, 87, 35]
客户端数：117	字节数：37440000	客户端：[34, 15, 24, 68, 118, 17, 77, 120, 32, 52, 103, 121, 79, 116, 76, 54, 123, 8, 29, 28, 67, 81, 104, 96, 117, 13, 72, 115, 112, 36, 85, 14, 127, 44, 83, 38, 18, 105, 46, 61, 111, 26, 88, 109, 5, 70, 25, 27, 10, 56, 49, 99, 92, 37, 48, 3, 19, 101, 58, 66, 39, 82, 69, 33, 94, 22, 23, 20, 98, 80, 84, 6, 63, 119, 12, 16, 107, 89, 73, 128, 1, 93, 102, 75, 106, 7, 40, 50, 114, 59, 55, 97, 74, 91, 125, 110, 65, 100, 122, 71, 11, 60, 62, 41, 95, 31, 45, 108, 87, 35, 78, 4, 124, 51, 47, 53, 90]
PRO_LEN：320000
score：0.9663492063492064
loss rate：0.0336507936507936
finished iteration：2023-01-01 00:03:10.317622

Number of rounds 6
T1
客户端数：10	时间：0.0020046234130859375	客户端：[95, 34, 117, 73, 32, 15, 68, 118, 77, 94]
客户端数：20	时间：0.005037546157836914	客户端：[95, 34, 117, 73, 32, 15, 68, 118, 77, 94, 102, 52, 63, 5, 123, 98, 31, 120, 60, 19]
客户端数：30	时间：0.007939815521240234	客户端：[95, 34, 117, 73, 32, 15, 68, 118, 77, 94, 102, 52, 63, 5, 123, 98, 31, 120, 60, 19, 35, 122, 51, 72, 103, 46, 78, 13, 28, 87]
客户端数：40	时间：0.010434627532958984	客户端：[95, 34, 117, 73, 32, 15, 68, 118, 77, 94, 102, 52, 63, 5, 123, 98, 31, 120, 60, 19, 35, 122, 51, 72, 103, 46, 78, 13, 28, 87, 112, 124, 44, 109, 29, 97, 54, 81, 121, 24]
客户端数：50	时间：0.012429952621459961	客户端：[95, 34, 117, 73, 32, 15, 68, 118, 77, 94, 102, 52, 63, 5, 123, 98, 31, 120, 60, 19, 35, 122, 51, 72, 103, 46, 78, 13, 28, 87, 112, 124, 44, 109, 29, 97, 54, 81, 121, 24, 26, 83, 106, 37, 93, 38, 90, 125, 7, 69]
客户端数：60	时间：0.01647210121154785	客户端：[95, 34, 117, 73, 32, 15, 68, 118, 77, 94, 102, 52, 63, 5, 123, 98, 31, 120, 60, 19, 35, 122, 51, 72, 103, 46, 78, 13, 28, 87, 112, 124, 44, 109, 29, 97, 54, 81, 121, 24, 26, 83, 106, 37, 93, 38, 90, 125, 7, 69, 36, 91, 88, 48, 127, 96, 25, 110, 14, 85]
客户端数：70	时间：0.017590999603271484	客户端：[95, 34, 117, 73, 32, 15, 68, 118, 77, 94, 102, 52, 63, 5, 123, 98, 31, 120, 60, 19, 35, 122, 51, 72, 103, 46, 78, 13, 28, 87, 112, 124, 44, 109, 29, 97, 54, 81, 121, 24, 26, 83, 106, 37, 93, 38, 90, 125, 7, 69, 36, 91, 88, 48, 127, 96, 25, 110, 14, 85, 10, 58, 23, 108, 99, 3, 22, 65, 66, 101]
客户端数：80	时间：0.02056121826171875	客户端：[95, 34, 117, 73, 32, 15, 68, 118, 77, 94, 102, 52, 63, 5, 123, 98, 31, 120, 60, 19, 35, 122, 51, 72, 103, 46, 78, 13, 28, 87, 112, 124, 44, 109, 29, 97, 54, 81, 121, 24, 26, 83, 106, 37, 93, 38, 90, 125, 7, 69, 36, 91, 88, 48, 127, 96, 25, 110, 14, 85, 10, 58, 23, 108, 99, 3, 22, 65, 66, 101, 49, 47, 18, 6, 59, 128, 80, 4, 55, 33]
客户端数：90	时间：0.023566246032714844	客户端：[95, 34, 117, 73, 32, 15, 68, 118, 77, 94, 102, 52, 63, 5, 123, 98, 31, 120, 60, 19, 35, 122, 51, 72, 103, 46, 78, 13, 28, 87, 112, 124, 44, 109, 29, 97, 54, 81, 121, 24, 26, 83, 106, 37, 93, 38, 90, 125, 7, 69, 36, 91, 88, 48, 127, 96, 25, 110, 14, 85, 10, 58, 23, 108, 99, 3, 22, 65, 66, 101, 49, 47, 18, 6, 59, 128, 80, 4, 55, 33, 11, 116, 89, 39, 76, 75, 1, 70, 53, 12]
客户端数：100	时间：0.02559661865234375	客户端：[95, 34, 117, 73, 32, 15, 68, 118, 77, 94, 102, 52, 63, 5, 123, 98, 31, 120, 60, 19, 35, 122, 51, 72, 103, 46, 78, 13, 28, 87, 112, 124, 44, 109, 29, 97, 54, 81, 121, 24, 26, 83, 106, 37, 93, 38, 90, 125, 7, 69, 36, 91, 88, 48, 127, 96, 25, 110, 14, 85, 10, 58, 23, 108, 99, 3, 22, 65, 66, 101, 49, 47, 18, 6, 59, 128, 80, 4, 55, 33, 11, 116, 89, 39, 76, 75, 1, 70, 53, 12, 115, 50, 100, 84, 67, 8, 107, 20, 45, 111]
客户端数：110	时间：0.027572154998779297	客户端：[95, 34, 117, 73, 32, 15, 68, 118, 77, 94, 102, 52, 63, 5, 123, 98, 31, 120, 60, 19, 35, 122, 51, 72, 103, 46, 78, 13, 28, 87, 112, 124, 44, 109, 29, 97, 54, 81, 121, 24, 26, 83, 106, 37, 93, 38, 90, 125, 7, 69, 36, 91, 88, 48, 127, 96, 25, 110, 14, 85, 10, 58, 23, 108, 99, 3, 22, 65, 66, 101, 49, 47, 18, 6, 59, 128, 80, 4, 55, 33, 11, 116, 89, 39, 76, 75, 1, 70, 53, 12, 115, 50, 100, 84, 67, 8, 107, 20, 45, 111, 79, 61, 105, 17, 114, 62, 82, 74, 104, 92]
客户端数：115	时间：0.030938148498535156	客户端：[95, 34, 117, 73, 32, 15, 68, 118, 77, 94, 102, 52, 63, 5, 123, 98, 31, 120, 60, 19, 35, 122, 51, 72, 103, 46, 78, 13, 28, 87, 112, 124, 44, 109, 29, 97, 54, 81, 121, 24, 26, 83, 106, 37, 93, 38, 90, 125, 7, 69, 36, 91, 88, 48, 127, 96, 25, 110, 14, 85, 10, 58, 23, 108, 99, 3, 22, 65, 66, 101, 49, 47, 18, 6, 59, 128, 80, 4, 55, 33, 11, 116, 89, 39, 76, 75, 1, 70, 53, 12, 115, 50, 100, 84, 67, 8, 107, 20, 45, 111, 79, 61, 105, 17, 114, 62, 82, 74, 104, 92, 40, 41, 27, 56, 71]
T2
客户端数：10	时间：0.002992391586303711	客户端：[119, 95, 75, 117, 39, 121, 83, 73, 109, 32]
客户端数：20	时间：0.005985736846923828	客户端：[119, 95, 75, 117, 39, 121, 83, 73, 109, 32, 35, 115, 85, 97, 92, 116, 24, 55, 63, 98]
客户端数：30	时间：0.007971763610839844	客户端：[119, 95, 75, 117, 39, 121, 83, 73, 109, 32, 35, 115, 85, 97, 92, 116, 24, 55, 63, 98, 72, 79, 34, 105, 99, 15, 128, 89, 17, 25]
客户端数：40	时间：0.007971763610839844	客户端：[119, 95, 75, 117, 39, 121, 83, 73, 109, 32, 35, 115, 85, 97, 92, 116, 24, 55, 63, 98, 72, 79, 34, 105, 99, 15, 128, 89, 17, 25, 84, 53, 52, 91, 26, 118, 103, 6, 111, 7]
客户端数：50	时间：0.007971763610839844	客户端：[119, 95, 75, 117, 39, 121, 83, 73, 109, 32, 35, 115, 85, 97, 92, 116, 24, 55, 63, 98, 72, 79, 34, 105, 99, 15, 128, 89, 17, 25, 84, 53, 52, 91, 26, 118, 103, 6, 111, 7, 41, 60, 81, 69, 13, 78, 28, 12, 14, 125]
客户端数：60	时间：0.010406732559204102	客户端：[119, 95, 75, 117, 39, 121, 83, 73, 109, 32, 35, 115, 85, 97, 92, 116, 24, 55, 63, 98, 72, 79, 34, 105, 99, 15, 128, 89, 17, 25, 84, 53, 52, 91, 26, 118, 103, 6, 111, 7, 41, 60, 81, 69, 13, 78, 28, 12, 14, 125, 67, 48, 23, 122, 70, 123, 11, 45, 54, 47]
客户端数：70	时间：0.011404991149902344	客户端：[119, 95, 75, 117, 39, 121, 83, 73, 109, 32, 35, 115, 85, 97, 92, 116, 24, 55, 63, 98, 72, 79, 34, 105, 99, 15, 128, 89, 17, 25, 84, 53, 52, 91, 26, 118, 103, 6, 111, 7, 41, 60, 81, 69, 13, 78, 28, 12, 14, 125, 67, 48, 23, 122, 70, 123, 11, 45, 54, 47, 108, 107, 40, 76, 44, 46, 96, 114, 68, 77]
客户端数：80	时间：0.013399362564086914	客户端：[119, 95, 75, 117, 39, 121, 83, 73, 109, 32, 35, 115, 85, 97, 92, 116, 24, 55, 63, 98, 72, 79, 34, 105, 99, 15, 128, 89, 17, 25, 84, 53, 52, 91, 26, 118, 103, 6, 111, 7, 41, 60, 81, 69, 13, 78, 28, 12, 14, 125, 67, 48, 23, 122, 70, 123, 11, 45, 54, 47, 108, 107, 40, 76, 44, 46, 96, 114, 68, 77, 4, 94, 110, 74, 88, 124, 1, 100, 50, 82]
客户端数：90	时间：0.014406919479370117	客户端：[119, 95, 75, 117, 39, 121, 83, 73, 109, 32, 35, 115, 85, 97, 92, 116, 24, 55, 63, 98, 72, 79, 34, 105, 99, 15, 128, 89, 17, 25, 84, 53, 52, 91, 26, 118, 103, 6, 111, 7, 41, 60, 81, 69, 13, 78, 28, 12, 14, 125, 67, 48, 23, 122, 70, 123, 11, 45, 54, 47, 108, 107, 40, 76, 44, 46, 96, 114, 68, 77, 4, 94, 110, 74, 88, 124, 1, 100, 50, 82, 22, 62, 93, 37, 80, 90, 59, 8, 20, 58]
客户端数：100	时间：0.014406919479370117	客户端：[119, 95, 75, 117, 39, 121, 83, 73, 109, 32, 35, 115, 85, 97, 92, 116, 24, 55, 63, 98, 72, 79, 34, 105, 99, 15, 128, 89, 17, 25, 84, 53, 52, 91, 26, 118, 103, 6, 111, 7, 41, 60, 81, 69, 13, 78, 28, 12, 14, 125, 67, 48, 23, 122, 70, 123, 11, 45, 54, 47, 108, 107, 40, 76, 44, 46, 96, 114, 68, 77, 4, 94, 110, 74, 88, 124, 1, 100, 50, 82, 22, 62, 93, 37, 80, 90, 59, 8, 20, 58, 104, 51, 61, 36, 10, 33, 5, 3, 112, 120]
客户端数：110	时间：0.017227649688720703	客户端：[119, 95, 75, 117, 39, 121, 83, 73, 109, 32, 35, 115, 85, 97, 92, 116, 24, 55, 63, 98, 72, 79, 34, 105, 99, 15, 128, 89, 17, 25, 84, 53, 52, 91, 26, 118, 103, 6, 111, 7, 41, 60, 81, 69, 13, 78, 28, 12, 14, 125, 67, 48, 23, 122, 70, 123, 11, 45, 54, 47, 108, 107, 40, 76, 44, 46, 96, 114, 68, 77, 4, 94, 110, 74, 88, 124, 1, 100, 50, 82, 22, 62, 93, 37, 80, 90, 59, 8, 20, 58, 104, 51, 61, 36, 10, 33, 5, 3, 112, 120, 101, 71, 49, 19, 29, 56, 65, 27, 31, 127]
客户端数：114	时间：0.017227649688720703	客户端：[119, 95, 75, 117, 39, 121, 83, 73, 109, 32, 35, 115, 85, 97, 92, 116, 24, 55, 63, 98, 72, 79, 34, 105, 99, 15, 128, 89, 17, 25, 84, 53, 52, 91, 26, 118, 103, 6, 111, 7, 41, 60, 81, 69, 13, 78, 28, 12, 14, 125, 67, 48, 23, 122, 70, 123, 11, 45, 54, 47, 108, 107, 40, 76, 44, 46, 96, 114, 68, 77, 4, 94, 110, 74, 88, 124, 1, 100, 50, 82, 22, 62, 93, 37, 80, 90, 59, 8, 20, 58, 104, 51, 61, 36, 10, 33, 5, 3, 112, 120, 101, 71, 49, 19, 29, 56, 65, 27, 31, 127, 38, 102, 106, 18]
T3
客户端数：10	时间：48.78221940994263	客户端：[119, 95, 75, 117, 39, 121, 83, 73, 109, 32]
客户端数：20	时间：85.89911103248596	客户端：[119, 95, 75, 117, 39, 121, 83, 73, 109, 32, 35, 115, 85, 97, 92, 116, 24, 55, 63, 98]
客户端数：30	时间：149.8454909324646	客户端：[119, 95, 75, 117, 39, 121, 83, 73, 109, 32, 35, 115, 85, 97, 92, 116, 24, 55, 63, 98, 72, 79, 34, 105, 99, 15, 128, 89, 17, 25]
客户端数：40	时间：240.27677035331726	客户端：[119, 95, 75, 117, 39, 121, 83, 73, 109, 32, 35, 115, 85, 97, 92, 116, 24, 55, 63, 98, 72, 79, 34, 105, 99, 15, 128, 89, 17, 25, 84, 53, 52, 91, 26, 118, 103, 6, 111, 7]
客户端数：50	时间：357.4754707813263	客户端：[119, 95, 75, 117, 39, 121, 83, 73, 109, 32, 35, 115, 85, 97, 92, 116, 24, 55, 63, 98, 72, 79, 34, 105, 99, 15, 128, 89, 17, 25, 84, 53, 52, 91, 26, 118, 103, 6, 111, 7, 41, 60, 81, 69, 13, 78, 28, 12, 14, 125]
客户端数：60	时间：501.2456111907959	客户端：[119, 95, 75, 117, 39, 121, 83, 73, 109, 32, 35, 115, 85, 97, 92, 116, 24, 55, 63, 98, 72, 79, 34, 105, 99, 15, 128, 89, 17, 25, 84, 53, 52, 91, 26, 118, 103, 6, 111, 7, 41, 60, 81, 69, 13, 78, 28, 12, 14, 125, 67, 48, 23, 122, 70, 123, 11, 45, 54, 47]
客户端数：70	时间：671.6144239902496	客户端：[119, 95, 75, 117, 39, 121, 83, 73, 109, 32, 35, 115, 85, 97, 92, 116, 24, 55, 63, 98, 72, 79, 34, 105, 99, 15, 128, 89, 17, 25, 84, 53, 52, 91, 26, 118, 103, 6, 111, 7, 41, 60, 81, 69, 13, 78, 28, 12, 14, 125, 67, 48, 23, 122, 70, 123, 11, 45, 54, 47, 108, 107, 40, 76, 44, 46, 96, 114, 68, 77]
客户端数：80	时间：869.4288694858551	客户端：[119, 95, 75, 117, 39, 121, 83, 73, 109, 32, 35, 115, 85, 97, 92, 116, 24, 55, 63, 98, 72, 79, 34, 105, 99, 15, 128, 89, 17, 25, 84, 53, 52, 91, 26, 118, 103, 6, 111, 7, 41, 60, 81, 69, 13, 78, 28, 12, 14, 125, 67, 48, 23, 122, 70, 123, 11, 45, 54, 47, 108, 107, 40, 76, 44, 46, 96, 114, 68, 77, 4, 94, 110, 74, 88, 124, 1, 100, 50, 82]
客户端数：90	时间：1093.8828003406525	客户端：[119, 95, 75, 117, 39, 121, 83, 73, 109, 32, 35, 115, 85, 97, 92, 116, 24, 55, 63, 98, 72, 79, 34, 105, 99, 15, 128, 89, 17, 25, 84, 53, 52, 91, 26, 118, 103, 6, 111, 7, 41, 60, 81, 69, 13, 78, 28, 12, 14, 125, 67, 48, 23, 122, 70, 123, 11, 45, 54, 47, 108, 107, 40, 76, 44, 46, 96, 114, 68, 77, 4, 94, 110, 74, 88, 124, 1, 100, 50, 82, 22, 62, 93, 37, 80, 90, 59, 8, 20, 58]
客户端数：100	时间：1344.2962856292725	客户端：[119, 95, 75, 117, 39, 121, 83, 73, 109, 32, 35, 115, 85, 97, 92, 116, 24, 55, 63, 98, 72, 79, 34, 105, 99, 15, 128, 89, 17, 25, 84, 53, 52, 91, 26, 118, 103, 6, 111, 7, 41, 60, 81, 69, 13, 78, 28, 12, 14, 125, 67, 48, 23, 122, 70, 123, 11, 45, 54, 47, 108, 107, 40, 76, 44, 46, 96, 114, 68, 77, 4, 94, 110, 74, 88, 124, 1, 100, 50, 82, 22, 62, 93, 37, 80, 90, 59, 8, 20, 58, 104, 51, 61, 36, 10, 33, 5, 3, 112, 120]
客户端数：110	时间：1621.2517712116241	客户端：[119, 95, 75, 117, 39, 121, 83, 73, 109, 32, 35, 115, 85, 97, 92, 116, 24, 55, 63, 98, 72, 79, 34, 105, 99, 15, 128, 89, 17, 25, 84, 53, 52, 91, 26, 118, 103, 6, 111, 7, 41, 60, 81, 69, 13, 78, 28, 12, 14, 125, 67, 48, 23, 122, 70, 123, 11, 45, 54, 47, 108, 107, 40, 76, 44, 46, 96, 114, 68, 77, 4, 94, 110, 74, 88, 124, 1, 100, 50, 82, 22, 62, 93, 37, 80, 90, 59, 8, 20, 58, 104, 51, 61, 36, 10, 33, 5, 3, 112, 120, 101, 71, 49, 19, 29, 56, 65, 27, 31, 127]
客户端数：114	时间：1739.6374957561493	客户端：[119, 95, 75, 117, 39, 121, 83, 73, 109, 32, 35, 115, 85, 97, 92, 116, 24, 55, 63, 98, 72, 79, 34, 105, 99, 15, 128, 89, 17, 25, 84, 53, 52, 91, 26, 118, 103, 6, 111, 7, 41, 60, 81, 69, 13, 78, 28, 12, 14, 125, 67, 48, 23, 122, 70, 123, 11, 45, 54, 47, 108, 107, 40, 76, 44, 46, 96, 114, 68, 77, 4, 94, 110, 74, 88, 124, 1, 100, 50, 82, 22, 62, 93, 37, 80, 90, 59, 8, 20, 58, 104, 51, 61, 36, 10, 33, 5, 3, 112, 120, 101, 71, 49, 19, 29, 56, 65, 27, 31, 127, 38, 102, 106, 18]
BYTE
客户端数：10	字节数：3200000	客户端：[95, 34, 117, 73, 32, 15, 68, 118, 77, 94]
客户端数：20	字节数：6400000	客户端：[95, 34, 117, 73, 32, 15, 68, 118, 77, 94, 102, 52, 63, 5, 123, 98, 31, 120, 60, 19]
客户端数：30	字节数：9600000	客户端：[95, 34, 117, 73, 32, 15, 68, 118, 77, 94, 102, 52, 63, 5, 123, 98, 31, 120, 60, 19, 35, 122, 51, 72, 103, 46, 78, 13, 28, 87]
客户端数：40	字节数：12800000	客户端：[95, 34, 117, 73, 32, 15, 68, 118, 77, 94, 102, 52, 63, 5, 123, 98, 31, 120, 60, 19, 35, 122, 51, 72, 103, 46, 78, 13, 28, 87, 112, 124, 44, 109, 29, 97, 54, 81, 121, 24]
客户端数：50	字节数：16000000	客户端：[95, 34, 117, 73, 32, 15, 68, 118, 77, 94, 102, 52, 63, 5, 123, 98, 31, 120, 60, 19, 35, 122, 51, 72, 103, 46, 78, 13, 28, 87, 112, 124, 44, 109, 29, 97, 54, 81, 121, 24, 26, 83, 106, 37, 93, 38, 90, 125, 7, 69]
客户端数：60	字节数：19200000	客户端：[95, 34, 117, 73, 32, 15, 68, 118, 77, 94, 102, 52, 63, 5, 123, 98, 31, 120, 60, 19, 35, 122, 51, 72, 103, 46, 78, 13, 28, 87, 112, 124, 44, 109, 29, 97, 54, 81, 121, 24, 26, 83, 106, 37, 93, 38, 90, 125, 7, 69, 36, 91, 88, 48, 127, 96, 25, 110, 14, 85]
客户端数：70	字节数：22400000	客户端：[95, 34, 117, 73, 32, 15, 68, 118, 77, 94, 102, 52, 63, 5, 123, 98, 31, 120, 60, 19, 35, 122, 51, 72, 103, 46, 78, 13, 28, 87, 112, 124, 44, 109, 29, 97, 54, 81, 121, 24, 26, 83, 106, 37, 93, 38, 90, 125, 7, 69, 36, 91, 88, 48, 127, 96, 25, 110, 14, 85, 10, 58, 23, 108, 99, 3, 22, 65, 66, 101]
客户端数：80	字节数：25600000	客户端：[95, 34, 117, 73, 32, 15, 68, 118, 77, 94, 102, 52, 63, 5, 123, 98, 31, 120, 60, 19, 35, 122, 51, 72, 103, 46, 78, 13, 28, 87, 112, 124, 44, 109, 29, 97, 54, 81, 121, 24, 26, 83, 106, 37, 93, 38, 90, 125, 7, 69, 36, 91, 88, 48, 127, 96, 25, 110, 14, 85, 10, 58, 23, 108, 99, 3, 22, 65, 66, 101, 49, 47, 18, 6, 59, 128, 80, 4, 55, 33]
客户端数：90	字节数：28800000	客户端：[95, 34, 117, 73, 32, 15, 68, 118, 77, 94, 102, 52, 63, 5, 123, 98, 31, 120, 60, 19, 35, 122, 51, 72, 103, 46, 78, 13, 28, 87, 112, 124, 44, 109, 29, 97, 54, 81, 121, 24, 26, 83, 106, 37, 93, 38, 90, 125, 7, 69, 36, 91, 88, 48, 127, 96, 25, 110, 14, 85, 10, 58, 23, 108, 99, 3, 22, 65, 66, 101, 49, 47, 18, 6, 59, 128, 80, 4, 55, 33, 11, 116, 89, 39, 76, 75, 1, 70, 53, 12]
客户端数：100	字节数：32000000	客户端：[95, 34, 117, 73, 32, 15, 68, 118, 77, 94, 102, 52, 63, 5, 123, 98, 31, 120, 60, 19, 35, 122, 51, 72, 103, 46, 78, 13, 28, 87, 112, 124, 44, 109, 29, 97, 54, 81, 121, 24, 26, 83, 106, 37, 93, 38, 90, 125, 7, 69, 36, 91, 88, 48, 127, 96, 25, 110, 14, 85, 10, 58, 23, 108, 99, 3, 22, 65, 66, 101, 49, 47, 18, 6, 59, 128, 80, 4, 55, 33, 11, 116, 89, 39, 76, 75, 1, 70, 53, 12, 115, 50, 100, 84, 67, 8, 107, 20, 45, 111]
客户端数：110	字节数：35200000	客户端：[95, 34, 117, 73, 32, 15, 68, 118, 77, 94, 102, 52, 63, 5, 123, 98, 31, 120, 60, 19, 35, 122, 51, 72, 103, 46, 78, 13, 28, 87, 112, 124, 44, 109, 29, 97, 54, 81, 121, 24, 26, 83, 106, 37, 93, 38, 90, 125, 7, 69, 36, 91, 88, 48, 127, 96, 25, 110, 14, 85, 10, 58, 23, 108, 99, 3, 22, 65, 66, 101, 49, 47, 18, 6, 59, 128, 80, 4, 55, 33, 11, 116, 89, 39, 76, 75, 1, 70, 53, 12, 115, 50, 100, 84, 67, 8, 107, 20, 45, 111, 79, 61, 105, 17, 114, 62, 82, 74, 104, 92]
客户端数：115	字节数：36800000	客户端：[95, 34, 117, 73, 32, 15, 68, 118, 77, 94, 102, 52, 63, 5, 123, 98, 31, 120, 60, 19, 35, 122, 51, 72, 103, 46, 78, 13, 28, 87, 112, 124, 44, 109, 29, 97, 54, 81, 121, 24, 26, 83, 106, 37, 93, 38, 90, 125, 7, 69, 36, 91, 88, 48, 127, 96, 25, 110, 14, 85, 10, 58, 23, 108, 99, 3, 22, 65, 66, 101, 49, 47, 18, 6, 59, 128, 80, 4, 55, 33, 11, 116, 89, 39, 76, 75, 1, 70, 53, 12, 115, 50, 100, 84, 67, 8, 107, 20, 45, 111, 79, 61, 105, 17, 114, 62, 82, 74, 104, 92, 40, 41, 27, 56, 71]
PRO_LEN：320000
score：0.9645079365079365
loss rate：0.035492063492063464
finished iteration：2023-01-01 00:03:30.855279

Number of rounds 7
T1
客户端数：10	时间：0.0029592514038085938	客户端：[117, 15, 73, 95, 75, 34, 63, 32, 118, 17]
客户端数：20	时间：0.003956317901611328	客户端：[117, 15, 73, 95, 75, 34, 63, 32, 118, 17, 97, 89, 128, 53, 54, 123, 60, 39, 77, 11]
客户端数：30	时间：0.0069484710693359375	客户端：[117, 15, 73, 95, 75, 34, 63, 32, 118, 17, 97, 89, 128, 53, 54, 123, 60, 39, 77, 11, 79, 13, 52, 74, 83, 7, 81, 98, 72, 124]
客户端数：40	时间：0.009939908981323242	客户端：[117, 15, 73, 95, 75, 34, 63, 32, 118, 17, 97, 89, 128, 53, 54, 123, 60, 39, 77, 11, 79, 13, 52, 74, 83, 7, 81, 98, 72, 124, 99, 46, 108, 69, 25, 8, 26, 100, 103, 94]
客户端数：50	时间：0.011936664581298828	客户端：[117, 15, 73, 95, 75, 34, 63, 32, 118, 17, 97, 89, 128, 53, 54, 123, 60, 39, 77, 11, 79, 13, 52, 74, 83, 7, 81, 98, 72, 124, 99, 46, 108, 69, 25, 8, 26, 100, 103, 94, 44, 107, 41, 12, 115, 4, 40, 70, 82, 93]
客户端数：60	时间：0.013954401016235352	客户端：[117, 15, 73, 95, 75, 34, 63, 32, 118, 17, 97, 89, 128, 53, 54, 123, 60, 39, 77, 11, 79, 13, 52, 74, 83, 7, 81, 98, 72, 124, 99, 46, 108, 69, 25, 8, 26, 100, 103, 94, 44, 107, 41, 12, 115, 4, 40, 70, 82, 93, 104, 67, 24, 59, 48, 121, 114, 45, 36, 84]
客户端数：70	时间：0.016922950744628906	客户端：[117, 15, 73, 95, 75, 34, 63, 32, 118, 17, 97, 89, 128, 53, 54, 123, 60, 39, 77, 11, 79, 13, 52, 74, 83, 7, 81, 98, 72, 124, 99, 46, 108, 69, 25, 8, 26, 100, 103, 94, 44, 107, 41, 12, 115, 4, 40, 70, 82, 93, 104, 67, 24, 59, 48, 121, 114, 45, 36, 84, 5, 37, 111, 1, 88, 112, 110, 20, 51, 10]
客户端数：80	时间：0.01891803741455078	客户端：[117, 15, 73, 95, 75, 34, 63, 32, 118, 17, 97, 89, 128, 53, 54, 123, 60, 39, 77, 11, 79, 13, 52, 74, 83, 7, 81, 98, 72, 124, 99, 46, 108, 69, 25, 8, 26, 100, 103, 94, 44, 107, 41, 12, 115, 4, 40, 70, 82, 93, 104, 67, 24, 59, 48, 121, 114, 45, 36, 84, 5, 37, 111, 1, 88, 112, 110, 20, 51, 10, 90, 101, 61, 3, 78, 19, 71, 68, 120, 6]
客户端数：90	时间：0.02393627166748047	客户端：[117, 15, 73, 95, 75, 34, 63, 32, 118, 17, 97, 89, 128, 53, 54, 123, 60, 39, 77, 11, 79, 13, 52, 74, 83, 7, 81, 98, 72, 124, 99, 46, 108, 69, 25, 8, 26, 100, 103, 94, 44, 107, 41, 12, 115, 4, 40, 70, 82, 93, 104, 67, 24, 59, 48, 121, 114, 45, 36, 84, 5, 37, 111, 1, 88, 112, 110, 20, 51, 10, 90, 101, 61, 3, 78, 19, 71, 68, 120, 6, 29, 14, 56, 116, 49, 65, 76, 27, 47, 125]
客户端数：100	时间：0.024933338165283203	客户端：[117, 15, 73, 95, 75, 34, 63, 32, 118, 17, 97, 89, 128, 53, 54, 123, 60, 39, 77, 11, 79, 13, 52, 74, 83, 7, 81, 98, 72, 124, 99, 46, 108, 69, 25, 8, 26, 100, 103, 94, 44, 107, 41, 12, 115, 4, 40, 70, 82, 93, 104, 67, 24, 59, 48, 121, 114, 45, 36, 84, 5, 37, 111, 1, 88, 112, 110, 20, 51, 10, 90, 101, 61, 3, 78, 19, 71, 68, 120, 6, 29, 14, 56, 116, 49, 65, 76, 27, 47, 125, 28, 127, 22, 31, 58, 105, 38, 85, 102, 80]
客户端数：110	时间：0.028922319412231445	客户端：[117, 15, 73, 95, 75, 34, 63, 32, 118, 17, 97, 89, 128, 53, 54, 123, 60, 39, 77, 11, 79, 13, 52, 74, 83, 7, 81, 98, 72, 124, 99, 46, 108, 69, 25, 8, 26, 100, 103, 94, 44, 107, 41, 12, 115, 4, 40, 70, 82, 93, 104, 67, 24, 59, 48, 121, 114, 45, 36, 84, 5, 37, 111, 1, 88, 112, 110, 20, 51, 10, 90, 101, 61, 3, 78, 19, 71, 68, 120, 6, 29, 14, 56, 116, 49, 65, 76, 27, 47, 125, 28, 127, 22, 31, 58, 105, 38, 85, 102, 80, 106, 62, 96, 92, 35, 122, 18, 55, 50, 91]
客户端数：112	时间：0.028922319412231445	客户端：[117, 15, 73, 95, 75, 34, 63, 32, 118, 17, 97, 89, 128, 53, 54, 123, 60, 39, 77, 11, 79, 13, 52, 74, 83, 7, 81, 98, 72, 124, 99, 46, 108, 69, 25, 8, 26, 100, 103, 94, 44, 107, 41, 12, 115, 4, 40, 70, 82, 93, 104, 67, 24, 59, 48, 121, 114, 45, 36, 84, 5, 37, 111, 1, 88, 112, 110, 20, 51, 10, 90, 101, 61, 3, 78, 19, 71, 68, 120, 6, 29, 14, 56, 116, 49, 65, 76, 27, 47, 125, 28, 127, 22, 31, 58, 105, 38, 85, 102, 80, 106, 62, 96, 92, 35, 122, 18, 55, 50, 91, 33, 23]
T2
客户端数：10	时间：0.0020351409912109375	客户端：[87, 14, 78, 35, 39, 73, 94, 98, 70, 83]
客户端数：20	时间：0.008018732070922852	客户端：[87, 14, 78, 35, 39, 73, 94, 98, 70, 83, 121, 95, 115, 32, 122, 72, 63, 10, 55, 97]
客户端数：30	时间：0.012009620666503906	客户端：[87, 14, 78, 35, 39, 73, 94, 98, 70, 83, 121, 95, 115, 32, 122, 72, 63, 10, 55, 97, 75, 106, 105, 118, 99, 6, 92, 89, 52, 26]
客户端数：40	时间：0.01300668716430664	客户端：[87, 14, 78, 35, 39, 73, 94, 98, 70, 83, 121, 95, 115, 32, 122, 72, 63, 10, 55, 97, 75, 106, 105, 118, 99, 6, 92, 89, 52, 26, 117, 69, 49, 61, 5, 81, 34, 77, 28, 102]
客户端数：50	时间：0.014978885650634766	客户端：[87, 14, 78, 35, 39, 73, 94, 98, 70, 83, 121, 95, 115, 32, 122, 72, 63, 10, 55, 97, 75, 106, 105, 118, 99, 6, 92, 89, 52, 26, 117, 69, 49, 61, 5, 81, 34, 77, 28, 102, 74, 108, 46, 88, 4, 85, 33, 48, 54, 19]
客户端数：60	时间：0.016948223114013672	客户端：[87, 14, 78, 35, 39, 73, 94, 98, 70, 83, 121, 95, 115, 32, 122, 72, 63, 10, 55, 97, 75, 106, 105, 118, 99, 6, 92, 89, 52, 26, 117, 69, 49, 61, 5, 81, 34, 77, 28, 102, 74, 108, 46, 88, 4, 85, 33, 48, 54, 19, 51, 8, 13, 127, 31, 44, 47, 114, 125, 128]
客户端数：70	时间：0.01793193817138672	客户端：[87, 14, 78, 35, 39, 73, 94, 98, 70, 83, 121, 95, 115, 32, 122, 72, 63, 10, 55, 97, 75, 106, 105, 118, 99, 6, 92, 89, 52, 26, 117, 69, 49, 61, 5, 81, 34, 77, 28, 102, 74, 108, 46, 88, 4, 85, 33, 48, 54, 19, 51, 8, 13, 127, 31, 44, 47, 114, 125, 128, 37, 22, 84, 124, 62, 45, 50, 56, 27, 112]
客户端数：80	时间：0.020920276641845703	客户端：[87, 14, 78, 35, 39, 73, 94, 98, 70, 83, 121, 95, 115, 32, 122, 72, 63, 10, 55, 97, 75, 106, 105, 118, 99, 6, 92, 89, 52, 26, 117, 69, 49, 61, 5, 81, 34, 77, 28, 102, 74, 108, 46, 88, 4, 85, 33, 48, 54, 19, 51, 8, 13, 127, 31, 44, 47, 114, 125, 128, 37, 22, 84, 124, 62, 45, 50, 56, 27, 112, 104, 107, 110, 15, 68, 116, 65, 71, 18, 3]
客户端数：90	时间：0.023011445999145508	客户端：[87, 14, 78, 35, 39, 73, 94, 98, 70, 83, 121, 95, 115, 32, 122, 72, 63, 10, 55, 97, 75, 106, 105, 118, 99, 6, 92, 89, 52, 26, 117, 69, 49, 61, 5, 81, 34, 77, 28, 102, 74, 108, 46, 88, 4, 85, 33, 48, 54, 19, 51, 8, 13, 127, 31, 44, 47, 114, 125, 128, 37, 22, 84, 124, 62, 45, 50, 56, 27, 112, 104, 107, 110, 15, 68, 116, 65, 71, 18, 3, 12, 40, 103, 38, 79, 80, 100, 29, 58, 36]
客户端数：100	时间：0.02482295036315918	客户端：[87, 14, 78, 35, 39, 73, 94, 98, 70, 83, 121, 95, 115, 32, 122, 72, 63, 10, 55, 97, 75, 106, 105, 118, 99, 6, 92, 89, 52, 26, 117, 69, 49, 61, 5, 81, 34, 77, 28, 102, 74, 108, 46, 88, 4, 85, 33, 48, 54, 19, 51, 8, 13, 127, 31, 44, 47, 114, 125, 128, 37, 22, 84, 124, 62, 45, 50, 56, 27, 112, 104, 107, 110, 15, 68, 116, 65, 71, 18, 3, 12, 40, 103, 38, 79, 80, 100, 29, 58, 36, 60, 123, 53, 7, 82, 41, 1, 11, 76, 17]
客户端数：110	时间：0.02681899070739746	客户端：[87, 14, 78, 35, 39, 73, 94, 98, 70, 83, 121, 95, 115, 32, 122, 72, 63, 10, 55, 97, 75, 106, 105, 118, 99, 6, 92, 89, 52, 26, 117, 69, 49, 61, 5, 81, 34, 77, 28, 102, 74, 108, 46, 88, 4, 85, 33, 48, 54, 19, 51, 8, 13, 127, 31, 44, 47, 114, 125, 128, 37, 22, 84, 124, 62, 45, 50, 56, 27, 112, 104, 107, 110, 15, 68, 116, 65, 71, 18, 3, 12, 40, 103, 38, 79, 80, 100, 29, 58, 36, 60, 123, 53, 7, 82, 41, 1, 11, 76, 17, 59, 111, 24, 93, 25, 23, 90, 91, 96, 66]
客户端数：113	时间：0.027794837951660156	客户端：[87, 14, 78, 35, 39, 73, 94, 98, 70, 83, 121, 95, 115, 32, 122, 72, 63, 10, 55, 97, 75, 106, 105, 118, 99, 6, 92, 89, 52, 26, 117, 69, 49, 61, 5, 81, 34, 77, 28, 102, 74, 108, 46, 88, 4, 85, 33, 48, 54, 19, 51, 8, 13, 127, 31, 44, 47, 114, 125, 128, 37, 22, 84, 124, 62, 45, 50, 56, 27, 112, 104, 107, 110, 15, 68, 116, 65, 71, 18, 3, 12, 40, 103, 38, 79, 80, 100, 29, 58, 36, 60, 123, 53, 7, 82, 41, 1, 11, 76, 17, 59, 111, 24, 93, 25, 23, 90, 91, 96, 66, 20, 67, 120]
T3
客户端数：10	时间：47.662219762802124	客户端：[87, 14, 78, 35, 39, 73, 94, 98, 70, 83]
客户端数：20	时间：84.4605884552002	客户端：[87, 14, 78, 35, 39, 73, 94, 98, 70, 83, 121, 95, 115, 32, 122, 72, 63, 10, 55, 97]
客户端数：30	时间：147.6416893005371	客户端：[87, 14, 78, 35, 39, 73, 94, 98, 70, 83, 121, 95, 115, 32, 122, 72, 63, 10, 55, 97, 75, 106, 105, 118, 99, 6, 92, 89, 52, 26]
客户端数：40	时间：237.43289136886597	客户端：[87, 14, 78, 35, 39, 73, 94, 98, 70, 83, 121, 95, 115, 32, 122, 72, 63, 10, 55, 97, 75, 106, 105, 118, 99, 6, 92, 89, 52, 26, 117, 69, 49, 61, 5, 81, 34, 77, 28, 102]
客户端数：50	时间：353.6887834072113	客户端：[87, 14, 78, 35, 39, 73, 94, 98, 70, 83, 121, 95, 115, 32, 122, 72, 63, 10, 55, 97, 75, 106, 105, 118, 99, 6, 92, 89, 52, 26, 117, 69, 49, 61, 5, 81, 34, 77, 28, 102, 74, 108, 46, 88, 4, 85, 33, 48, 54, 19]
客户端数：60	时间：496.77086424827576	客户端：[87, 14, 78, 35, 39, 73, 94, 98, 70, 83, 121, 95, 115, 32, 122, 72, 63, 10, 55, 97, 75, 106, 105, 118, 99, 6, 92, 89, 52, 26, 117, 69, 49, 61, 5, 81, 34, 77, 28, 102, 74, 108, 46, 88, 4, 85, 33, 48, 54, 19, 51, 8, 13, 127, 31, 44, 47, 114, 125, 128]
客户端数：70	时间：666.7973937988281	客户端：[87, 14, 78, 35, 39, 73, 94, 98, 70, 83, 121, 95, 115, 32, 122, 72, 63, 10, 55, 97, 75, 106, 105, 118, 99, 6, 92, 89, 52, 26, 117, 69, 49, 61, 5, 81, 34, 77, 28, 102, 74, 108, 46, 88, 4, 85, 33, 48, 54, 19, 51, 8, 13, 127, 31, 44, 47, 114, 125, 128, 37, 22, 84, 124, 62, 45, 50, 56, 27, 112]
客户端数：80	时间：864.1062324047089	客户端：[87, 14, 78, 35, 39, 73, 94, 98, 70, 83, 121, 95, 115, 32, 122, 72, 63, 10, 55, 97, 75, 106, 105, 118, 99, 6, 92, 89, 52, 26, 117, 69, 49, 61, 5, 81, 34, 77, 28, 102, 74, 108, 46, 88, 4, 85, 33, 48, 54, 19, 51, 8, 13, 127, 31, 44, 47, 114, 125, 128, 37, 22, 84, 124, 62, 45, 50, 56, 27, 112, 104, 107, 110, 15, 68, 116, 65, 71, 18, 3]
客户端数：90	时间：1087.765439748764	客户端：[87, 14, 78, 35, 39, 73, 94, 98, 70, 83, 121, 95, 115, 32, 122, 72, 63, 10, 55, 97, 75, 106, 105, 118, 99, 6, 92, 89, 52, 26, 117, 69, 49, 61, 5, 81, 34, 77, 28, 102, 74, 108, 46, 88, 4, 85, 33, 48, 54, 19, 51, 8, 13, 127, 31, 44, 47, 114, 125, 128, 37, 22, 84, 124, 62, 45, 50, 56, 27, 112, 104, 107, 110, 15, 68, 116, 65, 71, 18, 3, 12, 40, 103, 38, 79, 80, 100, 29, 58, 36]
客户端数：100	时间：1338.6393597126007	客户端：[87, 14, 78, 35, 39, 73, 94, 98, 70, 83, 121, 95, 115, 32, 122, 72, 63, 10, 55, 97, 75, 106, 105, 118, 99, 6, 92, 89, 52, 26, 117, 69, 49, 61, 5, 81, 34, 77, 28, 102, 74, 108, 46, 88, 4, 85, 33, 48, 54, 19, 51, 8, 13, 127, 31, 44, 47, 114, 125, 128, 37, 22, 84, 124, 62, 45, 50, 56, 27, 112, 104, 107, 110, 15, 68, 116, 65, 71, 18, 3, 12, 40, 103, 38, 79, 80, 100, 29, 58, 36, 60, 123, 53, 7, 82, 41, 1, 11, 76, 17]
客户端数：110	时间：1660.5806782245636	客户端：[87, 14, 78, 35, 39, 73, 94, 98, 70, 83, 121, 95, 115, 32, 122, 72, 63, 10, 55, 97, 75, 106, 105, 118, 99, 6, 92, 89, 52, 26, 117, 69, 49, 61, 5, 81, 34, 77, 28, 102, 74, 108, 46, 88, 4, 85, 33, 48, 54, 19, 51, 8, 13, 127, 31, 44, 47, 114, 125, 128, 37, 22, 84, 124, 62, 45, 50, 56, 27, 112, 104, 107, 110, 15, 68, 116, 65, 71, 18, 3, 12, 40, 103, 38, 79, 80, 100, 29, 58, 36, 60, 123, 53, 7, 82, 41, 1, 11, 76, 17, 59, 111, 24, 93, 25, 23, 90, 91, 96, 66]
客户端数：113	时间：1749.0318944454193	客户端：[87, 14, 78, 35, 39, 73, 94, 98, 70, 83, 121, 95, 115, 32, 122, 72, 63, 10, 55, 97, 75, 106, 105, 118, 99, 6, 92, 89, 52, 26, 117, 69, 49, 61, 5, 81, 34, 77, 28, 102, 74, 108, 46, 88, 4, 85, 33, 48, 54, 19, 51, 8, 13, 127, 31, 44, 47, 114, 125, 128, 37, 22, 84, 124, 62, 45, 50, 56, 27, 112, 104, 107, 110, 15, 68, 116, 65, 71, 18, 3, 12, 40, 103, 38, 79, 80, 100, 29, 58, 36, 60, 123, 53, 7, 82, 41, 1, 11, 76, 17, 59, 111, 24, 93, 25, 23, 90, 91, 96, 66, 20, 67, 120]
BYTE
客户端数：10	字节数：3200000	客户端：[117, 15, 73, 95, 75, 34, 63, 32, 118, 17]
客户端数：20	字节数：6400000	客户端：[117, 15, 73, 95, 75, 34, 63, 32, 118, 17, 97, 89, 128, 53, 54, 123, 60, 39, 77, 11]
客户端数：30	字节数：9600000	客户端：[117, 15, 73, 95, 75, 34, 63, 32, 118, 17, 97, 89, 128, 53, 54, 123, 60, 39, 77, 11, 79, 13, 52, 74, 83, 7, 81, 98, 72, 124]
客户端数：40	字节数：12800000	客户端：[117, 15, 73, 95, 75, 34, 63, 32, 118, 17, 97, 89, 128, 53, 54, 123, 60, 39, 77, 11, 79, 13, 52, 74, 83, 7, 81, 98, 72, 124, 99, 46, 108, 69, 25, 8, 26, 100, 103, 94]
客户端数：50	字节数：16000000	客户端：[117, 15, 73, 95, 75, 34, 63, 32, 118, 17, 97, 89, 128, 53, 54, 123, 60, 39, 77, 11, 79, 13, 52, 74, 83, 7, 81, 98, 72, 124, 99, 46, 108, 69, 25, 8, 26, 100, 103, 94, 44, 107, 41, 12, 115, 4, 40, 70, 82, 93]
客户端数：60	字节数：19200000	客户端：[117, 15, 73, 95, 75, 34, 63, 32, 118, 17, 97, 89, 128, 53, 54, 123, 60, 39, 77, 11, 79, 13, 52, 74, 83, 7, 81, 98, 72, 124, 99, 46, 108, 69, 25, 8, 26, 100, 103, 94, 44, 107, 41, 12, 115, 4, 40, 70, 82, 93, 104, 67, 24, 59, 48, 121, 114, 45, 36, 84]
客户端数：70	字节数：22400000	客户端：[117, 15, 73, 95, 75, 34, 63, 32, 118, 17, 97, 89, 128, 53, 54, 123, 60, 39, 77, 11, 79, 13, 52, 74, 83, 7, 81, 98, 72, 124, 99, 46, 108, 69, 25, 8, 26, 100, 103, 94, 44, 107, 41, 12, 115, 4, 40, 70, 82, 93, 104, 67, 24, 59, 48, 121, 114, 45, 36, 84, 5, 37, 111, 1, 88, 112, 110, 20, 51, 10]
客户端数：80	字节数：25600000	客户端：[117, 15, 73, 95, 75, 34, 63, 32, 118, 17, 97, 89, 128, 53, 54, 123, 60, 39, 77, 11, 79, 13, 52, 74, 83, 7, 81, 98, 72, 124, 99, 46, 108, 69, 25, 8, 26, 100, 103, 94, 44, 107, 41, 12, 115, 4, 40, 70, 82, 93, 104, 67, 24, 59, 48, 121, 114, 45, 36, 84, 5, 37, 111, 1, 88, 112, 110, 20, 51, 10, 90, 101, 61, 3, 78, 19, 71, 68, 120, 6]
客户端数：90	字节数：28800000	客户端：[117, 15, 73, 95, 75, 34, 63, 32, 118, 17, 97, 89, 128, 53, 54, 123, 60, 39, 77, 11, 79, 13, 52, 74, 83, 7, 81, 98, 72, 124, 99, 46, 108, 69, 25, 8, 26, 100, 103, 94, 44, 107, 41, 12, 115, 4, 40, 70, 82, 93, 104, 67, 24, 59, 48, 121, 114, 45, 36, 84, 5, 37, 111, 1, 88, 112, 110, 20, 51, 10, 90, 101, 61, 3, 78, 19, 71, 68, 120, 6, 29, 14, 56, 116, 49, 65, 76, 27, 47, 125]
客户端数：100	字节数：32000000	客户端：[117, 15, 73, 95, 75, 34, 63, 32, 118, 17, 97, 89, 128, 53, 54, 123, 60, 39, 77, 11, 79, 13, 52, 74, 83, 7, 81, 98, 72, 124, 99, 46, 108, 69, 25, 8, 26, 100, 103, 94, 44, 107, 41, 12, 115, 4, 40, 70, 82, 93, 104, 67, 24, 59, 48, 121, 114, 45, 36, 84, 5, 37, 111, 1, 88, 112, 110, 20, 51, 10, 90, 101, 61, 3, 78, 19, 71, 68, 120, 6, 29, 14, 56, 116, 49, 65, 76, 27, 47, 125, 28, 127, 22, 31, 58, 105, 38, 85, 102, 80]
客户端数：110	字节数：35200000	客户端：[117, 15, 73, 95, 75, 34, 63, 32, 118, 17, 97, 89, 128, 53, 54, 123, 60, 39, 77, 11, 79, 13, 52, 74, 83, 7, 81, 98, 72, 124, 99, 46, 108, 69, 25, 8, 26, 100, 103, 94, 44, 107, 41, 12, 115, 4, 40, 70, 82, 93, 104, 67, 24, 59, 48, 121, 114, 45, 36, 84, 5, 37, 111, 1, 88, 112, 110, 20, 51, 10, 90, 101, 61, 3, 78, 19, 71, 68, 120, 6, 29, 14, 56, 116, 49, 65, 76, 27, 47, 125, 28, 127, 22, 31, 58, 105, 38, 85, 102, 80, 106, 62, 96, 92, 35, 122, 18, 55, 50, 91]
客户端数：112	字节数：35840000	客户端：[117, 15, 73, 95, 75, 34, 63, 32, 118, 17, 97, 89, 128, 53, 54, 123, 60, 39, 77, 11, 79, 13, 52, 74, 83, 7, 81, 98, 72, 124, 99, 46, 108, 69, 25, 8, 26, 100, 103, 94, 44, 107, 41, 12, 115, 4, 40, 70, 82, 93, 104, 67, 24, 59, 48, 121, 114, 45, 36, 84, 5, 37, 111, 1, 88, 112, 110, 20, 51, 10, 90, 101, 61, 3, 78, 19, 71, 68, 120, 6, 29, 14, 56, 116, 49, 65, 76, 27, 47, 125, 28, 127, 22, 31, 58, 105, 38, 85, 102, 80, 106, 62, 96, 92, 35, 122, 18, 55, 50, 91, 33, 23]
PRO_LEN：320000
score：0.9650793650793651
loss rate：0.03492063492063491
finished iteration：2023-01-01 00:03:51.432023

Number of rounds 8
T1
客户端数：10	时间：0.0009975433349609375	客户端：[72, 73, 118, 95, 77, 63, 117, 78, 54, 34]
客户端数：20	时间：0.0029180049896240234	客户端：[72, 73, 118, 95, 77, 63, 117, 78, 54, 34, 75, 89, 5, 74, 8, 102, 55, 28, 39, 121]
客户端数：30	时间：0.006900787353515625	客户端：[72, 73, 118, 95, 77, 63, 117, 78, 54, 34, 75, 89, 5, 74, 8, 102, 55, 28, 39, 121, 98, 51, 52, 61, 124, 122, 26, 115, 104, 81]
客户端数：40	时间：0.009892463684082031	客户端：[72, 73, 118, 95, 77, 63, 117, 78, 54, 34, 75, 89, 5, 74, 8, 102, 55, 28, 39, 121, 98, 51, 52, 61, 124, 122, 26, 115, 104, 81, 31, 88, 49, 4, 56, 105, 32, 106, 70, 22]
客户端数：50	时间：0.010889768600463867	客户端：[72, 73, 118, 95, 77, 63, 117, 78, 54, 34, 75, 89, 5, 74, 8, 102, 55, 28, 39, 121, 98, 51, 52, 61, 124, 122, 26, 115, 104, 81, 31, 88, 49, 4, 56, 105, 32, 106, 70, 22, 27, 37, 6, 128, 15, 33, 48, 94, 68, 127]
客户端数：60	时间：0.014879226684570312	客户端：[72, 73, 118, 95, 77, 63, 117, 78, 54, 34, 75, 89, 5, 74, 8, 102, 55, 28, 39, 121, 98, 51, 52, 61, 124, 122, 26, 115, 104, 81, 31, 88, 49, 4, 56, 105, 32, 106, 70, 22, 27, 37, 6, 128, 15, 33, 48, 94, 68, 127, 47, 116, 45, 44, 50, 62, 110, 71, 65, 3]
客户端数：70	时间：0.017872095108032227	客户端：[72, 73, 118, 95, 77, 63, 117, 78, 54, 34, 75, 89, 5, 74, 8, 102, 55, 28, 39, 121, 98, 51, 52, 61, 124, 122, 26, 115, 104, 81, 31, 88, 49, 4, 56, 105, 32, 106, 70, 22, 27, 37, 6, 128, 15, 33, 48, 94, 68, 127, 47, 116, 45, 44, 50, 62, 110, 71, 65, 3, 103, 35, 12, 13, 40, 10, 46, 85, 18, 99]
客户端数：80	时间：0.02086472511291504	客户端：[72, 73, 118, 95, 77, 63, 117, 78, 54, 34, 75, 89, 5, 74, 8, 102, 55, 28, 39, 121, 98, 51, 52, 61, 124, 122, 26, 115, 104, 81, 31, 88, 49, 4, 56, 105, 32, 106, 70, 22, 27, 37, 6, 128, 15, 33, 48, 94, 68, 127, 47, 116, 45, 44, 50, 62, 110, 71, 65, 3, 103, 35, 12, 13, 40, 10, 46, 85, 18, 99, 97, 80, 79, 38, 83, 100, 123, 29, 60, 36]
客户端数：90	时间：0.022858858108520508	客户端：[72, 73, 118, 95, 77, 63, 117, 78, 54, 34, 75, 89, 5, 74, 8, 102, 55, 28, 39, 121, 98, 51, 52, 61, 124, 122, 26, 115, 104, 81, 31, 88, 49, 4, 56, 105, 32, 106, 70, 22, 27, 37, 6, 128, 15, 33, 48, 94, 68, 127, 47, 116, 45, 44, 50, 62, 110, 71, 65, 3, 103, 35, 12, 13, 40, 10, 46, 85, 18, 99, 97, 80, 79, 38, 83, 100, 123, 29, 60, 36, 58, 114, 112, 53, 125, 7, 92, 82, 41, 76]
客户端数：100	时间：0.024854183197021484	客户端：[72, 73, 118, 95, 77, 63, 117, 78, 54, 34, 75, 89, 5, 74, 8, 102, 55, 28, 39, 121, 98, 51, 52, 61, 124, 122, 26, 115, 104, 81, 31, 88, 49, 4, 56, 105, 32, 106, 70, 22, 27, 37, 6, 128, 15, 33, 48, 94, 68, 127, 47, 116, 45, 44, 50, 62, 110, 71, 65, 3, 103, 35, 12, 13, 40, 10, 46, 85, 18, 99, 97, 80, 79, 38, 83, 100, 123, 29, 60, 36, 58, 114, 112, 53, 125, 7, 92, 82, 41, 76, 108, 1, 17, 69, 59, 11, 111, 24, 84, 23]
客户端数：110	时间：0.027845144271850586	客户端：[72, 73, 118, 95, 77, 63, 117, 78, 54, 34, 75, 89, 5, 74, 8, 102, 55, 28, 39, 121, 98, 51, 52, 61, 124, 122, 26, 115, 104, 81, 31, 88, 49, 4, 56, 105, 32, 106, 70, 22, 27, 37, 6, 128, 15, 33, 48, 94, 68, 127, 47, 116, 45, 44, 50, 62, 110, 71, 65, 3, 103, 35, 12, 13, 40, 10, 46, 85, 18, 99, 97, 80, 79, 38, 83, 100, 123, 29, 60, 36, 58, 114, 112, 53, 125, 7, 92, 82, 41, 76, 108, 1, 17, 69, 59, 11, 111, 24, 84, 23, 14, 90, 19, 91, 96, 93, 20, 67, 25, 120]
客户端数：111	时间：0.027845144271850586	客户端：[72, 73, 118, 95, 77, 63, 117, 78, 54, 34, 75, 89, 5, 74, 8, 102, 55, 28, 39, 121, 98, 51, 52, 61, 124, 122, 26, 115, 104, 81, 31, 88, 49, 4, 56, 105, 32, 106, 70, 22, 27, 37, 6, 128, 15, 33, 48, 94, 68, 127, 47, 116, 45, 44, 50, 62, 110, 71, 65, 3, 103, 35, 12, 13, 40, 10, 46, 85, 18, 99, 97, 80, 79, 38, 83, 100, 123, 29, 60, 36, 58, 114, 112, 53, 125, 7, 92, 82, 41, 76, 108, 1, 17, 69, 59, 11, 111, 24, 84, 23, 14, 90, 19, 91, 96, 93, 20, 67, 25, 120, 107]
T2
客户端数：10	时间：0.005028486251831055	客户端：[75, 14, 83, 117, 52, 78, 35, 94, 39, 97]
客户端数：20	时间：0.009890556335449219	客户端：[75, 14, 83, 117, 52, 78, 35, 94, 39, 97, 116, 32, 24, 55, 79, 98, 121, 17, 63, 85]
客户端数：30	时间：0.012409687042236328	客户端：[75, 14, 83, 117, 52, 78, 35, 94, 39, 97, 116, 32, 24, 55, 79, 98, 121, 17, 63, 85, 105, 92, 6, 31, 72, 118, 53, 81, 104, 7]
客户端数：40	时间：0.013501644134521484	客户端：[75, 14, 83, 117, 52, 78, 35, 94, 39, 97, 116, 32, 24, 55, 79, 98, 121, 17, 63, 85, 105, 92, 6, 31, 72, 118, 53, 81, 104, 7, 91, 89, 23, 84, 125, 100, 60, 5, 95, 108]
客户端数：50	时间：0.015491008758544922	客户端：[75, 14, 83, 117, 52, 78, 35, 94, 39, 97, 116, 32, 24, 55, 79, 98, 121, 17, 63, 85, 105, 92, 6, 31, 72, 118, 53, 81, 104, 7, 91, 89, 23, 84, 125, 100, 60, 5, 95, 108, 33, 25, 11, 38, 88, 67, 111, 90, 123, 54]
客户端数：60	时间：0.01848435401916504	客户端：[75, 14, 83, 117, 52, 78, 35, 94, 39, 97, 116, 32, 24, 55, 79, 98, 121, 17, 63, 85, 105, 92, 6, 31, 72, 118, 53, 81, 104, 7, 91, 89, 23, 84, 125, 100, 60, 5, 95, 108, 33, 25, 11, 38, 88, 67, 111, 90, 123, 54, 37, 93, 29, 73, 19, 22, 76, 124, 51, 71]
客户端数：70	时间：0.021477699279785156	客户端：[75, 14, 83, 117, 52, 78, 35, 94, 39, 97, 116, 32, 24, 55, 79, 98, 121, 17, 63, 85, 105, 92, 6, 31, 72, 118, 53, 81, 104, 7, 91, 89, 23, 84, 125, 100, 60, 5, 95, 108, 33, 25, 11, 38, 88, 67, 111, 90, 123, 54, 37, 93, 29, 73, 19, 22, 76, 124, 51, 71, 3, 45, 59, 68, 27, 40, 34, 28, 49, 56]
客户端数：80	时间：0.023471832275390625	客户端：[75, 14, 83, 117, 52, 78, 35, 94, 39, 97, 116, 32, 24, 55, 79, 98, 121, 17, 63, 85, 105, 92, 6, 31, 72, 118, 53, 81, 104, 7, 91, 89, 23, 84, 125, 100, 60, 5, 95, 108, 33, 25, 11, 38, 88, 67, 111, 90, 123, 54, 37, 93, 29, 73, 19, 22, 76, 124, 51, 71, 3, 45, 59, 68, 27, 40, 34, 28, 49, 56, 1, 107, 18, 58, 120, 110, 112, 122, 46, 48]
客户端数：90	时间：0.024469614028930664	客户端：[75, 14, 83, 117, 52, 78, 35, 94, 39, 97, 116, 32, 24, 55, 79, 98, 121, 17, 63, 85, 105, 92, 6, 31, 72, 118, 53, 81, 104, 7, 91, 89, 23, 84, 125, 100, 60, 5, 95, 108, 33, 25, 11, 38, 88, 67, 111, 90, 123, 54, 37, 93, 29, 73, 19, 22, 76, 124, 51, 71, 3, 45, 59, 68, 27, 40, 34, 28, 49, 56, 1, 107, 18, 58, 120, 110, 112, 122, 46, 48, 50, 65, 101, 41, 15, 99, 8, 128, 82, 106]
客户端数：100	时间：0.026468753814697266	客户端：[75, 14, 83, 117, 52, 78, 35, 94, 39, 97, 116, 32, 24, 55, 79, 98, 121, 17, 63, 85, 105, 92, 6, 31, 72, 118, 53, 81, 104, 7, 91, 89, 23, 84, 125, 100, 60, 5, 95, 108, 33, 25, 11, 38, 88, 67, 111, 90, 123, 54, 37, 93, 29, 73, 19, 22, 76, 124, 51, 71, 3, 45, 59, 68, 27, 40, 34, 28, 49, 56, 1, 107, 18, 58, 120, 110, 112, 122, 46, 48, 50, 65, 101, 41, 15, 99, 8, 128, 82, 106, 47, 26, 74, 13, 61, 20, 96, 44, 114, 77]
客户端数：110	时间：0.028387069702148438	客户端：[75, 14, 83, 117, 52, 78, 35, 94, 39, 97, 116, 32, 24, 55, 79, 98, 121, 17, 63, 85, 105, 92, 6, 31, 72, 118, 53, 81, 104, 7, 91, 89, 23, 84, 125, 100, 60, 5, 95, 108, 33, 25, 11, 38, 88, 67, 111, 90, 123, 54, 37, 93, 29, 73, 19, 22, 76, 124, 51, 71, 3, 45, 59, 68, 27, 40, 34, 28, 49, 56, 1, 107, 18, 58, 120, 110, 112, 122, 46, 48, 50, 65, 101, 41, 15, 99, 8, 128, 82, 106, 47, 26, 74, 13, 61, 20, 96, 44, 114, 77, 102, 36, 10, 127, 12, 70, 80, 115, 4, 103]
客户端数：111	时间：0.02938103675842285	客户端：[75, 14, 83, 117, 52, 78, 35, 94, 39, 97, 116, 32, 24, 55, 79, 98, 121, 17, 63, 85, 105, 92, 6, 31, 72, 118, 53, 81, 104, 7, 91, 89, 23, 84, 125, 100, 60, 5, 95, 108, 33, 25, 11, 38, 88, 67, 111, 90, 123, 54, 37, 93, 29, 73, 19, 22, 76, 124, 51, 71, 3, 45, 59, 68, 27, 40, 34, 28, 49, 56, 1, 107, 18, 58, 120, 110, 112, 122, 46, 48, 50, 65, 101, 41, 15, 99, 8, 128, 82, 106, 47, 26, 74, 13, 61, 20, 96, 44, 114, 77, 102, 36, 10, 127, 12, 70, 80, 115, 4, 103, 69]
T3
客户端数：10	时间：13.109803915023804	客户端：[75, 14, 83, 117, 52, 78, 35, 94, 39, 97]
客户端数：20	时间：52.816670656204224	客户端：[75, 14, 83, 117, 52, 78, 35, 94, 39, 97, 116, 32, 24, 55, 79, 98, 121, 17, 63, 85]
客户端数：30	时间：118.94681596755981	客户端：[75, 14, 83, 117, 52, 78, 35, 94, 39, 97, 116, 32, 24, 55, 79, 98, 121, 17, 63, 85, 105, 92, 6, 31, 72, 118, 53, 81, 104, 7]
客户端数：40	时间：212.29155373573303	客户端：[75, 14, 83, 117, 52, 78, 35, 94, 39, 97, 116, 32, 24, 55, 79, 98, 121, 17, 63, 85, 105, 92, 6, 31, 72, 118, 53, 81, 104, 7, 91, 89, 23, 84, 125, 100, 60, 5, 95, 108]
客户端数：50	时间：332.04438376426697	客户端：[75, 14, 83, 117, 52, 78, 35, 94, 39, 97, 116, 32, 24, 55, 79, 98, 121, 17, 63, 85, 105, 92, 6, 31, 72, 118, 53, 81, 104, 7, 91, 89, 23, 84, 125, 100, 60, 5, 95, 108, 33, 25, 11, 38, 88, 67, 111, 90, 123, 54]
客户端数：60	时间：477.90470695495605	客户端：[75, 14, 83, 117, 52, 78, 35, 94, 39, 97, 116, 32, 24, 55, 79, 98, 121, 17, 63, 85, 105, 92, 6, 31, 72, 118, 53, 81, 104, 7, 91, 89, 23, 84, 125, 100, 60, 5, 95, 108, 33, 25, 11, 38, 88, 67, 111, 90, 123, 54, 37, 93, 29, 73, 19, 22, 76, 124, 51, 71]
客户端数：70	时间：650.4021897315979	客户端：[75, 14, 83, 117, 52, 78, 35, 94, 39, 97, 116, 32, 24, 55, 79, 98, 121, 17, 63, 85, 105, 92, 6, 31, 72, 118, 53, 81, 104, 7, 91, 89, 23, 84, 125, 100, 60, 5, 95, 108, 33, 25, 11, 38, 88, 67, 111, 90, 123, 54, 37, 93, 29, 73, 19, 22, 76, 124, 51, 71, 3, 45, 59, 68, 27, 40, 34, 28, 49, 56]
客户端数：80	时间：848.8534600734711	客户端：[75, 14, 83, 117, 52, 78, 35, 94, 39, 97, 116, 32, 24, 55, 79, 98, 121, 17, 63, 85, 105, 92, 6, 31, 72, 118, 53, 81, 104, 7, 91, 89, 23, 84, 125, 100, 60, 5, 95, 108, 33, 25, 11, 38, 88, 67, 111, 90, 123, 54, 37, 93, 29, 73, 19, 22, 76, 124, 51, 71, 3, 45, 59, 68, 27, 40, 34, 28, 49, 56, 1, 107, 18, 58, 120, 110, 112, 122, 46, 48]
客户端数：90	时间：1116.392837047577	客户端：[75, 14, 83, 117, 52, 78, 35, 94, 39, 97, 116, 32, 24, 55, 79, 98, 121, 17, 63, 85, 105, 92, 6, 31, 72, 118, 53, 81, 104, 7, 91, 89, 23, 84, 125, 100, 60, 5, 95, 108, 33, 25, 11, 38, 88, 67, 111, 90, 123, 54, 37, 93, 29, 73, 19, 22, 76, 124, 51, 71, 3, 45, 59, 68, 27, 40, 34, 28, 49, 56, 1, 107, 18, 58, 120, 110, 112, 122, 46, 48, 50, 65, 101, 41, 15, 99, 8, 128, 82, 106]
客户端数：100	时间：1367.3230979442596	客户端：[75, 14, 83, 117, 52, 78, 35, 94, 39, 97, 116, 32, 24, 55, 79, 98, 121, 17, 63, 85, 105, 92, 6, 31, 72, 118, 53, 81, 104, 7, 91, 89, 23, 84, 125, 100, 60, 5, 95, 108, 33, 25, 11, 38, 88, 67, 111, 90, 123, 54, 37, 93, 29, 73, 19, 22, 76, 124, 51, 71, 3, 45, 59, 68, 27, 40, 34, 28, 49, 56, 1, 107, 18, 58, 120, 110, 112, 122, 46, 48, 50, 65, 101, 41, 15, 99, 8, 128, 82, 106, 47, 26, 74, 13, 61, 20, 96, 44, 114, 77]
客户端数：110	时间：1645.1411604881287	客户端：[75, 14, 83, 117, 52, 78, 35, 94, 39, 97, 116, 32, 24, 55, 79, 98, 121, 17, 63, 85, 105, 92, 6, 31, 72, 118, 53, 81, 104, 7, 91, 89, 23, 84, 125, 100, 60, 5, 95, 108, 33, 25, 11, 38, 88, 67, 111, 90, 123, 54, 37, 93, 29, 73, 19, 22, 76, 124, 51, 71, 3, 45, 59, 68, 27, 40, 34, 28, 49, 56, 1, 107, 18, 58, 120, 110, 112, 122, 46, 48, 50, 65, 101, 41, 15, 99, 8, 128, 82, 106, 47, 26, 74, 13, 61, 20, 96, 44, 114, 77, 102, 36, 10, 127, 12, 70, 80, 115, 4, 103]
客户端数：111	时间：1674.457258939743	客户端：[75, 14, 83, 117, 52, 78, 35, 94, 39, 97, 116, 32, 24, 55, 79, 98, 121, 17, 63, 85, 105, 92, 6, 31, 72, 118, 53, 81, 104, 7, 91, 89, 23, 84, 125, 100, 60, 5, 95, 108, 33, 25, 11, 38, 88, 67, 111, 90, 123, 54, 37, 93, 29, 73, 19, 22, 76, 124, 51, 71, 3, 45, 59, 68, 27, 40, 34, 28, 49, 56, 1, 107, 18, 58, 120, 110, 112, 122, 46, 48, 50, 65, 101, 41, 15, 99, 8, 128, 82, 106, 47, 26, 74, 13, 61, 20, 96, 44, 114, 77, 102, 36, 10, 127, 12, 70, 80, 115, 4, 103, 69]
BYTE
客户端数：10	字节数：3200000	客户端：[72, 73, 118, 95, 77, 63, 117, 78, 54, 34]
客户端数：20	字节数：6400000	客户端：[72, 73, 118, 95, 77, 63, 117, 78, 54, 34, 75, 89, 5, 74, 8, 102, 55, 28, 39, 121]
客户端数：30	字节数：9600000	客户端：[72, 73, 118, 95, 77, 63, 117, 78, 54, 34, 75, 89, 5, 74, 8, 102, 55, 28, 39, 121, 98, 51, 52, 61, 124, 122, 26, 115, 104, 81]
客户端数：40	字节数：12800000	客户端：[72, 73, 118, 95, 77, 63, 117, 78, 54, 34, 75, 89, 5, 74, 8, 102, 55, 28, 39, 121, 98, 51, 52, 61, 124, 122, 26, 115, 104, 81, 31, 88, 49, 4, 56, 105, 32, 106, 70, 22]
客户端数：50	字节数：16000000	客户端：[72, 73, 118, 95, 77, 63, 117, 78, 54, 34, 75, 89, 5, 74, 8, 102, 55, 28, 39, 121, 98, 51, 52, 61, 124, 122, 26, 115, 104, 81, 31, 88, 49, 4, 56, 105, 32, 106, 70, 22, 27, 37, 6, 128, 15, 33, 48, 94, 68, 127]
客户端数：60	字节数：19200000	客户端：[72, 73, 118, 95, 77, 63, 117, 78, 54, 34, 75, 89, 5, 74, 8, 102, 55, 28, 39, 121, 98, 51, 52, 61, 124, 122, 26, 115, 104, 81, 31, 88, 49, 4, 56, 105, 32, 106, 70, 22, 27, 37, 6, 128, 15, 33, 48, 94, 68, 127, 47, 116, 45, 44, 50, 62, 110, 71, 65, 3]
客户端数：70	字节数：22400000	客户端：[72, 73, 118, 95, 77, 63, 117, 78, 54, 34, 75, 89, 5, 74, 8, 102, 55, 28, 39, 121, 98, 51, 52, 61, 124, 122, 26, 115, 104, 81, 31, 88, 49, 4, 56, 105, 32, 106, 70, 22, 27, 37, 6, 128, 15, 33, 48, 94, 68, 127, 47, 116, 45, 44, 50, 62, 110, 71, 65, 3, 103, 35, 12, 13, 40, 10, 46, 85, 18, 99]
客户端数：80	字节数：25600000	客户端：[72, 73, 118, 95, 77, 63, 117, 78, 54, 34, 75, 89, 5, 74, 8, 102, 55, 28, 39, 121, 98, 51, 52, 61, 124, 122, 26, 115, 104, 81, 31, 88, 49, 4, 56, 105, 32, 106, 70, 22, 27, 37, 6, 128, 15, 33, 48, 94, 68, 127, 47, 116, 45, 44, 50, 62, 110, 71, 65, 3, 103, 35, 12, 13, 40, 10, 46, 85, 18, 99, 97, 80, 79, 38, 83, 100, 123, 29, 60, 36]
客户端数：90	字节数：28800000	客户端：[72, 73, 118, 95, 77, 63, 117, 78, 54, 34, 75, 89, 5, 74, 8, 102, 55, 28, 39, 121, 98, 51, 52, 61, 124, 122, 26, 115, 104, 81, 31, 88, 49, 4, 56, 105, 32, 106, 70, 22, 27, 37, 6, 128, 15, 33, 48, 94, 68, 127, 47, 116, 45, 44, 50, 62, 110, 71, 65, 3, 103, 35, 12, 13, 40, 10, 46, 85, 18, 99, 97, 80, 79, 38, 83, 100, 123, 29, 60, 36, 58, 114, 112, 53, 125, 7, 92, 82, 41, 76]
客户端数：100	字节数：32000000	客户端：[72, 73, 118, 95, 77, 63, 117, 78, 54, 34, 75, 89, 5, 74, 8, 102, 55, 28, 39, 121, 98, 51, 52, 61, 124, 122, 26, 115, 104, 81, 31, 88, 49, 4, 56, 105, 32, 106, 70, 22, 27, 37, 6, 128, 15, 33, 48, 94, 68, 127, 47, 116, 45, 44, 50, 62, 110, 71, 65, 3, 103, 35, 12, 13, 40, 10, 46, 85, 18, 99, 97, 80, 79, 38, 83, 100, 123, 29, 60, 36, 58, 114, 112, 53, 125, 7, 92, 82, 41, 76, 108, 1, 17, 69, 59, 11, 111, 24, 84, 23]
客户端数：110	字节数：35200000	客户端：[72, 73, 118, 95, 77, 63, 117, 78, 54, 34, 75, 89, 5, 74, 8, 102, 55, 28, 39, 121, 98, 51, 52, 61, 124, 122, 26, 115, 104, 81, 31, 88, 49, 4, 56, 105, 32, 106, 70, 22, 27, 37, 6, 128, 15, 33, 48, 94, 68, 127, 47, 116, 45, 44, 50, 62, 110, 71, 65, 3, 103, 35, 12, 13, 40, 10, 46, 85, 18, 99, 97, 80, 79, 38, 83, 100, 123, 29, 60, 36, 58, 114, 112, 53, 125, 7, 92, 82, 41, 76, 108, 1, 17, 69, 59, 11, 111, 24, 84, 23, 14, 90, 19, 91, 96, 93, 20, 67, 25, 120]
客户端数：111	字节数：35520000	客户端：[72, 73, 118, 95, 77, 63, 117, 78, 54, 34, 75, 89, 5, 74, 8, 102, 55, 28, 39, 121, 98, 51, 52, 61, 124, 122, 26, 115, 104, 81, 31, 88, 49, 4, 56, 105, 32, 106, 70, 22, 27, 37, 6, 128, 15, 33, 48, 94, 68, 127, 47, 116, 45, 44, 50, 62, 110, 71, 65, 3, 103, 35, 12, 13, 40, 10, 46, 85, 18, 99, 97, 80, 79, 38, 83, 100, 123, 29, 60, 36, 58, 114, 112, 53, 125, 7, 92, 82, 41, 76, 108, 1, 17, 69, 59, 11, 111, 24, 84, 23, 14, 90, 19, 91, 96, 93, 20, 67, 25, 120, 107]
PRO_LEN：320000
score：0.9644444444444444
loss rate：0.03555555555555556
finished iteration：2023-01-01 00:04:11.968557

Number of rounds 9
T1
客户端数：10	时间：0.002016782760620117	客户端：[117, 116, 72, 32, 94, 24, 118, 31, 53, 123]
客户端数：20	时间：0.004987478256225586	客户端：[117, 116, 72, 32, 94, 24, 118, 31, 53, 123, 97, 98, 17, 79, 63, 11, 54, 60, 14, 5]
客户端数：30	时间：0.008976459503173828	客户端：[117, 116, 72, 32, 94, 24, 118, 31, 53, 123, 97, 98, 17, 79, 63, 11, 54, 60, 14, 5, 83, 76, 19, 68, 121, 124, 51, 67, 92, 37]
客户端数：40	时间：0.012466907501220703	客户端：[117, 116, 72, 32, 94, 24, 118, 31, 53, 123, 97, 98, 17, 79, 63, 11, 54, 60, 14, 5, 83, 76, 19, 68, 121, 124, 51, 67, 92, 37, 105, 55, 100, 88, 84, 6, 27, 91, 111, 78]
客户端数：50	时间：0.0234529972076416	客户端：[117, 116, 72, 32, 94, 24, 118, 31, 53, 123, 97, 98, 17, 79, 63, 11, 54, 60, 14, 5, 83, 76, 19, 68, 121, 124, 51, 67, 92, 37, 105, 55, 100, 88, 84, 6, 27, 91, 111, 78, 73, 120, 23, 3, 28, 85, 52, 56, 25, 71]
客户端数：60	时间：0.02644491195678711	客户端：[117, 116, 72, 32, 94, 24, 118, 31, 53, 123, 97, 98, 17, 79, 63, 11, 54, 60, 14, 5, 83, 76, 19, 68, 121, 124, 51, 67, 92, 37, 105, 55, 100, 88, 84, 6, 27, 91, 111, 78, 73, 120, 23, 3, 28, 85, 52, 56, 25, 71, 18, 45, 34, 38, 89, 112, 58, 49, 110, 35]
客户端数：70	时间：0.029437780380249023	客户端：[117, 116, 72, 32, 94, 24, 118, 31, 53, 123, 97, 98, 17, 79, 63, 11, 54, 60, 14, 5, 83, 76, 19, 68, 121, 124, 51, 67, 92, 37, 105, 55, 100, 88, 84, 6, 27, 91, 111, 78, 73, 120, 23, 3, 28, 85, 52, 56, 25, 71, 18, 45, 34, 38, 89, 112, 58, 49, 110, 35, 59, 15, 8, 50, 104, 22, 90, 81, 29, 1]
客户端数：80	时间：0.034407615661621094	客户端：[117, 116, 72, 32, 94, 24, 118, 31, 53, 123, 97, 98, 17, 79, 63, 11, 54, 60, 14, 5, 83, 76, 19, 68, 121, 124, 51, 67, 92, 37, 105, 55, 100, 88, 84, 6, 27, 91, 111, 78, 73, 120, 23, 3, 28, 85, 52, 56, 25, 71, 18, 45, 34, 38, 89, 112, 58, 49, 110, 35, 59, 15, 8, 50, 104, 22, 90, 81, 29, 1, 122, 128, 82, 75, 41, 99, 47, 74, 106, 48]
客户端数：90	时间：0.037543296813964844	客户端：[117, 116, 72, 32, 94, 24, 118, 31, 53, 123, 97, 98, 17, 79, 63, 11, 54, 60, 14, 5, 83, 76, 19, 68, 121, 124, 51, 67, 92, 37, 105, 55, 100, 88, 84, 6, 27, 91, 111, 78, 73, 120, 23, 3, 28, 85, 52, 56, 25, 71, 18, 45, 34, 38, 89, 112, 58, 49, 110, 35, 59, 15, 8, 50, 104, 22, 90, 81, 29, 1, 122, 128, 82, 75, 41, 99, 47, 74, 106, 48, 125, 107, 20, 13, 39, 108, 44, 65, 114, 7]
客户端数：100	时间：0.03945493698120117	客户端：[117, 116, 72, 32, 94, 24, 118, 31, 53, 123, 97, 98, 17, 79, 63, 11, 54, 60, 14, 5, 83, 76, 19, 68, 121, 124, 51, 67, 92, 37, 105, 55, 100, 88, 84, 6, 27, 91, 111, 78, 73, 120, 23, 3, 28, 85, 52, 56, 25, 71, 18, 45, 34, 38, 89, 112, 58, 49, 110, 35, 59, 15, 8, 50, 104, 22, 90, 81, 29, 1, 122, 128, 82, 75, 41, 99, 47, 74, 106, 48, 125, 107, 20, 13, 39, 108, 44, 65, 114, 7, 77, 102, 61, 10, 36, 96, 70, 127, 80, 12]
客户端数：108	时间：0.04330086708068848	客户端：[117, 116, 72, 32, 94, 24, 118, 31, 53, 123, 97, 98, 17, 79, 63, 11, 54, 60, 14, 5, 83, 76, 19, 68, 121, 124, 51, 67, 92, 37, 105, 55, 100, 88, 84, 6, 27, 91, 111, 78, 73, 120, 23, 3, 28, 85, 52, 56, 25, 71, 18, 45, 34, 38, 89, 112, 58, 49, 110, 35, 59, 15, 8, 50, 104, 22, 90, 81, 29, 1, 122, 128, 82, 75, 41, 99, 47, 74, 106, 48, 125, 107, 20, 13, 39, 108, 44, 65, 114, 7, 77, 102, 61, 10, 36, 96, 70, 127, 80, 12, 115, 46, 26, 93, 103, 69, 33, 4]
T2
客户端数：10	时间：0.001994609832763672	客户端：[39, 35, 83, 73, 78, 52, 117, 122, 98, 32]
客户端数：20	时间：0.0029921531677246094	客户端：[39, 35, 83, 73, 78, 52, 117, 122, 98, 32, 115, 10, 29, 106, 70, 34, 17, 85, 92, 55]
客户端数：30	时间：0.006772756576538086	客户端：[39, 35, 83, 73, 78, 52, 117, 122, 98, 32, 115, 10, 29, 106, 70, 34, 17, 85, 92, 55, 23, 72, 91, 69, 49, 105, 125, 108, 111, 12]
客户端数：40	时间：0.009767293930053711	客户端：[39, 35, 83, 73, 78, 52, 117, 122, 98, 32, 115, 10, 29, 106, 70, 34, 17, 85, 92, 55, 23, 72, 91, 69, 49, 105, 125, 108, 111, 12, 28, 100, 90, 26, 24, 67, 74, 19, 7, 11]
客户端数：50	时间：0.01275944709777832	客户端：[39, 35, 83, 73, 78, 52, 117, 122, 98, 32, 115, 10, 29, 106, 70, 34, 17, 85, 92, 55, 23, 72, 91, 69, 49, 105, 125, 108, 111, 12, 28, 100, 90, 26, 24, 67, 74, 19, 7, 11, 96, 68, 48, 13, 45, 27, 107, 51, 8, 124]
客户端数：60	时间：0.016750097274780273	客户端：[39, 35, 83, 73, 78, 52, 117, 122, 98, 32, 115, 10, 29, 106, 70, 34, 17, 85, 92, 55, 23, 72, 91, 69, 49, 105, 125, 108, 111, 12, 28, 100, 90, 26, 24, 67, 74, 19, 7, 11, 96, 68, 48, 13, 45, 27, 107, 51, 8, 124, 127, 58, 44, 82, 1, 97, 61, 56, 41, 18]
客户端数：70	时间：0.018759965896606445	客户端：[39, 35, 83, 73, 78, 52, 117, 122, 98, 32, 115, 10, 29, 106, 70, 34, 17, 85, 92, 55, 23, 72, 91, 69, 49, 105, 125, 108, 111, 12, 28, 100, 90, 26, 24, 67, 74, 19, 7, 11, 96, 68, 48, 13, 45, 27, 107, 51, 8, 124, 127, 58, 44, 82, 1, 97, 61, 56, 41, 18, 50, 54, 3, 118, 103, 22, 25, 15, 47, 63]
客户端数：80	时间：0.020755529403686523	客户端：[39, 35, 83, 73, 78, 52, 117, 122, 98, 32, 115, 10, 29, 106, 70, 34, 17, 85, 92, 55, 23, 72, 91, 69, 49, 105, 125, 108, 111, 12, 28, 100, 90, 26, 24, 67, 74, 19, 7, 11, 96, 68, 48, 13, 45, 27, 107, 51, 8, 124, 127, 58, 44, 82, 1, 97, 61, 56, 41, 18, 50, 54, 3, 118, 103, 22, 25, 15, 47, 63, 93, 38, 79, 94, 6, 33, 14, 5, 121, 4]
客户端数：90	时间：0.022762537002563477	客户端：[39, 35, 83, 73, 78, 52, 117, 122, 98, 32, 115, 10, 29, 106, 70, 34, 17, 85, 92, 55, 23, 72, 91, 69, 49, 105, 125, 108, 111, 12, 28, 100, 90, 26, 24, 67, 74, 19, 7, 11, 96, 68, 48, 13, 45, 27, 107, 51, 8, 124, 127, 58, 44, 82, 1, 97, 61, 56, 41, 18, 50, 54, 3, 118, 103, 22, 25, 15, 47, 63, 93, 38, 79, 94, 6, 33, 14, 5, 121, 4, 59, 123, 128, 116, 104, 99, 112, 60, 88, 120]
客户端数：100	时间：0.026806354522705078	客户端：[39, 35, 83, 73, 78, 52, 117, 122, 98, 32, 115, 10, 29, 106, 70, 34, 17, 85, 92, 55, 23, 72, 91, 69, 49, 105, 125, 108, 111, 12, 28, 100, 90, 26, 24, 67, 74, 19, 7, 11, 96, 68, 48, 13, 45, 27, 107, 51, 8, 124, 127, 58, 44, 82, 1, 97, 61, 56, 41, 18, 50, 54, 3, 118, 103, 22, 25, 15, 47, 63, 93, 38, 79, 94, 6, 33, 14, 5, 121, 4, 59, 123, 128, 116, 104, 99, 112, 60, 88, 120, 76, 62, 20, 37, 102, 75, 114, 81, 89, 71]
客户端数：108	时间：0.026806354522705078	客户端：[39, 35, 83, 73, 78, 52, 117, 122, 98, 32, 115, 10, 29, 106, 70, 34, 17, 85, 92, 55, 23, 72, 91, 69, 49, 105, 125, 108, 111, 12, 28, 100, 90, 26, 24, 67, 74, 19, 7, 11, 96, 68, 48, 13, 45, 27, 107, 51, 8, 124, 127, 58, 44, 82, 1, 97, 61, 56, 41, 18, 50, 54, 3, 118, 103, 22, 25, 15, 47, 63, 93, 38, 79, 94, 6, 33, 14, 5, 121, 4, 59, 123, 128, 116, 104, 99, 112, 60, 88, 120, 76, 62, 20, 37, 102, 75, 114, 81, 89, 71, 80, 31, 46, 53, 36, 77, 65, 110]
T3
客户端数：10	时间：13.999798059463501	客户端：[39, 35, 83, 73, 78, 52, 117, 122, 98, 32]
客户端数：20	时间：56.70270538330078	客户端：[39, 35, 83, 73, 78, 52, 117, 122, 98, 32, 115, 10, 29, 106, 70, 34, 17, 85, 92, 55]
客户端数：30	时间：127.16545963287354	客户端：[39, 35, 83, 73, 78, 52, 117, 122, 98, 32, 115, 10, 29, 106, 70, 34, 17, 85, 92, 55, 23, 72, 91, 69, 49, 105, 125, 108, 111, 12]
客户端数：40	时间：225.58475852012634	客户端：[39, 35, 83, 73, 78, 52, 117, 122, 98, 32, 115, 10, 29, 106, 70, 34, 17, 85, 92, 55, 23, 72, 91, 69, 49, 105, 125, 108, 111, 12, 28, 100, 90, 26, 24, 67, 74, 19, 7, 11]
客户端数：50	时间：351.7056632041931	客户端：[39, 35, 83, 73, 78, 52, 117, 122, 98, 32, 115, 10, 29, 106, 70, 34, 17, 85, 92, 55, 23, 72, 91, 69, 49, 105, 125, 108, 111, 12, 28, 100, 90, 26, 24, 67, 74, 19, 7, 11, 96, 68, 48, 13, 45, 27, 107, 51, 8, 124]
客户端数：60	时间：505.57942175865173	客户端：[39, 35, 83, 73, 78, 52, 117, 122, 98, 32, 115, 10, 29, 106, 70, 34, 17, 85, 92, 55, 23, 72, 91, 69, 49, 105, 125, 108, 111, 12, 28, 100, 90, 26, 24, 67, 74, 19, 7, 11, 96, 68, 48, 13, 45, 27, 107, 51, 8, 124, 127, 58, 44, 82, 1, 97, 61, 56, 41, 18]
客户端数：70	时间：686.7239534854889	客户端：[39, 35, 83, 73, 78, 52, 117, 122, 98, 32, 115, 10, 29, 106, 70, 34, 17, 85, 92, 55, 23, 72, 91, 69, 49, 105, 125, 108, 111, 12, 28, 100, 90, 26, 24, 67, 74, 19, 7, 11, 96, 68, 48, 13, 45, 27, 107, 51, 8, 124, 127, 58, 44, 82, 1, 97, 61, 56, 41, 18, 50, 54, 3, 118, 103, 22, 25, 15, 47, 63]
客户端数：80	时间：896.5994565486908	客户端：[39, 35, 83, 73, 78, 52, 117, 122, 98, 32, 115, 10, 29, 106, 70, 34, 17, 85, 92, 55, 23, 72, 91, 69, 49, 105, 125, 108, 111, 12, 28, 100, 90, 26, 24, 67, 74, 19, 7, 11, 96, 68, 48, 13, 45, 27, 107, 51, 8, 124, 127, 58, 44, 82, 1, 97, 61, 56, 41, 18, 50, 54, 3, 118, 103, 22, 25, 15, 47, 63, 93, 38, 79, 94, 6, 33, 14, 5, 121, 4]
客户端数：90	时间：1134.6626925468445	客户端：[39, 35, 83, 73, 78, 52, 117, 122, 98, 32, 115, 10, 29, 106, 70, 34, 17, 85, 92, 55, 23, 72, 91, 69, 49, 105, 125, 108, 111, 12, 28, 100, 90, 26, 24, 67, 74, 19, 7, 11, 96, 68, 48, 13, 45, 27, 107, 51, 8, 124, 127, 58, 44, 82, 1, 97, 61, 56, 41, 18, 50, 54, 3, 118, 103, 22, 25, 15, 47, 63, 93, 38, 79, 94, 6, 33, 14, 5, 121, 4, 59, 123, 128, 116, 104, 99, 112, 60, 88, 120]
客户端数：100	时间：1446.6986422538757	客户端：[39, 35, 83, 73, 78, 52, 117, 122, 98, 32, 115, 10, 29, 106, 70, 34, 17, 85, 92, 55, 23, 72, 91, 69, 49, 105, 125, 108, 111, 12, 28, 100, 90, 26, 24, 67, 74, 19, 7, 11, 96, 68, 48, 13, 45, 27, 107, 51, 8, 124, 127, 58, 44, 82, 1, 97, 61, 56, 41, 18, 50, 54, 3, 118, 103, 22, 25, 15, 47, 63, 93, 38, 79, 94, 6, 33, 14, 5, 121, 4, 59, 123, 128, 116, 104, 99, 112, 60, 88, 120, 76, 62, 20, 37, 102, 75, 114, 81, 89, 71]
客户端数：108	时间：1680.1346249580383	客户端：[39, 35, 83, 73, 78, 52, 117, 122, 98, 32, 115, 10, 29, 106, 70, 34, 17, 85, 92, 55, 23, 72, 91, 69, 49, 105, 125, 108, 111, 12, 28, 100, 90, 26, 24, 67, 74, 19, 7, 11, 96, 68, 48, 13, 45, 27, 107, 51, 8, 124, 127, 58, 44, 82, 1, 97, 61, 56, 41, 18, 50, 54, 3, 118, 103, 22, 25, 15, 47, 63, 93, 38, 79, 94, 6, 33, 14, 5, 121, 4, 59, 123, 128, 116, 104, 99, 112, 60, 88, 120, 76, 62, 20, 37, 102, 75, 114, 81, 89, 71, 80, 31, 46, 53, 36, 77, 65, 110]
BYTE
客户端数：10	字节数：3200000	客户端：[117, 116, 72, 32, 94, 24, 118, 31, 53, 123]
客户端数：20	字节数：6400000	客户端：[117, 116, 72, 32, 94, 24, 118, 31, 53, 123, 97, 98, 17, 79, 63, 11, 54, 60, 14, 5]
客户端数：30	字节数：9600000	客户端：[117, 116, 72, 32, 94, 24, 118, 31, 53, 123, 97, 98, 17, 79, 63, 11, 54, 60, 14, 5, 83, 76, 19, 68, 121, 124, 51, 67, 92, 37]
客户端数：40	字节数：12800000	客户端：[117, 116, 72, 32, 94, 24, 118, 31, 53, 123, 97, 98, 17, 79, 63, 11, 54, 60, 14, 5, 83, 76, 19, 68, 121, 124, 51, 67, 92, 37, 105, 55, 100, 88, 84, 6, 27, 91, 111, 78]
客户端数：50	字节数：16000000	客户端：[117, 116, 72, 32, 94, 24, 118, 31, 53, 123, 97, 98, 17, 79, 63, 11, 54, 60, 14, 5, 83, 76, 19, 68, 121, 124, 51, 67, 92, 37, 105, 55, 100, 88, 84, 6, 27, 91, 111, 78, 73, 120, 23, 3, 28, 85, 52, 56, 25, 71]
客户端数：60	字节数：19200000	客户端：[117, 116, 72, 32, 94, 24, 118, 31, 53, 123, 97, 98, 17, 79, 63, 11, 54, 60, 14, 5, 83, 76, 19, 68, 121, 124, 51, 67, 92, 37, 105, 55, 100, 88, 84, 6, 27, 91, 111, 78, 73, 120, 23, 3, 28, 85, 52, 56, 25, 71, 18, 45, 34, 38, 89, 112, 58, 49, 110, 35]
客户端数：70	字节数：22400000	客户端：[117, 116, 72, 32, 94, 24, 118, 31, 53, 123, 97, 98, 17, 79, 63, 11, 54, 60, 14, 5, 83, 76, 19, 68, 121, 124, 51, 67, 92, 37, 105, 55, 100, 88, 84, 6, 27, 91, 111, 78, 73, 120, 23, 3, 28, 85, 52, 56, 25, 71, 18, 45, 34, 38, 89, 112, 58, 49, 110, 35, 59, 15, 8, 50, 104, 22, 90, 81, 29, 1]
客户端数：80	字节数：25600000	客户端：[117, 116, 72, 32, 94, 24, 118, 31, 53, 123, 97, 98, 17, 79, 63, 11, 54, 60, 14, 5, 83, 76, 19, 68, 121, 124, 51, 67, 92, 37, 105, 55, 100, 88, 84, 6, 27, 91, 111, 78, 73, 120, 23, 3, 28, 85, 52, 56, 25, 71, 18, 45, 34, 38, 89, 112, 58, 49, 110, 35, 59, 15, 8, 50, 104, 22, 90, 81, 29, 1, 122, 128, 82, 75, 41, 99, 47, 74, 106, 48]
客户端数：90	字节数：28800000	客户端：[117, 116, 72, 32, 94, 24, 118, 31, 53, 123, 97, 98, 17, 79, 63, 11, 54, 60, 14, 5, 83, 76, 19, 68, 121, 124, 51, 67, 92, 37, 105, 55, 100, 88, 84, 6, 27, 91, 111, 78, 73, 120, 23, 3, 28, 85, 52, 56, 25, 71, 18, 45, 34, 38, 89, 112, 58, 49, 110, 35, 59, 15, 8, 50, 104, 22, 90, 81, 29, 1, 122, 128, 82, 75, 41, 99, 47, 74, 106, 48, 125, 107, 20, 13, 39, 108, 44, 65, 114, 7]
客户端数：100	字节数：32000000	客户端：[117, 116, 72, 32, 94, 24, 118, 31, 53, 123, 97, 98, 17, 79, 63, 11, 54, 60, 14, 5, 83, 76, 19, 68, 121, 124, 51, 67, 92, 37, 105, 55, 100, 88, 84, 6, 27, 91, 111, 78, 73, 120, 23, 3, 28, 85, 52, 56, 25, 71, 18, 45, 34, 38, 89, 112, 58, 49, 110, 35, 59, 15, 8, 50, 104, 22, 90, 81, 29, 1, 122, 128, 82, 75, 41, 99, 47, 74, 106, 48, 125, 107, 20, 13, 39, 108, 44, 65, 114, 7, 77, 102, 61, 10, 36, 96, 70, 127, 80, 12]
客户端数：108	字节数：34560000	客户端：[117, 116, 72, 32, 94, 24, 118, 31, 53, 123, 97, 98, 17, 79, 63, 11, 54, 60, 14, 5, 83, 76, 19, 68, 121, 124, 51, 67, 92, 37, 105, 55, 100, 88, 84, 6, 27, 91, 111, 78, 73, 120, 23, 3, 28, 85, 52, 56, 25, 71, 18, 45, 34, 38, 89, 112, 58, 49, 110, 35, 59, 15, 8, 50, 104, 22, 90, 81, 29, 1, 122, 128, 82, 75, 41, 99, 47, 74, 106, 48, 125, 107, 20, 13, 39, 108, 44, 65, 114, 7, 77, 102, 61, 10, 36, 96, 70, 127, 80, 12, 115, 46, 26, 93, 103, 69, 33, 4]
PRO_LEN：320000
score：0.961015873015873
loss rate：0.03898412698412701
finished iteration：2023-01-01 00:04:33.488481

Number of rounds 10
T1
客户端数：10	时间：0.0029916763305664062	客户端：[117, 34, 32, 68, 74, 19, 28, 24, 8, 29]
客户端数：20	时间：0.0053327083587646484	客户端：[117, 34, 32, 68, 74, 19, 28, 24, 8, 29, 52, 122, 78, 11, 51, 124, 72, 96, 70, 54]
客户端数：30	时间：0.00731968879699707	客户端：[117, 34, 32, 68, 74, 19, 28, 24, 8, 29, 52, 122, 78, 11, 51, 124, 72, 96, 70, 54, 10, 100, 69, 44, 7, 23, 49, 118, 90, 103]
客户端数：40	时间：0.009314298629760742	客户端：[117, 34, 32, 68, 74, 19, 28, 24, 8, 29, 52, 122, 78, 11, 51, 124, 72, 96, 70, 54, 10, 100, 69, 44, 7, 23, 49, 118, 90, 103, 61, 56, 15, 3, 82, 107, 26, 97, 127, 125]
客户端数：50	时间：0.012306451797485352	客户端：[117, 34, 32, 68, 74, 19, 28, 24, 8, 29, 52, 122, 78, 11, 51, 124, 72, 96, 70, 54, 10, 100, 69, 44, 7, 23, 49, 118, 90, 103, 61, 56, 15, 3, 82, 107, 26, 97, 127, 125, 58, 22, 93, 1, 63, 39, 94, 45, 48, 35]
客户端数：60	时间：0.014301538467407227	客户端：[117, 34, 32, 68, 74, 19, 28, 24, 8, 29, 52, 122, 78, 11, 51, 124, 72, 96, 70, 54, 10, 100, 69, 44, 7, 23, 49, 118, 90, 103, 61, 56, 15, 3, 82, 107, 26, 97, 127, 125, 58, 22, 93, 1, 63, 39, 94, 45, 48, 35, 41, 38, 55, 50, 79, 108, 25, 106, 47, 12]
客户端数：70	时间：0.018290281295776367	客户端：[117, 34, 32, 68, 74, 19, 28, 24, 8, 29, 52, 122, 78, 11, 51, 124, 72, 96, 70, 54, 10, 100, 69, 44, 7, 23, 49, 118, 90, 103, 61, 56, 15, 3, 82, 107, 26, 97, 127, 125, 58, 22, 93, 1, 63, 39, 94, 45, 48, 35, 41, 38, 55, 50, 79, 108, 25, 106, 47, 12, 6, 33, 123, 105, 4, 59, 121, 18, 14, 115]
客户端数：80	时间：0.021317720413208008	客户端：[117, 34, 32, 68, 74, 19, 28, 24, 8, 29, 52, 122, 78, 11, 51, 124, 72, 96, 70, 54, 10, 100, 69, 44, 7, 23, 49, 118, 90, 103, 61, 56, 15, 3, 82, 107, 26, 97, 127, 125, 58, 22, 93, 1, 63, 39, 94, 45, 48, 35, 41, 38, 55, 50, 79, 108, 25, 106, 47, 12, 6, 33, 123, 105, 4, 59, 121, 18, 14, 115, 5, 116, 91, 92, 104, 67, 112, 27, 99, 128]
客户端数：90	时间：0.022281408309936523	客户端：[117, 34, 32, 68, 74, 19, 28, 24, 8, 29, 52, 122, 78, 11, 51, 124, 72, 96, 70, 54, 10, 100, 69, 44, 7, 23, 49, 118, 90, 103, 61, 56, 15, 3, 82, 107, 26, 97, 127, 125, 58, 22, 93, 1, 63, 39, 94, 45, 48, 35, 41, 38, 55, 50, 79, 108, 25, 106, 47, 12, 6, 33, 123, 105, 4, 59, 121, 18, 14, 115, 5, 116, 91, 92, 104, 67, 112, 27, 99, 128, 85, 88, 13, 120, 111, 73, 83, 60, 76, 20]
客户端数：100	时间：0.026270389556884766	客户端：[117, 34, 32, 68, 74, 19, 28, 24, 8, 29, 52, 122, 78, 11, 51, 124, 72, 96, 70, 54, 10, 100, 69, 44, 7, 23, 49, 118, 90, 103, 61, 56, 15, 3, 82, 107, 26, 97, 127, 125, 58, 22, 93, 1, 63, 39, 94, 45, 48, 35, 41, 38, 55, 50, 79, 108, 25, 106, 47, 12, 6, 33, 123, 105, 4, 59, 121, 18, 14, 115, 5, 116, 91, 92, 104, 67, 112, 27, 99, 128, 85, 88, 13, 120, 111, 73, 83, 60, 76, 20, 102, 37, 114, 75, 81, 71, 80, 31, 46, 53]
客户端数：107	时间：0.0272676944732666	客户端：[117, 34, 32, 68, 74, 19, 28, 24, 8, 29, 52, 122, 78, 11, 51, 124, 72, 96, 70, 54, 10, 100, 69, 44, 7, 23, 49, 118, 90, 103, 61, 56, 15, 3, 82, 107, 26, 97, 127, 125, 58, 22, 93, 1, 63, 39, 94, 45, 48, 35, 41, 38, 55, 50, 79, 108, 25, 106, 47, 12, 6, 33, 123, 105, 4, 59, 121, 18, 14, 115, 5, 116, 91, 92, 104, 67, 112, 27, 99, 128, 85, 88, 13, 120, 111, 73, 83, 60, 76, 20, 102, 37, 114, 75, 81, 71, 80, 31, 46, 53, 36, 77, 110, 89, 65, 17, 98]
T2
客户端数：10	时间：0.0019943714141845703	客户端：[84, 14, 83, 52, 94, 39, 122, 117, 24, 29]
客户端数：20	时间：0.0029914379119873047	客户端：[84, 14, 83, 52, 94, 39, 122, 117, 24, 29, 6, 75, 17, 15, 34, 89, 7, 73, 55, 99]
客户端数：30	时间：0.005016326904296875	客户端：[84, 14, 83, 52, 94, 39, 122, 117, 24, 29, 6, 75, 17, 15, 34, 89, 7, 73, 55, 99, 51, 116, 68, 25, 108, 70, 41, 85, 90, 103]
客户端数：40	时间：0.006979942321777344	客户端：[84, 14, 83, 52, 94, 39, 122, 117, 24, 29, 6, 75, 17, 15, 34, 89, 7, 73, 55, 99, 51, 116, 68, 25, 108, 70, 41, 85, 90, 103, 128, 46, 19, 31, 49, 118, 4, 33, 125, 61]
客户端数：50	时间：0.007993936538696289	客户端：[84, 14, 83, 52, 94, 39, 122, 117, 24, 29, 6, 75, 17, 15, 34, 89, 7, 73, 55, 99, 51, 116, 68, 25, 108, 70, 41, 85, 90, 103, 128, 46, 19, 31, 49, 118, 4, 33, 125, 61, 88, 38, 115, 12, 102, 53, 48, 121, 20, 93]
客户端数：60	时间：0.010957956314086914	客户端：[84, 14, 83, 52, 94, 39, 122, 117, 24, 29, 6, 75, 17, 15, 34, 89, 7, 73, 55, 99, 51, 116, 68, 25, 108, 70, 41, 85, 90, 103, 128, 46, 19, 31, 49, 118, 4, 33, 125, 61, 88, 38, 115, 12, 102, 53, 48, 121, 20, 93, 63, 27, 120, 3, 71, 104, 127, 74, 22, 47]
客户端数：70	时间：0.012952566146850586	客户端：[84, 14, 83, 52, 94, 39, 122, 117, 24, 29, 6, 75, 17, 15, 34, 89, 7, 73, 55, 99, 51, 116, 68, 25, 108, 70, 41, 85, 90, 103, 128, 46, 19, 31, 49, 118, 4, 33, 125, 61, 88, 38, 115, 12, 102, 53, 48, 121, 20, 93, 63, 27, 120, 3, 71, 104, 127, 74, 22, 47, 123, 124, 110, 45, 65, 18, 13, 92, 26, 59]
客户端数：80	时间：0.014946937561035156	客户端：[84, 14, 83, 52, 94, 39, 122, 117, 24, 29, 6, 75, 17, 15, 34, 89, 7, 73, 55, 99, 51, 116, 68, 25, 108, 70, 41, 85, 90, 103, 128, 46, 19, 31, 49, 118, 4, 33, 125, 61, 88, 38, 115, 12, 102, 53, 48, 121, 20, 93, 63, 27, 120, 3, 71, 104, 127, 74, 22, 47, 123, 124, 110, 45, 65, 18, 13, 92, 26, 59, 58, 35, 11, 60, 107, 23, 1, 44, 105, 91]
客户端数：90	时间：0.016941547393798828	客户端：[84, 14, 83, 52, 94, 39, 122, 117, 24, 29, 6, 75, 17, 15, 34, 89, 7, 73, 55, 99, 51, 116, 68, 25, 108, 70, 41, 85, 90, 103, 128, 46, 19, 31, 49, 118, 4, 33, 125, 61, 88, 38, 115, 12, 102, 53, 48, 121, 20, 93, 63, 27, 120, 3, 71, 104, 127, 74, 22, 47, 123, 124, 110, 45, 65, 18, 13, 92, 26, 59, 58, 35, 11, 60, 107, 23, 1, 44, 105, 91, 106, 28, 78, 81, 5, 10, 100, 114, 112, 36]
客户端数：100	时间：0.017938852310180664	客户端：[84, 14, 83, 52, 94, 39, 122, 117, 24, 29, 6, 75, 17, 15, 34, 89, 7, 73, 55, 99, 51, 116, 68, 25, 108, 70, 41, 85, 90, 103, 128, 46, 19, 31, 49, 118, 4, 33, 125, 61, 88, 38, 115, 12, 102, 53, 48, 121, 20, 93, 63, 27, 120, 3, 71, 104, 127, 74, 22, 47, 123, 124, 110, 45, 65, 18, 13, 92, 26, 59, 58, 35, 11, 60, 107, 23, 1, 44, 105, 91, 106, 28, 78, 81, 5, 10, 100, 114, 112, 36, 56, 32, 111, 82, 79, 37, 98, 8, 96, 72]
客户端数：108	时间：0.018934249877929688	客户端：[84, 14, 83, 52, 94, 39, 122, 117, 24, 29, 6, 75, 17, 15, 34, 89, 7, 73, 55, 99, 51, 116, 68, 25, 108, 70, 41, 85, 90, 103, 128, 46, 19, 31, 49, 118, 4, 33, 125, 61, 88, 38, 115, 12, 102, 53, 48, 121, 20, 93, 63, 27, 120, 3, 71, 104, 127, 74, 22, 47, 123, 124, 110, 45, 65, 18, 13, 92, 26, 59, 58, 35, 11, 60, 107, 23, 1, 44, 105, 91, 106, 28, 78, 81, 5, 10, 100, 114, 112, 36, 56, 32, 111, 82, 79, 37, 98, 8, 96, 72, 80, 77, 54, 97, 67, 76, 69, 50]
T3
客户端数：10	时间：41.88542127609253	客户端：[84, 14, 83, 52, 94, 39, 122, 117, 24, 29]
客户端数：20	时间：43.211031436920166	客户端：[84, 14, 83, 52, 94, 39, 122, 117, 24, 29, 6, 75, 17, 15, 34, 89, 7, 73, 55, 99]
客户端数：30	时间：44.55571150779724	客户端：[84, 14, 83, 52, 94, 39, 122, 117, 24, 29, 6, 75, 17, 15, 34, 89, 7, 73, 55, 99, 51, 116, 68, 25, 108, 70, 41, 85, 90, 103]
客户端数：40	时间：45.92024755477905	客户端：[84, 14, 83, 52, 94, 39, 122, 117, 24, 29, 6, 75, 17, 15, 34, 89, 7, 73, 55, 99, 51, 116, 68, 25, 108, 70, 41, 85, 90, 103, 128, 46, 19, 31, 49, 118, 4, 33, 125, 61]
客户端数：50	时间：47.30587816238403	客户端：[84, 14, 83, 52, 94, 39, 122, 117, 24, 29, 6, 75, 17, 15, 34, 89, 7, 73, 55, 99, 51, 116, 68, 25, 108, 70, 41, 85, 90, 103, 128, 46, 19, 31, 49, 118, 4, 33, 125, 61, 88, 38, 115, 12, 102, 53, 48, 121, 20, 93]
客户端数：60	时间：48.716386556625366	客户端：[84, 14, 83, 52, 94, 39, 122, 117, 24, 29, 6, 75, 17, 15, 34, 89, 7, 73, 55, 99, 51, 116, 68, 25, 108, 70, 41, 85, 90, 103, 128, 46, 19, 31, 49, 118, 4, 33, 125, 61, 88, 38, 115, 12, 102, 53, 48, 121, 20, 93, 63, 27, 120, 3, 71, 104, 127, 74, 22, 47]
客户端数：70	时间：50.14870476722717	客户端：[84, 14, 83, 52, 94, 39, 122, 117, 24, 29, 6, 75, 17, 15, 34, 89, 7, 73, 55, 99, 51, 116, 68, 25, 108, 70, 41, 85, 90, 103, 128, 46, 19, 31, 49, 118, 4, 33, 125, 61, 88, 38, 115, 12, 102, 53, 48, 121, 20, 93, 63, 27, 120, 3, 71, 104, 127, 74, 22, 47, 123, 124, 110, 45, 65, 18, 13, 92, 26, 59]
客户端数：80	时间：51.60396099090576	客户端：[84, 14, 83, 52, 94, 39, 122, 117, 24, 29, 6, 75, 17, 15, 34, 89, 7, 73, 55, 99, 51, 116, 68, 25, 108, 70, 41, 85, 90, 103, 128, 46, 19, 31, 49, 118, 4, 33, 125, 61, 88, 38, 115, 12, 102, 53, 48, 121, 20, 93, 63, 27, 120, 3, 71, 104, 127, 74, 22, 47, 123, 124, 110, 45, 65, 18, 13, 92, 26, 59, 58, 35, 11, 60, 107, 23, 1, 44, 105, 91]
客户端数：90	时间：53.08315372467041	客户端：[84, 14, 83, 52, 94, 39, 122, 117, 24, 29, 6, 75, 17, 15, 34, 89, 7, 73, 55, 99, 51, 116, 68, 25, 108, 70, 41, 85, 90, 103, 128, 46, 19, 31, 49, 118, 4, 33, 125, 61, 88, 38, 115, 12, 102, 53, 48, 121, 20, 93, 63, 27, 120, 3, 71, 104, 127, 74, 22, 47, 123, 124, 110, 45, 65, 18, 13, 92, 26, 59, 58, 35, 11, 60, 107, 23, 1, 44, 105, 91, 106, 28, 78, 81, 5, 10, 100, 114, 112, 36]
客户端数：100	时间：54.58628225326538	客户端：[84, 14, 83, 52, 94, 39, 122, 117, 24, 29, 6, 75, 17, 15, 34, 89, 7, 73, 55, 99, 51, 116, 68, 25, 108, 70, 41, 85, 90, 103, 128, 46, 19, 31, 49, 118, 4, 33, 125, 61, 88, 38, 115, 12, 102, 53, 48, 121, 20, 93, 63, 27, 120, 3, 71, 104, 127, 74, 22, 47, 123, 124, 110, 45, 65, 18, 13, 92, 26, 59, 58, 35, 11, 60, 107, 23, 1, 44, 105, 91, 106, 28, 78, 81, 5, 10, 100, 114, 112, 36, 56, 32, 111, 82, 79, 37, 98, 8, 96, 72]
客户端数：108	时间：55.820107221603394	客户端：[84, 14, 83, 52, 94, 39, 122, 117, 24, 29, 6, 75, 17, 15, 34, 89, 7, 73, 55, 99, 51, 116, 68, 25, 108, 70, 41, 85, 90, 103, 128, 46, 19, 31, 49, 118, 4, 33, 125, 61, 88, 38, 115, 12, 102, 53, 48, 121, 20, 93, 63, 27, 120, 3, 71, 104, 127, 74, 22, 47, 123, 124, 110, 45, 65, 18, 13, 92, 26, 59, 58, 35, 11, 60, 107, 23, 1, 44, 105, 91, 106, 28, 78, 81, 5, 10, 100, 114, 112, 36, 56, 32, 111, 82, 79, 37, 98, 8, 96, 72, 80, 77, 54, 97, 67, 76, 69, 50]
BYTE
客户端数：10	字节数：3200000	客户端：[117, 34, 32, 68, 74, 19, 28, 24, 8, 29]
客户端数：20	字节数：6400000	客户端：[117, 34, 32, 68, 74, 19, 28, 24, 8, 29, 52, 122, 78, 11, 51, 124, 72, 96, 70, 54]
客户端数：30	字节数：9600000	客户端：[117, 34, 32, 68, 74, 19, 28, 24, 8, 29, 52, 122, 78, 11, 51, 124, 72, 96, 70, 54, 10, 100, 69, 44, 7, 23, 49, 118, 90, 103]
客户端数：40	字节数：12800000	客户端：[117, 34, 32, 68, 74, 19, 28, 24, 8, 29, 52, 122, 78, 11, 51, 124, 72, 96, 70, 54, 10, 100, 69, 44, 7, 23, 49, 118, 90, 103, 61, 56, 15, 3, 82, 107, 26, 97, 127, 125]
客户端数：50	字节数：16000000	客户端：[117, 34, 32, 68, 74, 19, 28, 24, 8, 29, 52, 122, 78, 11, 51, 124, 72, 96, 70, 54, 10, 100, 69, 44, 7, 23, 49, 118, 90, 103, 61, 56, 15, 3, 82, 107, 26, 97, 127, 125, 58, 22, 93, 1, 63, 39, 94, 45, 48, 35]
客户端数：60	字节数：19200000	客户端：[117, 34, 32, 68, 74, 19, 28, 24, 8, 29, 52, 122, 78, 11, 51, 124, 72, 96, 70, 54, 10, 100, 69, 44, 7, 23, 49, 118, 90, 103, 61, 56, 15, 3, 82, 107, 26, 97, 127, 125, 58, 22, 93, 1, 63, 39, 94, 45, 48, 35, 41, 38, 55, 50, 79, 108, 25, 106, 47, 12]
客户端数：70	字节数：22400000	客户端：[117, 34, 32, 68, 74, 19, 28, 24, 8, 29, 52, 122, 78, 11, 51, 124, 72, 96, 70, 54, 10, 100, 69, 44, 7, 23, 49, 118, 90, 103, 61, 56, 15, 3, 82, 107, 26, 97, 127, 125, 58, 22, 93, 1, 63, 39, 94, 45, 48, 35, 41, 38, 55, 50, 79, 108, 25, 106, 47, 12, 6, 33, 123, 105, 4, 59, 121, 18, 14, 115]
客户端数：80	字节数：25600000	客户端：[117, 34, 32, 68, 74, 19, 28, 24, 8, 29, 52, 122, 78, 11, 51, 124, 72, 96, 70, 54, 10, 100, 69, 44, 7, 23, 49, 118, 90, 103, 61, 56, 15, 3, 82, 107, 26, 97, 127, 125, 58, 22, 93, 1, 63, 39, 94, 45, 48, 35, 41, 38, 55, 50, 79, 108, 25, 106, 47, 12, 6, 33, 123, 105, 4, 59, 121, 18, 14, 115, 5, 116, 91, 92, 104, 67, 112, 27, 99, 128]
客户端数：90	字节数：28800000	客户端：[117, 34, 32, 68, 74, 19, 28, 24, 8, 29, 52, 122, 78, 11, 51, 124, 72, 96, 70, 54, 10, 100, 69, 44, 7, 23, 49, 118, 90, 103, 61, 56, 15, 3, 82, 107, 26, 97, 127, 125, 58, 22, 93, 1, 63, 39, 94, 45, 48, 35, 41, 38, 55, 50, 79, 108, 25, 106, 47, 12, 6, 33, 123, 105, 4, 59, 121, 18, 14, 115, 5, 116, 91, 92, 104, 67, 112, 27, 99, 128, 85, 88, 13, 120, 111, 73, 83, 60, 76, 20]
客户端数：100	字节数：32000000	客户端：[117, 34, 32, 68, 74, 19, 28, 24, 8, 29, 52, 122, 78, 11, 51, 124, 72, 96, 70, 54, 10, 100, 69, 44, 7, 23, 49, 118, 90, 103, 61, 56, 15, 3, 82, 107, 26, 97, 127, 125, 58, 22, 93, 1, 63, 39, 94, 45, 48, 35, 41, 38, 55, 50, 79, 108, 25, 106, 47, 12, 6, 33, 123, 105, 4, 59, 121, 18, 14, 115, 5, 116, 91, 92, 104, 67, 112, 27, 99, 128, 85, 88, 13, 120, 111, 73, 83, 60, 76, 20, 102, 37, 114, 75, 81, 71, 80, 31, 46, 53]
客户端数：107	字节数：34240000	客户端：[117, 34, 32, 68, 74, 19, 28, 24, 8, 29, 52, 122, 78, 11, 51, 124, 72, 96, 70, 54, 10, 100, 69, 44, 7, 23, 49, 118, 90, 103, 61, 56, 15, 3, 82, 107, 26, 97, 127, 125, 58, 22, 93, 1, 63, 39, 94, 45, 48, 35, 41, 38, 55, 50, 79, 108, 25, 106, 47, 12, 6, 33, 123, 105, 4, 59, 121, 18, 14, 115, 5, 116, 91, 92, 104, 67, 112, 27, 99, 128, 85, 88, 13, 120, 111, 73, 83, 60, 76, 20, 102, 37, 114, 75, 81, 71, 80, 31, 46, 53, 36, 77, 110, 89, 65, 17, 98]
PRO_LEN：320000
score：0.9631111111111111
loss rate：0.03688888888888886
finished iteration：2023-01-01 00:05:21.314442

