Number of rounds 1
T1
客户端数：0	时间：0	客户端：[]
T2
客户端数：10	时间：0.0009989738464355469	客户端：[59, 82, 88, 29, 50, 43, 42, 36, 107, 64]
客户端数：20	时间：0.0009989738464355469	客户端：[59, 82, 88, 29, 50, 43, 42, 36, 107, 64, 126, 13, 51, 117, 100, 20, 114, 5, 25, 76]
客户端数：30	时间：0.0009989738464355469	客户端：[59, 82, 88, 29, 50, 43, 42, 36, 107, 64, 126, 13, 51, 117, 100, 20, 114, 5, 25, 76, 115, 71, 122, 63, 48, 77, 97, 83, 124, 103]
客户端数：40	时间：0.0009989738464355469	客户端：[59, 82, 88, 29, 50, 43, 42, 36, 107, 64, 126, 13, 51, 117, 100, 20, 114, 5, 25, 76, 115, 71, 122, 63, 48, 77, 97, 83, 124, 103, 47, 57, 17, 32, 40, 26, 12, 10, 102, 62]
客户端数：50	时间：0.0009989738464355469	客户端：[59, 82, 88, 29, 50, 43, 42, 36, 107, 64, 126, 13, 51, 117, 100, 20, 114, 5, 25, 76, 115, 71, 122, 63, 48, 77, 97, 83, 124, 103, 47, 57, 17, 32, 40, 26, 12, 10, 102, 62, 54, 80, 72, 118, 21, 81, 99, 74, 41, 2]
客户端数：60	时间：0.0019965171813964844	客户端：[59, 82, 88, 29, 50, 43, 42, 36, 107, 64, 126, 13, 51, 117, 100, 20, 114, 5, 25, 76, 115, 71, 122, 63, 48, 77, 97, 83, 124, 103, 47, 57, 17, 32, 40, 26, 12, 10, 102, 62, 54, 80, 72, 118, 21, 81, 99, 74, 41, 2, 73, 56, 86, 85, 66, 28, 84, 65, 128, 7]
客户端数：70	时间：0.0019965171813964844	客户端：[59, 82, 88, 29, 50, 43, 42, 36, 107, 64, 126, 13, 51, 117, 100, 20, 114, 5, 25, 76, 115, 71, 122, 63, 48, 77, 97, 83, 124, 103, 47, 57, 17, 32, 40, 26, 12, 10, 102, 62, 54, 80, 72, 118, 21, 81, 99, 74, 41, 2, 73, 56, 86, 85, 66, 28, 84, 65, 128, 7, 101, 108, 111, 91, 121, 31, 110, 37, 78, 19]
客户端数：80	时间：0.0019965171813964844	客户端：[59, 82, 88, 29, 50, 43, 42, 36, 107, 64, 126, 13, 51, 117, 100, 20, 114, 5, 25, 76, 115, 71, 122, 63, 48, 77, 97, 83, 124, 103, 47, 57, 17, 32, 40, 26, 12, 10, 102, 62, 54, 80, 72, 118, 21, 81, 99, 74, 41, 2, 73, 56, 86, 85, 66, 28, 84, 65, 128, 7, 101, 108, 111, 91, 121, 31, 110, 37, 78, 19, 6, 125, 92, 4, 96, 119, 34, 9, 113, 60]
客户端数：90	时间：0.002007007598876953	客户端：[59, 82, 88, 29, 50, 43, 42, 36, 107, 64, 126, 13, 51, 117, 100, 20, 114, 5, 25, 76, 115, 71, 122, 63, 48, 77, 97, 83, 124, 103, 47, 57, 17, 32, 40, 26, 12, 10, 102, 62, 54, 80, 72, 118, 21, 81, 99, 74, 41, 2, 73, 56, 86, 85, 66, 28, 84, 65, 128, 7, 101, 108, 111, 91, 121, 31, 110, 37, 78, 19, 6, 125, 92, 4, 96, 119, 34, 9, 113, 60, 68, 79, 15, 120, 39, 89, 16, 87, 46, 109]
客户端数：100	时间：0.002007007598876953	客户端：[59, 82, 88, 29, 50, 43, 42, 36, 107, 64, 126, 13, 51, 117, 100, 20, 114, 5, 25, 76, 115, 71, 122, 63, 48, 77, 97, 83, 124, 103, 47, 57, 17, 32, 40, 26, 12, 10, 102, 62, 54, 80, 72, 118, 21, 81, 99, 74, 41, 2, 73, 56, 86, 85, 66, 28, 84, 65, 128, 7, 101, 108, 111, 91, 121, 31, 110, 37, 78, 19, 6, 125, 92, 4, 96, 119, 34, 9, 113, 60, 68, 79, 15, 120, 39, 89, 16, 87, 46, 109, 127, 38, 105, 93, 27, 69, 58, 106, 18, 3]
客户端数：110	时间：0.0030069351196289062	客户端：[59, 82, 88, 29, 50, 43, 42, 36, 107, 64, 126, 13, 51, 117, 100, 20, 114, 5, 25, 76, 115, 71, 122, 63, 48, 77, 97, 83, 124, 103, 47, 57, 17, 32, 40, 26, 12, 10, 102, 62, 54, 80, 72, 118, 21, 81, 99, 74, 41, 2, 73, 56, 86, 85, 66, 28, 84, 65, 128, 7, 101, 108, 111, 91, 121, 31, 110, 37, 78, 19, 6, 125, 92, 4, 96, 119, 34, 9, 113, 60, 68, 79, 15, 120, 39, 89, 16, 87, 46, 109, 127, 38, 105, 93, 27, 69, 58, 106, 18, 3, 49, 67, 14, 23, 95, 22, 1, 33, 61, 75]
客户端数：120	时间：0.0030069351196289062	客户端：[59, 82, 88, 29, 50, 43, 42, 36, 107, 64, 126, 13, 51, 117, 100, 20, 114, 5, 25, 76, 115, 71, 122, 63, 48, 77, 97, 83, 124, 103, 47, 57, 17, 32, 40, 26, 12, 10, 102, 62, 54, 80, 72, 118, 21, 81, 99, 74, 41, 2, 73, 56, 86, 85, 66, 28, 84, 65, 128, 7, 101, 108, 111, 91, 121, 31, 110, 37, 78, 19, 6, 125, 92, 4, 96, 119, 34, 9, 113, 60, 68, 79, 15, 120, 39, 89, 16, 87, 46, 109, 127, 38, 105, 93, 27, 69, 58, 106, 18, 3, 49, 67, 14, 23, 95, 22, 1, 33, 61, 75, 90, 116, 123, 94, 24, 53, 104, 35, 98, 44]
T3
客户端数：10	时间：10.82074761390686	客户端：[59, 82, 88, 29, 50, 43, 42, 36, 107, 64]
客户端数：20	时间：41.53937911987305	客户端：[59, 82, 88, 29, 50, 43, 42, 36, 107, 64, 126, 13, 51, 117, 100, 20, 114, 5, 25, 76]
客户端数：30	时间：91.62470245361328	客户端：[59, 82, 88, 29, 50, 43, 42, 36, 107, 64, 126, 13, 51, 117, 100, 20, 114, 5, 25, 76, 115, 71, 122, 63, 48, 77, 97, 83, 124, 103]
客户端数：40	时间：160.8130235671997	客户端：[59, 82, 88, 29, 50, 43, 42, 36, 107, 64, 126, 13, 51, 117, 100, 20, 114, 5, 25, 76, 115, 71, 122, 63, 48, 77, 97, 83, 124, 103, 47, 57, 17, 32, 40, 26, 12, 10, 102, 62]
客户端数：50	时间：249.46100735664368	客户端：[59, 82, 88, 29, 50, 43, 42, 36, 107, 64, 126, 13, 51, 117, 100, 20, 114, 5, 25, 76, 115, 71, 122, 63, 48, 77, 97, 83, 124, 103, 47, 57, 17, 32, 40, 26, 12, 10, 102, 62, 54, 80, 72, 118, 21, 81, 99, 74, 41, 2]
客户端数：60	时间：357.3935389518738	客户端：[59, 82, 88, 29, 50, 43, 42, 36, 107, 64, 126, 13, 51, 117, 100, 20, 114, 5, 25, 76, 115, 71, 122, 63, 48, 77, 97, 83, 124, 103, 47, 57, 17, 32, 40, 26, 12, 10, 102, 62, 54, 80, 72, 118, 21, 81, 99, 74, 41, 2, 73, 56, 86, 85, 66, 28, 84, 65, 128, 7]
客户端数：70	时间：484.3759479522705	客户端：[59, 82, 88, 29, 50, 43, 42, 36, 107, 64, 126, 13, 51, 117, 100, 20, 114, 5, 25, 76, 115, 71, 122, 63, 48, 77, 97, 83, 124, 103, 47, 57, 17, 32, 40, 26, 12, 10, 102, 62, 54, 80, 72, 118, 21, 81, 99, 74, 41, 2, 73, 56, 86, 85, 66, 28, 84, 65, 128, 7, 101, 108, 111, 91, 121, 31, 110, 37, 78, 19]
客户端数：80	时间：630.1511921882629	客户端：[59, 82, 88, 29, 50, 43, 42, 36, 107, 64, 126, 13, 51, 117, 100, 20, 114, 5, 25, 76, 115, 71, 122, 63, 48, 77, 97, 83, 124, 103, 47, 57, 17, 32, 40, 26, 12, 10, 102, 62, 54, 80, 72, 118, 21, 81, 99, 74, 41, 2, 73, 56, 86, 85, 66, 28, 84, 65, 128, 7, 101, 108, 111, 91, 121, 31, 110, 37, 78, 19, 6, 125, 92, 4, 96, 119, 34, 9, 113, 60]
客户端数：90	时间：794.4883179664612	客户端：[59, 82, 88, 29, 50, 43, 42, 36, 107, 64, 126, 13, 51, 117, 100, 20, 114, 5, 25, 76, 115, 71, 122, 63, 48, 77, 97, 83, 124, 103, 47, 57, 17, 32, 40, 26, 12, 10, 102, 62, 54, 80, 72, 118, 21, 81, 99, 74, 41, 2, 73, 56, 86, 85, 66, 28, 84, 65, 128, 7, 101, 108, 111, 91, 121, 31, 110, 37, 78, 19, 6, 125, 92, 4, 96, 119, 34, 9, 113, 60, 68, 79, 15, 120, 39, 89, 16, 87, 46, 109]
客户端数：100	时间：978.1455900669098	客户端：[59, 82, 88, 29, 50, 43, 42, 36, 107, 64, 126, 13, 51, 117, 100, 20, 114, 5, 25, 76, 115, 71, 122, 63, 48, 77, 97, 83, 124, 103, 47, 57, 17, 32, 40, 26, 12, 10, 102, 62, 54, 80, 72, 118, 21, 81, 99, 74, 41, 2, 73, 56, 86, 85, 66, 28, 84, 65, 128, 7, 101, 108, 111, 91, 121, 31, 110, 37, 78, 19, 6, 125, 92, 4, 96, 119, 34, 9, 113, 60, 68, 79, 15, 120, 39, 89, 16, 87, 46, 109, 127, 38, 105, 93, 27, 69, 58, 106, 18, 3]
客户端数：110	时间：1181.3295004367828	客户端：[59, 82, 88, 29, 50, 43, 42, 36, 107, 64, 126, 13, 51, 117, 100, 20, 114, 5, 25, 76, 115, 71, 122, 63, 48, 77, 97, 83, 124, 103, 47, 57, 17, 32, 40, 26, 12, 10, 102, 62, 54, 80, 72, 118, 21, 81, 99, 74, 41, 2, 73, 56, 86, 85, 66, 28, 84, 65, 128, 7, 101, 108, 111, 91, 121, 31, 110, 37, 78, 19, 6, 125, 92, 4, 96, 119, 34, 9, 113, 60, 68, 79, 15, 120, 39, 89, 16, 87, 46, 109, 127, 38, 105, 93, 27, 69, 58, 106, 18, 3, 49, 67, 14, 23, 95, 22, 1, 33, 61, 75]
客户端数：120	时间：1403.765109539032	客户端：[59, 82, 88, 29, 50, 43, 42, 36, 107, 64, 126, 13, 51, 117, 100, 20, 114, 5, 25, 76, 115, 71, 122, 63, 48, 77, 97, 83, 124, 103, 47, 57, 17, 32, 40, 26, 12, 10, 102, 62, 54, 80, 72, 118, 21, 81, 99, 74, 41, 2, 73, 56, 86, 85, 66, 28, 84, 65, 128, 7, 101, 108, 111, 91, 121, 31, 110, 37, 78, 19, 6, 125, 92, 4, 96, 119, 34, 9, 113, 60, 68, 79, 15, 120, 39, 89, 16, 87, 46, 109, 127, 38, 105, 93, 27, 69, 58, 106, 18, 3, 49, 67, 14, 23, 95, 22, 1, 33, 61, 75, 90, 116, 123, 94, 24, 53, 104, 35, 98, 44]
BYTE
客户端数：0	字节数：0	客户端：[]
MAE：34640040.666666664
RMSE：34640040.670212746
finished iteration：2023-01-01 00:00:15.597712

Number of rounds 2
T1
客户端数：0	时间：0	客户端：[]
T2
客户端数：10	时间：0.0	客户端：[110, 105, 117, 29, 36, 82, 62, 42, 126, 32]
客户端数：20	时间：0.0	客户端：[110, 105, 117, 29, 36, 82, 62, 42, 126, 32, 5, 119, 13, 14, 59, 69, 76, 10, 2, 97]
客户端数：30	时间：0.0	客户端：[110, 105, 117, 29, 36, 82, 62, 42, 126, 32, 5, 119, 13, 14, 59, 69, 76, 10, 2, 97, 47, 99, 71, 98, 41, 86, 100, 54, 108, 65]
客户端数：40	时间：0.0	客户端：[110, 105, 117, 29, 36, 82, 62, 42, 126, 32, 5, 119, 13, 14, 59, 69, 76, 10, 2, 97, 47, 99, 71, 98, 41, 86, 100, 54, 108, 65, 25, 9, 111, 40, 16, 4, 21, 83, 114, 3]
客户端数：50	时间：0.0	客户端：[110, 105, 117, 29, 36, 82, 62, 42, 126, 32, 5, 119, 13, 14, 59, 69, 76, 10, 2, 97, 47, 99, 71, 98, 41, 86, 100, 54, 108, 65, 25, 9, 111, 40, 16, 4, 21, 83, 114, 3, 77, 72, 46, 12, 37, 66, 23, 81, 124, 101]
客户端数：60	时间：0.0	客户端：[110, 105, 117, 29, 36, 82, 62, 42, 126, 32, 5, 119, 13, 14, 59, 69, 76, 10, 2, 97, 47, 99, 71, 98, 41, 86, 100, 54, 108, 65, 25, 9, 111, 40, 16, 4, 21, 83, 114, 3, 77, 72, 46, 12, 37, 66, 23, 81, 124, 101, 67, 90, 85, 106, 91, 121, 38, 15, 102, 80]
客户端数：70	时间：0.000997304916381836	客户端：[110, 105, 117, 29, 36, 82, 62, 42, 126, 32, 5, 119, 13, 14, 59, 69, 76, 10, 2, 97, 47, 99, 71, 98, 41, 86, 100, 54, 108, 65, 25, 9, 111, 40, 16, 4, 21, 83, 114, 3, 77, 72, 46, 12, 37, 66, 23, 81, 124, 101, 67, 90, 85, 106, 91, 121, 38, 15, 102, 80, 79, 123, 125, 48, 43, 73, 96, 94, 53, 7]
客户端数：80	时间：0.000997304916381836	客户端：[110, 105, 117, 29, 36, 82, 62, 42, 126, 32, 5, 119, 13, 14, 59, 69, 76, 10, 2, 97, 47, 99, 71, 98, 41, 86, 100, 54, 108, 65, 25, 9, 111, 40, 16, 4, 21, 83, 114, 3, 77, 72, 46, 12, 37, 66, 23, 81, 124, 101, 67, 90, 85, 106, 91, 121, 38, 15, 102, 80, 79, 123, 125, 48, 43, 73, 96, 94, 53, 7, 31, 104, 39, 61, 1, 6, 35, 84, 109, 68]
客户端数：90	时间：0.000997304916381836	客户端：[110, 105, 117, 29, 36, 82, 62, 42, 126, 32, 5, 119, 13, 14, 59, 69, 76, 10, 2, 97, 47, 99, 71, 98, 41, 86, 100, 54, 108, 65, 25, 9, 111, 40, 16, 4, 21, 83, 114, 3, 77, 72, 46, 12, 37, 66, 23, 81, 124, 101, 67, 90, 85, 106, 91, 121, 38, 15, 102, 80, 79, 123, 125, 48, 43, 73, 96, 94, 53, 7, 31, 104, 39, 61, 1, 6, 35, 84, 109, 68, 49, 33, 128, 122, 93, 127, 115, 64, 63, 24]
客户端数：100	时间：0.0019960403442382812	客户端：[110, 105, 117, 29, 36, 82, 62, 42, 126, 32, 5, 119, 13, 14, 59, 69, 76, 10, 2, 97, 47, 99, 71, 98, 41, 86, 100, 54, 108, 65, 25, 9, 111, 40, 16, 4, 21, 83, 114, 3, 77, 72, 46, 12, 37, 66, 23, 81, 124, 101, 67, 90, 85, 106, 91, 121, 38, 15, 102, 80, 79, 123, 125, 48, 43, 73, 96, 94, 53, 7, 31, 104, 39, 61, 1, 6, 35, 84, 109, 68, 49, 33, 128, 122, 93, 127, 115, 64, 63, 24, 118, 103, 92, 56, 107, 26, 120, 27, 22, 89]
客户端数：110	时间：0.0019960403442382812	客户端：[110, 105, 117, 29, 36, 82, 62, 42, 126, 32, 5, 119, 13, 14, 59, 69, 76, 10, 2, 97, 47, 99, 71, 98, 41, 86, 100, 54, 108, 65, 25, 9, 111, 40, 16, 4, 21, 83, 114, 3, 77, 72, 46, 12, 37, 66, 23, 81, 124, 101, 67, 90, 85, 106, 91, 121, 38, 15, 102, 80, 79, 123, 125, 48, 43, 73, 96, 94, 53, 7, 31, 104, 39, 61, 1, 6, 35, 84, 109, 68, 49, 33, 128, 122, 93, 127, 115, 64, 63, 24, 118, 103, 92, 56, 107, 26, 120, 27, 22, 89, 75, 19, 18, 34, 28, 20, 78, 74, 60, 51]
客户端数：120	时间：0.0019960403442382812	客户端：[110, 105, 117, 29, 36, 82, 62, 42, 126, 32, 5, 119, 13, 14, 59, 69, 76, 10, 2, 97, 47, 99, 71, 98, 41, 86, 100, 54, 108, 65, 25, 9, 111, 40, 16, 4, 21, 83, 114, 3, 77, 72, 46, 12, 37, 66, 23, 81, 124, 101, 67, 90, 85, 106, 91, 121, 38, 15, 102, 80, 79, 123, 125, 48, 43, 73, 96, 94, 53, 7, 31, 104, 39, 61, 1, 6, 35, 84, 109, 68, 49, 33, 128, 122, 93, 127, 115, 64, 63, 24, 118, 103, 92, 56, 107, 26, 120, 27, 22, 89, 75, 19, 18, 34, 28, 20, 78, 74, 60, 51, 88, 87, 95, 44, 17, 58, 113, 116, 50, 57]
T3
客户端数：10	时间：8.609507322311401	客户端：[110, 105, 117, 29, 36, 82, 62, 42, 126, 32]
客户端数：20	时间：36.317431688308716	客户端：[110, 105, 117, 29, 36, 82, 62, 42, 126, 32, 5, 119, 13, 14, 59, 69, 76, 10, 2, 97]
客户端数：30	时间：83.90383982658386	客户端：[110, 105, 117, 29, 36, 82, 62, 42, 126, 32, 5, 119, 13, 14, 59, 69, 76, 10, 2, 97, 47, 99, 71, 98, 41, 86, 100, 54, 108, 65]
客户端数：40	时间：150.4163773059845	客户端：[110, 105, 117, 29, 36, 82, 62, 42, 126, 32, 5, 119, 13, 14, 59, 69, 76, 10, 2, 97, 47, 99, 71, 98, 41, 86, 100, 54, 108, 65, 25, 9, 111, 40, 16, 4, 21, 83, 114, 3]
客户端数：50	时间：237.02409625053406	客户端：[110, 105, 117, 29, 36, 82, 62, 42, 126, 32, 5, 119, 13, 14, 59, 69, 76, 10, 2, 97, 47, 99, 71, 98, 41, 86, 100, 54, 108, 65, 25, 9, 111, 40, 16, 4, 21, 83, 114, 3, 77, 72, 46, 12, 37, 66, 23, 81, 124, 101]
客户端数：60	时间：342.66142654418945	客户端：[110, 105, 117, 29, 36, 82, 62, 42, 126, 32, 5, 119, 13, 14, 59, 69, 76, 10, 2, 97, 47, 99, 71, 98, 41, 86, 100, 54, 108, 65, 25, 9, 111, 40, 16, 4, 21, 83, 114, 3, 77, 72, 46, 12, 37, 66, 23, 81, 124, 101, 67, 90, 85, 106, 91, 121, 38, 15, 102, 80]
客户端数：70	时间：467.4319558143616	客户端：[110, 105, 117, 29, 36, 82, 62, 42, 126, 32, 5, 119, 13, 14, 59, 69, 76, 10, 2, 97, 47, 99, 71, 98, 41, 86, 100, 54, 108, 65, 25, 9, 111, 40, 16, 4, 21, 83, 114, 3, 77, 72, 46, 12, 37, 66, 23, 81, 124, 101, 67, 90, 85, 106, 91, 121, 38, 15, 102, 80, 79, 123, 125, 48, 43, 73, 96, 94, 53, 7]
客户端数：80	时间：610.7794024944305	客户端：[110, 105, 117, 29, 36, 82, 62, 42, 126, 32, 5, 119, 13, 14, 59, 69, 76, 10, 2, 97, 47, 99, 71, 98, 41, 86, 100, 54, 108, 65, 25, 9, 111, 40, 16, 4, 21, 83, 114, 3, 77, 72, 46, 12, 37, 66, 23, 81, 124, 101, 67, 90, 85, 106, 91, 121, 38, 15, 102, 80, 79, 123, 125, 48, 43, 73, 96, 94, 53, 7, 31, 104, 39, 61, 1, 6, 35, 84, 109, 68]
客户端数：90	时间：772.4366896152496	客户端：[110, 105, 117, 29, 36, 82, 62, 42, 126, 32, 5, 119, 13, 14, 59, 69, 76, 10, 2, 97, 47, 99, 71, 98, 41, 86, 100, 54, 108, 65, 25, 9, 111, 40, 16, 4, 21, 83, 114, 3, 77, 72, 46, 12, 37, 66, 23, 81, 124, 101, 67, 90, 85, 106, 91, 121, 38, 15, 102, 80, 79, 123, 125, 48, 43, 73, 96, 94, 53, 7, 31, 104, 39, 61, 1, 6, 35, 84, 109, 68, 49, 33, 128, 122, 93, 127, 115, 64, 63, 24]
客户端数：100	时间：952.8204250335693	客户端：[110, 105, 117, 29, 36, 82, 62, 42, 126, 32, 5, 119, 13, 14, 59, 69, 76, 10, 2, 97, 47, 99, 71, 98, 41, 86, 100, 54, 108, 65, 25, 9, 111, 40, 16, 4, 21, 83, 114, 3, 77, 72, 46, 12, 37, 66, 23, 81, 124, 101, 67, 90, 85, 106, 91, 121, 38, 15, 102, 80, 79, 123, 125, 48, 43, 73, 96, 94, 53, 7, 31, 104, 39, 61, 1, 6, 35, 84, 109, 68, 49, 33, 128, 122, 93, 127, 115, 64, 63, 24, 118, 103, 92, 56, 107, 26, 120, 27, 22, 89]
客户端数：110	时间：1152.4750108718872	客户端：[110, 105, 117, 29, 36, 82, 62, 42, 126, 32, 5, 119, 13, 14, 59, 69, 76, 10, 2, 97, 47, 99, 71, 98, 41, 86, 100, 54, 108, 65, 25, 9, 111, 40, 16, 4, 21, 83, 114, 3, 77, 72, 46, 12, 37, 66, 23, 81, 124, 101, 67, 90, 85, 106, 91, 121, 38, 15, 102, 80, 79, 123, 125, 48, 43, 73, 96, 94, 53, 7, 31, 104, 39, 61, 1, 6, 35, 84, 109, 68, 49, 33, 128, 122, 93, 127, 115, 64, 63, 24, 118, 103, 92, 56, 107, 26, 120, 27, 22, 89, 75, 19, 18, 34, 28, 20, 78, 74, 60, 51]
客户端数：120	时间：1371.4246921539307	客户端：[110, 105, 117, 29, 36, 82, 62, 42, 126, 32, 5, 119, 13, 14, 59, 69, 76, 10, 2, 97, 47, 99, 71, 98, 41, 86, 100, 54, 108, 65, 25, 9, 111, 40, 16, 4, 21, 83, 114, 3, 77, 72, 46, 12, 37, 66, 23, 81, 124, 101, 67, 90, 85, 106, 91, 121, 38, 15, 102, 80, 79, 123, 125, 48, 43, 73, 96, 94, 53, 7, 31, 104, 39, 61, 1, 6, 35, 84, 109, 68, 49, 33, 128, 122, 93, 127, 115, 64, 63, 24, 118, 103, 92, 56, 107, 26, 120, 27, 22, 89, 75, 19, 18, 34, 28, 20, 78, 74, 60, 51, 88, 87, 95, 44, 17, 58, 113, 116, 50, 57]
BYTE
客户端数：0	字节数：0	客户端：[]
MAE：185176126.0
RMSE：185176135.172605
finished iteration：2023-01-01 00:00:48.399000

Number of rounds 3
T1
客户端数：0	时间：0	客户端：[]
T2
客户端数：10	时间：0.0	客户端：[110, 88, 105, 1, 29, 59, 43, 117, 122, 62]
客户端数：20	时间：0.0009980201721191406	客户端：[110, 88, 105, 1, 29, 59, 43, 117, 122, 62, 50, 32, 119, 23, 64, 5, 100, 126, 47, 51]
客户端数：30	时间：0.0009980201721191406	客户端：[110, 88, 105, 1, 29, 59, 43, 117, 122, 62, 50, 32, 119, 23, 64, 5, 100, 126, 47, 51, 48, 2, 14, 63, 74, 40, 76, 71, 69, 124]
客户端数：40	时间：0.001995563507080078	客户端：[110, 88, 105, 1, 29, 59, 43, 117, 122, 62, 50, 32, 119, 23, 64, 5, 100, 126, 47, 51, 48, 2, 14, 63, 74, 40, 76, 71, 69, 124, 44, 57, 83, 97, 99, 36, 42, 65, 26, 13]
客户端数：50	时间：0.0029926300048828125	客户端：[110, 88, 105, 1, 29, 59, 43, 117, 122, 62, 50, 32, 119, 23, 64, 5, 100, 126, 47, 51, 48, 2, 14, 63, 74, 40, 76, 71, 69, 124, 44, 57, 83, 97, 99, 36, 42, 65, 26, 13, 54, 85, 22, 12, 27, 9, 56, 3, 118, 77]
客户端数：60	时间：0.004987001419067383	客户端：[110, 88, 105, 1, 29, 59, 43, 117, 122, 62, 50, 32, 119, 23, 64, 5, 100, 126, 47, 51, 48, 2, 14, 63, 74, 40, 76, 71, 69, 124, 44, 57, 83, 97, 99, 36, 42, 65, 26, 13, 54, 85, 22, 12, 27, 9, 56, 3, 118, 77, 17, 104, 115, 127, 80, 24, 19, 66, 101, 25]
客户端数：70	时间：0.004987001419067383	客户端：[110, 88, 105, 1, 29, 59, 43, 117, 122, 62, 50, 32, 119, 23, 64, 5, 100, 126, 47, 51, 48, 2, 14, 63, 74, 40, 76, 71, 69, 124, 44, 57, 83, 97, 99, 36, 42, 65, 26, 13, 54, 85, 22, 12, 27, 9, 56, 3, 118, 77, 17, 104, 115, 127, 80, 24, 19, 66, 101, 25, 106, 87, 21, 31, 89, 90, 120, 94, 46, 84]
客户端数：80	时间：0.005984306335449219	客户端：[110, 88, 105, 1, 29, 59, 43, 117, 122, 62, 50, 32, 119, 23, 64, 5, 100, 126, 47, 51, 48, 2, 14, 63, 74, 40, 76, 71, 69, 124, 44, 57, 83, 97, 99, 36, 42, 65, 26, 13, 54, 85, 22, 12, 27, 9, 56, 3, 118, 77, 17, 104, 115, 127, 80, 24, 19, 66, 101, 25, 106, 87, 21, 31, 89, 90, 120, 94, 46, 84, 53, 33, 96, 92, 81, 109, 34, 68, 35, 73]
客户端数：90	时间：0.005984306335449219	客户端：[110, 88, 105, 1, 29, 59, 43, 117, 122, 62, 50, 32, 119, 23, 64, 5, 100, 126, 47, 51, 48, 2, 14, 63, 74, 40, 76, 71, 69, 124, 44, 57, 83, 97, 99, 36, 42, 65, 26, 13, 54, 85, 22, 12, 27, 9, 56, 3, 118, 77, 17, 104, 115, 127, 80, 24, 19, 66, 101, 25, 106, 87, 21, 31, 89, 90, 120, 94, 46, 84, 53, 33, 96, 92, 81, 109, 34, 68, 35, 73, 75, 18, 111, 79, 49, 86, 67, 4, 39, 7]
客户端数：100	时间：0.006992816925048828	客户端：[110, 88, 105, 1, 29, 59, 43, 117, 122, 62, 50, 32, 119, 23, 64, 5, 100, 126, 47, 51, 48, 2, 14, 63, 74, 40, 76, 71, 69, 124, 44, 57, 83, 97, 99, 36, 42, 65, 26, 13, 54, 85, 22, 12, 27, 9, 56, 3, 118, 77, 17, 104, 115, 127, 80, 24, 19, 66, 101, 25, 106, 87, 21, 31, 89, 90, 120, 94, 46, 84, 53, 33, 96, 92, 81, 109, 34, 68, 35, 73, 75, 18, 111, 79, 49, 86, 67, 4, 39, 7, 20, 61, 107, 123, 91, 28, 38, 58, 15, 10]
客户端数：110	时间：0.006992816925048828	客户端：[110, 88, 105, 1, 29, 59, 43, 117, 122, 62, 50, 32, 119, 23, 64, 5, 100, 126, 47, 51, 48, 2, 14, 63, 74, 40, 76, 71, 69, 124, 44, 57, 83, 97, 99, 36, 42, 65, 26, 13, 54, 85, 22, 12, 27, 9, 56, 3, 118, 77, 17, 104, 115, 127, 80, 24, 19, 66, 101, 25, 106, 87, 21, 31, 89, 90, 120, 94, 46, 84, 53, 33, 96, 92, 81, 109, 34, 68, 35, 73, 75, 18, 111, 79, 49, 86, 67, 4, 39, 7, 20, 61, 107, 123, 91, 28, 38, 58, 15, 10, 125, 121, 60, 116, 98, 103, 102, 114, 128, 108]
客户端数：118	时间：0.006992816925048828	客户端：[110, 88, 105, 1, 29, 59, 43, 117, 122, 62, 50, 32, 119, 23, 64, 5, 100, 126, 47, 51, 48, 2, 14, 63, 74, 40, 76, 71, 69, 124, 44, 57, 83, 97, 99, 36, 42, 65, 26, 13, 54, 85, 22, 12, 27, 9, 56, 3, 118, 77, 17, 104, 115, 127, 80, 24, 19, 66, 101, 25, 106, 87, 21, 31, 89, 90, 120, 94, 46, 84, 53, 33, 96, 92, 81, 109, 34, 68, 35, 73, 75, 18, 111, 79, 49, 86, 67, 4, 39, 7, 20, 61, 107, 123, 91, 28, 38, 58, 15, 10, 125, 121, 60, 116, 98, 103, 102, 114, 128, 108, 16, 72, 37, 82, 41, 78, 93, 95]
T3
客户端数：10	时间：8.637967824935913	客户端：[110, 88, 105, 1, 29, 59, 43, 117, 122, 62]
客户端数：20	时间：36.025200843811035	客户端：[110, 88, 105, 1, 29, 59, 43, 117, 122, 62, 50, 32, 119, 23, 64, 5, 100, 126, 47, 51]
客户端数：30	时间：81.92209076881409	客户端：[110, 88, 105, 1, 29, 59, 43, 117, 122, 62, 50, 32, 119, 23, 64, 5, 100, 126, 47, 51, 48, 2, 14, 63, 74, 40, 76, 71, 69, 124]
客户端数：40	时间：146.83993005752563	客户端：[110, 88, 105, 1, 29, 59, 43, 117, 122, 62, 50, 32, 119, 23, 64, 5, 100, 126, 47, 51, 48, 2, 14, 63, 74, 40, 76, 71, 69, 124, 44, 57, 83, 97, 99, 36, 42, 65, 26, 13]
客户端数：50	时间：230.73328518867493	客户端：[110, 88, 105, 1, 29, 59, 43, 117, 122, 62, 50, 32, 119, 23, 64, 5, 100, 126, 47, 51, 48, 2, 14, 63, 74, 40, 76, 71, 69, 124, 44, 57, 83, 97, 99, 36, 42, 65, 26, 13, 54, 85, 22, 12, 27, 9, 56, 3, 118, 77]
客户端数：60	时间：333.8066637516022	客户端：[110, 88, 105, 1, 29, 59, 43, 117, 122, 62, 50, 32, 119, 23, 64, 5, 100, 126, 47, 51, 48, 2, 14, 63, 74, 40, 76, 71, 69, 124, 44, 57, 83, 97, 99, 36, 42, 65, 26, 13, 54, 85, 22, 12, 27, 9, 56, 3, 118, 77, 17, 104, 115, 127, 80, 24, 19, 66, 101, 25]
客户端数：70	时间：456.63355588912964	客户端：[110, 88, 105, 1, 29, 59, 43, 117, 122, 62, 50, 32, 119, 23, 64, 5, 100, 126, 47, 51, 48, 2, 14, 63, 74, 40, 76, 71, 69, 124, 44, 57, 83, 97, 99, 36, 42, 65, 26, 13, 54, 85, 22, 12, 27, 9, 56, 3, 118, 77, 17, 104, 115, 127, 80, 24, 19, 66, 101, 25, 106, 87, 21, 31, 89, 90, 120, 94, 46, 84]
客户端数：80	时间：599.3845398426056	客户端：[110, 88, 105, 1, 29, 59, 43, 117, 122, 62, 50, 32, 119, 23, 64, 5, 100, 126, 47, 51, 48, 2, 14, 63, 74, 40, 76, 71, 69, 124, 44, 57, 83, 97, 99, 36, 42, 65, 26, 13, 54, 85, 22, 12, 27, 9, 56, 3, 118, 77, 17, 104, 115, 127, 80, 24, 19, 66, 101, 25, 106, 87, 21, 31, 89, 90, 120, 94, 46, 84, 53, 33, 96, 92, 81, 109, 34, 68, 35, 73]
客户端数：90	时间：761.3314030170441	客户端：[110, 88, 105, 1, 29, 59, 43, 117, 122, 62, 50, 32, 119, 23, 64, 5, 100, 126, 47, 51, 48, 2, 14, 63, 74, 40, 76, 71, 69, 124, 44, 57, 83, 97, 99, 36, 42, 65, 26, 13, 54, 85, 22, 12, 27, 9, 56, 3, 118, 77, 17, 104, 115, 127, 80, 24, 19, 66, 101, 25, 106, 87, 21, 31, 89, 90, 120, 94, 46, 84, 53, 33, 96, 92, 81, 109, 34, 68, 35, 73, 75, 18, 111, 79, 49, 86, 67, 4, 39, 7]
客户端数：100	时间：942.0542261600494	客户端：[110, 88, 105, 1, 29, 59, 43, 117, 122, 62, 50, 32, 119, 23, 64, 5, 100, 126, 47, 51, 48, 2, 14, 63, 74, 40, 76, 71, 69, 124, 44, 57, 83, 97, 99, 36, 42, 65, 26, 13, 54, 85, 22, 12, 27, 9, 56, 3, 118, 77, 17, 104, 115, 127, 80, 24, 19, 66, 101, 25, 106, 87, 21, 31, 89, 90, 120, 94, 46, 84, 53, 33, 96, 92, 81, 109, 34, 68, 35, 73, 75, 18, 111, 79, 49, 86, 67, 4, 39, 7, 20, 61, 107, 123, 91, 28, 38, 58, 15, 10]
客户端数：110	时间：1141.5921304225922	客户端：[110, 88, 105, 1, 29, 59, 43, 117, 122, 62, 50, 32, 119, 23, 64, 5, 100, 126, 47, 51, 48, 2, 14, 63, 74, 40, 76, 71, 69, 124, 44, 57, 83, 97, 99, 36, 42, 65, 26, 13, 54, 85, 22, 12, 27, 9, 56, 3, 118, 77, 17, 104, 115, 127, 80, 24, 19, 66, 101, 25, 106, 87, 21, 31, 89, 90, 120, 94, 46, 84, 53, 33, 96, 92, 81, 109, 34, 68, 35, 73, 75, 18, 111, 79, 49, 86, 67, 4, 39, 7, 20, 61, 107, 123, 91, 28, 38, 58, 15, 10, 125, 121, 60, 116, 98, 103, 102, 114, 128, 108]
客户端数：118	时间：1314.7193839550018	客户端：[110, 88, 105, 1, 29, 59, 43, 117, 122, 62, 50, 32, 119, 23, 64, 5, 100, 126, 47, 51, 48, 2, 14, 63, 74, 40, 76, 71, 69, 124, 44, 57, 83, 97, 99, 36, 42, 65, 26, 13, 54, 85, 22, 12, 27, 9, 56, 3, 118, 77, 17, 104, 115, 127, 80, 24, 19, 66, 101, 25, 106, 87, 21, 31, 89, 90, 120, 94, 46, 84, 53, 33, 96, 92, 81, 109, 34, 68, 35, 73, 75, 18, 111, 79, 49, 86, 67, 4, 39, 7, 20, 61, 107, 123, 91, 28, 38, 58, 15, 10, 125, 121, 60, 116, 98, 103, 102, 114, 128, 108, 16, 72, 37, 82, 41, 78, 93, 95]
BYTE
客户端数：0	字节数：0	客户端：[]
MAE：110016257.24102564
RMSE：110209740.80427982
finished iteration：2023-01-01 00:01:20.724206

Number of rounds 4
T1
客户端数：0	时间：0	客户端：[]
T2
客户端数：10	时间：0.0019936561584472656	客户端：[88, 110, 117, 59, 82, 42, 43, 5, 50, 126]
客户端数：20	时间：0.0019936561584472656	客户端：[88, 110, 117, 59, 82, 42, 43, 5, 50, 126, 62, 36, 23, 107, 51, 14, 32, 119, 47, 2]
客户端数：30	时间：0.0019936561584472656	客户端：[88, 110, 117, 59, 82, 42, 43, 5, 50, 126, 62, 36, 23, 107, 51, 14, 32, 119, 47, 2, 115, 97, 100, 63, 48, 40, 44, 57, 20, 65]
客户端数：40	时间：0.0029909610748291016	客户端：[88, 110, 117, 59, 82, 42, 43, 5, 50, 126, 62, 36, 23, 107, 51, 14, 32, 119, 47, 2, 115, 97, 100, 63, 48, 40, 44, 57, 20, 65, 26, 29, 12, 7, 77, 46, 24, 102, 99, 72]
客户端数：50	时间：0.0029909610748291016	客户端：[88, 110, 117, 59, 82, 42, 43, 5, 50, 126, 62, 36, 23, 107, 51, 14, 32, 119, 47, 2, 115, 97, 100, 63, 48, 40, 44, 57, 20, 65, 26, 29, 12, 7, 77, 46, 24, 102, 99, 72, 10, 118, 49, 86, 21, 33, 16, 111, 101, 4]
客户端数：60	时间：0.0029909610748291016	客户端：[88, 110, 117, 59, 82, 42, 43, 5, 50, 126, 62, 36, 23, 107, 51, 14, 32, 119, 47, 2, 115, 97, 100, 63, 48, 40, 44, 57, 20, 65, 26, 29, 12, 7, 77, 46, 24, 102, 99, 72, 10, 118, 49, 86, 21, 33, 16, 111, 101, 4, 108, 87, 28, 80, 116, 13, 17, 91, 31, 78]
客户端数：70	时间：0.0029909610748291016	客户端：[88, 110, 117, 59, 82, 42, 43, 5, 50, 126, 62, 36, 23, 107, 51, 14, 32, 119, 47, 2, 115, 97, 100, 63, 48, 40, 44, 57, 20, 65, 26, 29, 12, 7, 77, 46, 24, 102, 99, 72, 10, 118, 49, 86, 21, 33, 16, 111, 101, 4, 108, 87, 28, 80, 116, 13, 17, 91, 31, 78, 19, 89, 81, 58, 127, 120, 96, 121, 73, 125]
客户端数：80	时间：0.0029909610748291016	客户端：[88, 110, 117, 59, 82, 42, 43, 5, 50, 126, 62, 36, 23, 107, 51, 14, 32, 119, 47, 2, 115, 97, 100, 63, 48, 40, 44, 57, 20, 65, 26, 29, 12, 7, 77, 46, 24, 102, 99, 72, 10, 118, 49, 86, 21, 33, 16, 111, 101, 4, 108, 87, 28, 80, 116, 13, 17, 91, 31, 78, 19, 89, 81, 58, 127, 120, 96, 121, 73, 125, 53, 60, 124, 38, 34, 95, 79, 90, 27, 123]
客户端数：90	时间：0.0049855709075927734	客户端：[88, 110, 117, 59, 82, 42, 43, 5, 50, 126, 62, 36, 23, 107, 51, 14, 32, 119, 47, 2, 115, 97, 100, 63, 48, 40, 44, 57, 20, 65, 26, 29, 12, 7, 77, 46, 24, 102, 99, 72, 10, 118, 49, 86, 21, 33, 16, 111, 101, 4, 108, 87, 28, 80, 116, 13, 17, 91, 31, 78, 19, 89, 81, 58, 127, 120, 96, 121, 73, 125, 53, 60, 124, 38, 34, 95, 79, 90, 27, 123, 76, 18, 9, 68, 114, 39, 94, 35, 98, 84]
客户端数：100	时间：0.006979227066040039	客户端：[88, 110, 117, 59, 82, 42, 43, 5, 50, 126, 62, 36, 23, 107, 51, 14, 32, 119, 47, 2, 115, 97, 100, 63, 48, 40, 44, 57, 20, 65, 26, 29, 12, 7, 77, 46, 24, 102, 99, 72, 10, 118, 49, 86, 21, 33, 16, 111, 101, 4, 108, 87, 28, 80, 116, 13, 17, 91, 31, 78, 19, 89, 81, 58, 127, 120, 96, 121, 73, 125, 53, 60, 124, 38, 34, 95, 79, 90, 27, 123, 76, 18, 9, 68, 114, 39, 94, 35, 98, 84, 66, 92, 67, 61, 3, 54, 93, 105, 128, 41]
客户端数：110	时间：0.006979227066040039	客户端：[88, 110, 117, 59, 82, 42, 43, 5, 50, 126, 62, 36, 23, 107, 51, 14, 32, 119, 47, 2, 115, 97, 100, 63, 48, 40, 44, 57, 20, 65, 26, 29, 12, 7, 77, 46, 24, 102, 99, 72, 10, 118, 49, 86, 21, 33, 16, 111, 101, 4, 108, 87, 28, 80, 116, 13, 17, 91, 31, 78, 19, 89, 81, 58, 127, 120, 96, 121, 73, 125, 53, 60, 124, 38, 34, 95, 79, 90, 27, 123, 76, 18, 9, 68, 114, 39, 94, 35, 98, 84, 66, 92, 67, 61, 3, 54, 93, 105, 128, 41, 64, 22, 25, 106, 83, 69, 122, 56, 104, 85]
客户端数：119	时间：0.006979227066040039	客户端：[88, 110, 117, 59, 82, 42, 43, 5, 50, 126, 62, 36, 23, 107, 51, 14, 32, 119, 47, 2, 115, 97, 100, 63, 48, 40, 44, 57, 20, 65, 26, 29, 12, 7, 77, 46, 24, 102, 99, 72, 10, 118, 49, 86, 21, 33, 16, 111, 101, 4, 108, 87, 28, 80, 116, 13, 17, 91, 31, 78, 19, 89, 81, 58, 127, 120, 96, 121, 73, 125, 53, 60, 124, 38, 34, 95, 79, 90, 27, 123, 76, 18, 9, 68, 114, 39, 94, 35, 98, 84, 66, 92, 67, 61, 3, 54, 93, 105, 128, 41, 64, 22, 25, 106, 83, 69, 122, 56, 104, 85, 75, 1, 74, 103, 6, 37, 109, 15, 71]
T3
客户端数：10	时间：9.256565570831299	客户端：[88, 110, 117, 59, 82, 42, 43, 5, 50, 126]
客户端数：20	时间：37.35410189628601	客户端：[88, 110, 117, 59, 82, 42, 43, 5, 50, 126, 62, 36, 23, 107, 51, 14, 32, 119, 47, 2]
客户端数：30	时间：84.62291121482849	客户端：[88, 110, 117, 59, 82, 42, 43, 5, 50, 126, 62, 36, 23, 107, 51, 14, 32, 119, 47, 2, 115, 97, 100, 63, 48, 40, 44, 57, 20, 65]
客户端数：40	时间：151.88970828056335	客户端：[88, 110, 117, 59, 82, 42, 43, 5, 50, 126, 62, 36, 23, 107, 51, 14, 32, 119, 47, 2, 115, 97, 100, 63, 48, 40, 44, 57, 20, 65, 26, 29, 12, 7, 77, 46, 24, 102, 99, 72]
客户端数：50	时间：238.99370765686035	客户端：[88, 110, 117, 59, 82, 42, 43, 5, 50, 126, 62, 36, 23, 107, 51, 14, 32, 119, 47, 2, 115, 97, 100, 63, 48, 40, 44, 57, 20, 65, 26, 29, 12, 7, 77, 46, 24, 102, 99, 72, 10, 118, 49, 86, 21, 33, 16, 111, 101, 4]
客户端数：60	时间：345.1537127494812	客户端：[88, 110, 117, 59, 82, 42, 43, 5, 50, 126, 62, 36, 23, 107, 51, 14, 32, 119, 47, 2, 115, 97, 100, 63, 48, 40, 44, 57, 20, 65, 26, 29, 12, 7, 77, 46, 24, 102, 99, 72, 10, 118, 49, 86, 21, 33, 16, 111, 101, 4, 108, 87, 28, 80, 116, 13, 17, 91, 31, 78]
客户端数：70	时间：470.2603933811188	客户端：[88, 110, 117, 59, 82, 42, 43, 5, 50, 126, 62, 36, 23, 107, 51, 14, 32, 119, 47, 2, 115, 97, 100, 63, 48, 40, 44, 57, 20, 65, 26, 29, 12, 7, 77, 46, 24, 102, 99, 72, 10, 118, 49, 86, 21, 33, 16, 111, 101, 4, 108, 87, 28, 80, 116, 13, 17, 91, 31, 78, 19, 89, 81, 58, 127, 120, 96, 121, 73, 125]
客户端数：80	时间：614.3990969657898	客户端：[88, 110, 117, 59, 82, 42, 43, 5, 50, 126, 62, 36, 23, 107, 51, 14, 32, 119, 47, 2, 115, 97, 100, 63, 48, 40, 44, 57, 20, 65, 26, 29, 12, 7, 77, 46, 24, 102, 99, 72, 10, 118, 49, 86, 21, 33, 16, 111, 101, 4, 108, 87, 28, 80, 116, 13, 17, 91, 31, 78, 19, 89, 81, 58, 127, 120, 96, 121, 73, 125, 53, 60, 124, 38, 34, 95, 79, 90, 27, 123]
客户端数：90	时间：776.8749260902405	客户端：[88, 110, 117, 59, 82, 42, 43, 5, 50, 126, 62, 36, 23, 107, 51, 14, 32, 119, 47, 2, 115, 97, 100, 63, 48, 40, 44, 57, 20, 65, 26, 29, 12, 7, 77, 46, 24, 102, 99, 72, 10, 118, 49, 86, 21, 33, 16, 111, 101, 4, 108, 87, 28, 80, 116, 13, 17, 91, 31, 78, 19, 89, 81, 58, 127, 120, 96, 121, 73, 125, 53, 60, 124, 38, 34, 95, 79, 90, 27, 123, 76, 18, 9, 68, 114, 39, 94, 35, 98, 84]
客户端数：100	时间：958.7182700634003	客户端：[88, 110, 117, 59, 82, 42, 43, 5, 50, 126, 62, 36, 23, 107, 51, 14, 32, 119, 47, 2, 115, 97, 100, 63, 48, 40, 44, 57, 20, 65, 26, 29, 12, 7, 77, 46, 24, 102, 99, 72, 10, 118, 49, 86, 21, 33, 16, 111, 101, 4, 108, 87, 28, 80, 116, 13, 17, 91, 31, 78, 19, 89, 81, 58, 127, 120, 96, 121, 73, 125, 53, 60, 124, 38, 34, 95, 79, 90, 27, 123, 76, 18, 9, 68, 114, 39, 94, 35, 98, 84, 66, 92, 67, 61, 3, 54, 93, 105, 128, 41]
客户端数：110	时间：1160.383162021637	客户端：[88, 110, 117, 59, 82, 42, 43, 5, 50, 126, 62, 36, 23, 107, 51, 14, 32, 119, 47, 2, 115, 97, 100, 63, 48, 40, 44, 57, 20, 65, 26, 29, 12, 7, 77, 46, 24, 102, 99, 72, 10, 118, 49, 86, 21, 33, 16, 111, 101, 4, 108, 87, 28, 80, 116, 13, 17, 91, 31, 78, 19, 89, 81, 58, 127, 120, 96, 121, 73, 125, 53, 60, 124, 38, 34, 95, 79, 90, 27, 123, 76, 18, 9, 68, 114, 39, 94, 35, 98, 84, 66, 92, 67, 61, 3, 54, 93, 105, 128, 41, 64, 22, 25, 106, 83, 69, 122, 56, 104, 85]
客户端数：119	时间：1392.762359380722	客户端：[88, 110, 117, 59, 82, 42, 43, 5, 50, 126, 62, 36, 23, 107, 51, 14, 32, 119, 47, 2, 115, 97, 100, 63, 48, 40, 44, 57, 20, 65, 26, 29, 12, 7, 77, 46, 24, 102, 99, 72, 10, 118, 49, 86, 21, 33, 16, 111, 101, 4, 108, 87, 28, 80, 116, 13, 17, 91, 31, 78, 19, 89, 81, 58, 127, 120, 96, 121, 73, 125, 53, 60, 124, 38, 34, 95, 79, 90, 27, 123, 76, 18, 9, 68, 114, 39, 94, 35, 98, 84, 66, 92, 67, 61, 3, 54, 93, 105, 128, 41, 64, 22, 25, 106, 83, 69, 122, 56, 104, 85, 75, 1, 74, 103, 6, 37, 109, 15, 71]
BYTE
客户端数：0	字节数：0	客户端：[]
MAE：95505815.1897436
RMSE：95727898.98736843
finished iteration：2023-01-01 00:01:53.170545

Number of rounds 5
T1
客户端数：0	时间：0	客户端：[]
T2
客户端数：10	时间：0.0	客户端：[110, 88, 59, 117, 29, 36, 105, 126, 119, 50]
客户端数：20	时间：0.0	客户端：[110, 88, 59, 117, 29, 36, 105, 126, 119, 50, 14, 107, 13, 51, 23, 10, 122, 98, 77, 74]
客户端数：30	时间：0.0	客户端：[110, 88, 59, 117, 29, 36, 105, 126, 119, 50, 14, 107, 13, 51, 23, 10, 122, 98, 77, 74, 64, 97, 71, 47, 124, 128, 12, 114, 41, 57]
客户端数：40	时间：0.0	客户端：[110, 88, 59, 117, 29, 36, 105, 126, 119, 50, 14, 107, 13, 51, 23, 10, 122, 98, 77, 74, 64, 97, 71, 47, 124, 128, 12, 114, 41, 57, 44, 25, 46, 115, 63, 83, 62, 56, 43, 22]
客户端数：50	时间：0.0	客户端：[110, 88, 59, 117, 29, 36, 105, 126, 119, 50, 14, 107, 13, 51, 23, 10, 122, 98, 77, 74, 64, 97, 71, 47, 124, 128, 12, 114, 41, 57, 44, 25, 46, 115, 63, 83, 62, 56, 43, 22, 28, 80, 127, 5, 54, 26, 33, 116, 65, 37]
客户端数：60	时间：0.0010018348693847656	客户端：[110, 88, 59, 117, 29, 36, 105, 126, 119, 50, 14, 107, 13, 51, 23, 10, 122, 98, 77, 74, 64, 97, 71, 47, 124, 128, 12, 114, 41, 57, 44, 25, 46, 115, 63, 83, 62, 56, 43, 22, 28, 80, 127, 5, 54, 26, 33, 116, 65, 37, 86, 99, 95, 72, 40, 78, 93, 39, 100, 123]
客户端数：70	时间：0.0010018348693847656	客户端：[110, 88, 59, 117, 29, 36, 105, 126, 119, 50, 14, 107, 13, 51, 23, 10, 122, 98, 77, 74, 64, 97, 71, 47, 124, 128, 12, 114, 41, 57, 44, 25, 46, 115, 63, 83, 62, 56, 43, 22, 28, 80, 127, 5, 54, 26, 33, 116, 65, 37, 86, 99, 95, 72, 40, 78, 93, 39, 100, 123, 35, 15, 49, 38, 3, 34, 58, 104, 1, 89]
客户端数：80	时间：0.0010018348693847656	客户端：[110, 88, 59, 117, 29, 36, 105, 126, 119, 50, 14, 107, 13, 51, 23, 10, 122, 98, 77, 74, 64, 97, 71, 47, 124, 128, 12, 114, 41, 57, 44, 25, 46, 115, 63, 83, 62, 56, 43, 22, 28, 80, 127, 5, 54, 26, 33, 116, 65, 37, 86, 99, 95, 72, 40, 78, 93, 39, 100, 123, 35, 15, 49, 38, 3, 34, 58, 104, 1, 89, 79, 61, 118, 87, 18, 69, 94, 17, 27, 106]
客户端数：90	时间：0.0010018348693847656	客户端：[110, 88, 59, 117, 29, 36, 105, 126, 119, 50, 14, 107, 13, 51, 23, 10, 122, 98, 77, 74, 64, 97, 71, 47, 124, 128, 12, 114, 41, 57, 44, 25, 46, 115, 63, 83, 62, 56, 43, 22, 28, 80, 127, 5, 54, 26, 33, 116, 65, 37, 86, 99, 95, 72, 40, 78, 93, 39, 100, 123, 35, 15, 49, 38, 3, 34, 58, 104, 1, 89, 79, 61, 118, 87, 18, 69, 94, 17, 27, 106, 73, 109, 9, 20, 121, 111, 75, 60, 16, 66]
客户端数：100	时间：0.0010018348693847656	客户端：[110, 88, 59, 117, 29, 36, 105, 126, 119, 50, 14, 107, 13, 51, 23, 10, 122, 98, 77, 74, 64, 97, 71, 47, 124, 128, 12, 114, 41, 57, 44, 25, 46, 115, 63, 83, 62, 56, 43, 22, 28, 80, 127, 5, 54, 26, 33, 116, 65, 37, 86, 99, 95, 72, 40, 78, 93, 39, 100, 123, 35, 15, 49, 38, 3, 34, 58, 104, 1, 89, 79, 61, 118, 87, 18, 69, 94, 17, 27, 106, 73, 109, 9, 20, 121, 111, 75, 60, 16, 66, 85, 120, 101, 81, 48, 125, 53, 92, 103, 24]
客户端数：110	时间：0.0010018348693847656	客户端：[110, 88, 59, 117, 29, 36, 105, 126, 119, 50, 14, 107, 13, 51, 23, 10, 122, 98, 77, 74, 64, 97, 71, 47, 124, 128, 12, 114, 41, 57, 44, 25, 46, 115, 63, 83, 62, 56, 43, 22, 28, 80, 127, 5, 54, 26, 33, 116, 65, 37, 86, 99, 95, 72, 40, 78, 93, 39, 100, 123, 35, 15, 49, 38, 3, 34, 58, 104, 1, 89, 79, 61, 118, 87, 18, 69, 94, 17, 27, 106, 73, 109, 9, 20, 121, 111, 75, 60, 16, 66, 85, 120, 101, 81, 48, 125, 53, 92, 103, 24, 7, 96, 32, 4, 19, 42, 82, 76, 90, 31]
客户端数：118	时间：0.0010018348693847656	客户端：[110, 88, 59, 117, 29, 36, 105, 126, 119, 50, 14, 107, 13, 51, 23, 10, 122, 98, 77, 74, 64, 97, 71, 47, 124, 128, 12, 114, 41, 57, 44, 25, 46, 115, 63, 83, 62, 56, 43, 22, 28, 80, 127, 5, 54, 26, 33, 116, 65, 37, 86, 99, 95, 72, 40, 78, 93, 39, 100, 123, 35, 15, 49, 38, 3, 34, 58, 104, 1, 89, 79, 61, 118, 87, 18, 69, 94, 17, 27, 106, 73, 109, 9, 20, 121, 111, 75, 60, 16, 66, 85, 120, 101, 81, 48, 125, 53, 92, 103, 24, 7, 96, 32, 4, 19, 42, 82, 76, 90, 31, 68, 2, 108, 84, 67, 91, 102, 21]
T3
客户端数：10	时间：10.119280815124512	客户端：[110, 88, 59, 117, 29, 36, 105, 126, 119, 50]
客户端数：20	时间：40.194228410720825	客户端：[110, 88, 59, 117, 29, 36, 105, 126, 119, 50, 14, 107, 13, 51, 23, 10, 122, 98, 77, 74]
客户端数：30	时间：89.35733485221863	客户端：[110, 88, 59, 117, 29, 36, 105, 126, 119, 50, 14, 107, 13, 51, 23, 10, 122, 98, 77, 74, 64, 97, 71, 47, 124, 128, 12, 114, 41, 57]
客户端数：40	时间：157.35359692573547	客户端：[110, 88, 59, 117, 29, 36, 105, 126, 119, 50, 14, 107, 13, 51, 23, 10, 122, 98, 77, 74, 64, 97, 71, 47, 124, 128, 12, 114, 41, 57, 44, 25, 46, 115, 63, 83, 62, 56, 43, 22]
客户端数：50	时间：244.42481684684753	客户端：[110, 88, 59, 117, 29, 36, 105, 126, 119, 50, 14, 107, 13, 51, 23, 10, 122, 98, 77, 74, 64, 97, 71, 47, 124, 128, 12, 114, 41, 57, 44, 25, 46, 115, 63, 83, 62, 56, 43, 22, 28, 80, 127, 5, 54, 26, 33, 116, 65, 37]
客户端数：60	时间：352.38619089126587	客户端：[110, 88, 59, 117, 29, 36, 105, 126, 119, 50, 14, 107, 13, 51, 23, 10, 122, 98, 77, 74, 64, 97, 71, 47, 124, 128, 12, 114, 41, 57, 44, 25, 46, 115, 63, 83, 62, 56, 43, 22, 28, 80, 127, 5, 54, 26, 33, 116, 65, 37, 86, 99, 95, 72, 40, 78, 93, 39, 100, 123]
客户端数：70	时间：480.61458945274353	客户端：[110, 88, 59, 117, 29, 36, 105, 126, 119, 50, 14, 107, 13, 51, 23, 10, 122, 98, 77, 74, 64, 97, 71, 47, 124, 128, 12, 114, 41, 57, 44, 25, 46, 115, 63, 83, 62, 56, 43, 22, 28, 80, 127, 5, 54, 26, 33, 116, 65, 37, 86, 99, 95, 72, 40, 78, 93, 39, 100, 123, 35, 15, 49, 38, 3, 34, 58, 104, 1, 89]
客户端数：80	时间：628.6999306678772	客户端：[110, 88, 59, 117, 29, 36, 105, 126, 119, 50, 14, 107, 13, 51, 23, 10, 122, 98, 77, 74, 64, 97, 71, 47, 124, 128, 12, 114, 41, 57, 44, 25, 46, 115, 63, 83, 62, 56, 43, 22, 28, 80, 127, 5, 54, 26, 33, 116, 65, 37, 86, 99, 95, 72, 40, 78, 93, 39, 100, 123, 35, 15, 49, 38, 3, 34, 58, 104, 1, 89, 79, 61, 118, 87, 18, 69, 94, 17, 27, 106]
客户端数：90	时间：797.2364909648895	客户端：[110, 88, 59, 117, 29, 36, 105, 126, 119, 50, 14, 107, 13, 51, 23, 10, 122, 98, 77, 74, 64, 97, 71, 47, 124, 128, 12, 114, 41, 57, 44, 25, 46, 115, 63, 83, 62, 56, 43, 22, 28, 80, 127, 5, 54, 26, 33, 116, 65, 37, 86, 99, 95, 72, 40, 78, 93, 39, 100, 123, 35, 15, 49, 38, 3, 34, 58, 104, 1, 89, 79, 61, 118, 87, 18, 69, 94, 17, 27, 106, 73, 109, 9, 20, 121, 111, 75, 60, 16, 66]
客户端数：100	时间：984.7482755184174	客户端：[110, 88, 59, 117, 29, 36, 105, 126, 119, 50, 14, 107, 13, 51, 23, 10, 122, 98, 77, 74, 64, 97, 71, 47, 124, 128, 12, 114, 41, 57, 44, 25, 46, 115, 63, 83, 62, 56, 43, 22, 28, 80, 127, 5, 54, 26, 33, 116, 65, 37, 86, 99, 95, 72, 40, 78, 93, 39, 100, 123, 35, 15, 49, 38, 3, 34, 58, 104, 1, 89, 79, 61, 118, 87, 18, 69, 94, 17, 27, 106, 73, 109, 9, 20, 121, 111, 75, 60, 16, 66, 85, 120, 101, 81, 48, 125, 53, 92, 103, 24]
客户端数：110	时间：1191.6730444431305	客户端：[110, 88, 59, 117, 29, 36, 105, 126, 119, 50, 14, 107, 13, 51, 23, 10, 122, 98, 77, 74, 64, 97, 71, 47, 124, 128, 12, 114, 41, 57, 44, 25, 46, 115, 63, 83, 62, 56, 43, 22, 28, 80, 127, 5, 54, 26, 33, 116, 65, 37, 86, 99, 95, 72, 40, 78, 93, 39, 100, 123, 35, 15, 49, 38, 3, 34, 58, 104, 1, 89, 79, 61, 118, 87, 18, 69, 94, 17, 27, 106, 73, 109, 9, 20, 121, 111, 75, 60, 16, 66, 85, 120, 101, 81, 48, 125, 53, 92, 103, 24, 7, 96, 32, 4, 19, 42, 82, 76, 90, 31]
客户端数：118	时间：1371.7610380649567	客户端：[110, 88, 59, 117, 29, 36, 105, 126, 119, 50, 14, 107, 13, 51, 23, 10, 122, 98, 77, 74, 64, 97, 71, 47, 124, 128, 12, 114, 41, 57, 44, 25, 46, 115, 63, 83, 62, 56, 43, 22, 28, 80, 127, 5, 54, 26, 33, 116, 65, 37, 86, 99, 95, 72, 40, 78, 93, 39, 100, 123, 35, 15, 49, 38, 3, 34, 58, 104, 1, 89, 79, 61, 118, 87, 18, 69, 94, 17, 27, 106, 73, 109, 9, 20, 121, 111, 75, 60, 16, 66, 85, 120, 101, 81, 48, 125, 53, 92, 103, 24, 7, 96, 32, 4, 19, 42, 82, 76, 90, 31, 68, 2, 108, 84, 67, 91, 102, 21]
BYTE
客户端数：0	字节数：0	客户端：[]
MAE：84665484.52307692
RMSE：85274346.47293939
finished iteration：2023-01-01 00:02:25.951164

Number of rounds 6
T1
客户端数：0	时间：0	客户端：[]
T2
客户端数：10	时间：0.0	客户端：[110, 1, 88, 59, 43, 29, 50, 62, 32, 69]
客户端数：20	时间：0.0	客户端：[110, 1, 88, 59, 43, 29, 50, 62, 32, 69, 64, 107, 100, 82, 76, 14, 115, 51, 105, 97]
客户端数：30	时间：0.0	客户端：[110, 1, 88, 59, 43, 29, 50, 62, 32, 69, 64, 107, 100, 82, 76, 14, 115, 51, 105, 97, 2, 98, 122, 36, 63, 74, 119, 83, 77, 42]
客户端数：40	时间：0.0	客户端：[110, 1, 88, 59, 43, 29, 50, 62, 32, 69, 64, 107, 100, 82, 76, 14, 115, 51, 105, 97, 2, 98, 122, 36, 63, 74, 119, 83, 77, 42, 25, 48, 57, 41, 65, 85, 99, 20, 102, 7]
客户端数：50	时间：0.0	客户端：[110, 1, 88, 59, 43, 29, 50, 62, 32, 69, 64, 107, 100, 82, 76, 14, 115, 51, 105, 97, 2, 98, 122, 36, 63, 74, 119, 83, 77, 42, 25, 48, 57, 41, 65, 85, 99, 20, 102, 7, 111, 108, 81, 56, 117, 9, 128, 22, 73, 16]
客户端数：60	时间：0.0	客户端：[110, 1, 88, 59, 43, 29, 50, 62, 32, 69, 64, 107, 100, 82, 76, 14, 115, 51, 105, 97, 2, 98, 122, 36, 63, 74, 119, 83, 77, 42, 25, 48, 57, 41, 65, 85, 99, 20, 102, 7, 111, 108, 81, 56, 117, 9, 128, 22, 73, 16, 21, 118, 28, 127, 47, 86, 67, 19, 87, 66]
客户端数：70	时间：0.0	客户端：[110, 1, 88, 59, 43, 29, 50, 62, 32, 69, 64, 107, 100, 82, 76, 14, 115, 51, 105, 97, 2, 98, 122, 36, 63, 74, 119, 83, 77, 42, 25, 48, 57, 41, 65, 85, 99, 20, 102, 7, 111, 108, 81, 56, 117, 9, 128, 22, 73, 16, 21, 118, 28, 127, 47, 86, 67, 19, 87, 66, 95, 116, 101, 10, 121, 93, 17, 91, 94, 90]
客户端数：80	时间：0.0	客户端：[110, 1, 88, 59, 43, 29, 50, 62, 32, 69, 64, 107, 100, 82, 76, 14, 115, 51, 105, 97, 2, 98, 122, 36, 63, 74, 119, 83, 77, 42, 25, 48, 57, 41, 65, 85, 99, 20, 102, 7, 111, 108, 81, 56, 117, 9, 128, 22, 73, 16, 21, 118, 28, 127, 47, 86, 67, 19, 87, 66, 95, 116, 101, 10, 121, 93, 17, 91, 94, 90, 31, 46, 39, 34, 53, 109, 4, 92, 79, 125]
客户端数：90	时间：0.0	客户端：[110, 1, 88, 59, 43, 29, 50, 62, 32, 69, 64, 107, 100, 82, 76, 14, 115, 51, 105, 97, 2, 98, 122, 36, 63, 74, 119, 83, 77, 42, 25, 48, 57, 41, 65, 85, 99, 20, 102, 7, 111, 108, 81, 56, 117, 9, 128, 22, 73, 16, 21, 118, 28, 127, 47, 86, 67, 19, 87, 66, 95, 116, 101, 10, 121, 93, 17, 91, 94, 90, 31, 46, 39, 34, 53, 109, 4, 92, 79, 125, 35, 96, 49, 104, 18, 61, 58, 114, 24, 40]
客户端数：100	时间：0.000997304916381836	客户端：[110, 1, 88, 59, 43, 29, 50, 62, 32, 69, 64, 107, 100, 82, 76, 14, 115, 51, 105, 97, 2, 98, 122, 36, 63, 74, 119, 83, 77, 42, 25, 48, 57, 41, 65, 85, 99, 20, 102, 7, 111, 108, 81, 56, 117, 9, 128, 22, 73, 16, 21, 118, 28, 127, 47, 86, 67, 19, 87, 66, 95, 116, 101, 10, 121, 93, 17, 91, 94, 90, 31, 46, 39, 34, 53, 109, 4, 92, 79, 125, 35, 96, 49, 104, 18, 61, 58, 114, 24, 40, 126, 123, 75, 26, 124, 103, 12, 89, 13, 44]
客户端数：110	时间：0.000997304916381836	客户端：[110, 1, 88, 59, 43, 29, 50, 62, 32, 69, 64, 107, 100, 82, 76, 14, 115, 51, 105, 97, 2, 98, 122, 36, 63, 74, 119, 83, 77, 42, 25, 48, 57, 41, 65, 85, 99, 20, 102, 7, 111, 108, 81, 56, 117, 9, 128, 22, 73, 16, 21, 118, 28, 127, 47, 86, 67, 19, 87, 66, 95, 116, 101, 10, 121, 93, 17, 91, 94, 90, 31, 46, 39, 34, 53, 109, 4, 92, 79, 125, 35, 96, 49, 104, 18, 61, 58, 114, 24, 40, 126, 123, 75, 26, 124, 103, 12, 89, 13, 44, 78, 84, 37, 33, 72, 60, 68, 71, 23, 120]
客户端数：118	时间：0.000997304916381836	客户端：[110, 1, 88, 59, 43, 29, 50, 62, 32, 69, 64, 107, 100, 82, 76, 14, 115, 51, 105, 97, 2, 98, 122, 36, 63, 74, 119, 83, 77, 42, 25, 48, 57, 41, 65, 85, 99, 20, 102, 7, 111, 108, 81, 56, 117, 9, 128, 22, 73, 16, 21, 118, 28, 127, 47, 86, 67, 19, 87, 66, 95, 116, 101, 10, 121, 93, 17, 91, 94, 90, 31, 46, 39, 34, 53, 109, 4, 92, 79, 125, 35, 96, 49, 104, 18, 61, 58, 114, 24, 40, 126, 123, 75, 26, 124, 103, 12, 89, 13, 44, 78, 84, 37, 33, 72, 60, 68, 71, 23, 120, 5, 38, 106, 3, 80, 27, 15, 54]
T3
客户端数：10	时间：10.620534181594849	客户端：[110, 1, 88, 59, 43, 29, 50, 62, 32, 69]
客户端数：20	时间：43.793004751205444	客户端：[110, 1, 88, 59, 43, 29, 50, 62, 32, 69, 64, 107, 100, 82, 76, 14, 115, 51, 105, 97]
客户端数：30	时间：98.00320649147034	客户端：[110, 1, 88, 59, 43, 29, 50, 62, 32, 69, 64, 107, 100, 82, 76, 14, 115, 51, 105, 97, 2, 98, 122, 36, 63, 74, 119, 83, 77, 42]
客户端数：40	时间：172.9602825641632	客户端：[110, 1, 88, 59, 43, 29, 50, 62, 32, 69, 64, 107, 100, 82, 76, 14, 115, 51, 105, 97, 2, 98, 122, 36, 63, 74, 119, 83, 77, 42, 25, 48, 57, 41, 65, 85, 99, 20, 102, 7]
客户端数：50	时间：266.68343591690063	客户端：[110, 1, 88, 59, 43, 29, 50, 62, 32, 69, 64, 107, 100, 82, 76, 14, 115, 51, 105, 97, 2, 98, 122, 36, 63, 74, 119, 83, 77, 42, 25, 48, 57, 41, 65, 85, 99, 20, 102, 7, 111, 108, 81, 56, 117, 9, 128, 22, 73, 16]
客户端数：60	时间：379.04036569595337	客户端：[110, 1, 88, 59, 43, 29, 50, 62, 32, 69, 64, 107, 100, 82, 76, 14, 115, 51, 105, 97, 2, 98, 122, 36, 63, 74, 119, 83, 77, 42, 25, 48, 57, 41, 65, 85, 99, 20, 102, 7, 111, 108, 81, 56, 117, 9, 128, 22, 73, 16, 21, 118, 28, 127, 47, 86, 67, 19, 87, 66]
客户端数：70	时间：509.9430682659149	客户端：[110, 1, 88, 59, 43, 29, 50, 62, 32, 69, 64, 107, 100, 82, 76, 14, 115, 51, 105, 97, 2, 98, 122, 36, 63, 74, 119, 83, 77, 42, 25, 48, 57, 41, 65, 85, 99, 20, 102, 7, 111, 108, 81, 56, 117, 9, 128, 22, 73, 16, 21, 118, 28, 127, 47, 86, 67, 19, 87, 66, 95, 116, 101, 10, 121, 93, 17, 91, 94, 90]
客户端数：80	时间：659.3249320983887	客户端：[110, 1, 88, 59, 43, 29, 50, 62, 32, 69, 64, 107, 100, 82, 76, 14, 115, 51, 105, 97, 2, 98, 122, 36, 63, 74, 119, 83, 77, 42, 25, 48, 57, 41, 65, 85, 99, 20, 102, 7, 111, 108, 81, 56, 117, 9, 128, 22, 73, 16, 21, 118, 28, 127, 47, 86, 67, 19, 87, 66, 95, 116, 101, 10, 121, 93, 17, 91, 94, 90, 31, 46, 39, 34, 53, 109, 4, 92, 79, 125]
客户端数：90	时间：827.4023761749268	客户端：[110, 1, 88, 59, 43, 29, 50, 62, 32, 69, 64, 107, 100, 82, 76, 14, 115, 51, 105, 97, 2, 98, 122, 36, 63, 74, 119, 83, 77, 42, 25, 48, 57, 41, 65, 85, 99, 20, 102, 7, 111, 108, 81, 56, 117, 9, 128, 22, 73, 16, 21, 118, 28, 127, 47, 86, 67, 19, 87, 66, 95, 116, 101, 10, 121, 93, 17, 91, 94, 90, 31, 46, 39, 34, 53, 109, 4, 92, 79, 125, 35, 96, 49, 104, 18, 61, 58, 114, 24, 40]
客户端数：100	时间：1013.8892977237701	客户端：[110, 1, 88, 59, 43, 29, 50, 62, 32, 69, 64, 107, 100, 82, 76, 14, 115, 51, 105, 97, 2, 98, 122, 36, 63, 74, 119, 83, 77, 42, 25, 48, 57, 41, 65, 85, 99, 20, 102, 7, 111, 108, 81, 56, 117, 9, 128, 22, 73, 16, 21, 118, 28, 127, 47, 86, 67, 19, 87, 66, 95, 116, 101, 10, 121, 93, 17, 91, 94, 90, 31, 46, 39, 34, 53, 109, 4, 92, 79, 125, 35, 96, 49, 104, 18, 61, 58, 114, 24, 40, 126, 123, 75, 26, 124, 103, 12, 89, 13, 44]
客户端数：110	时间：1219.398913860321	客户端：[110, 1, 88, 59, 43, 29, 50, 62, 32, 69, 64, 107, 100, 82, 76, 14, 115, 51, 105, 97, 2, 98, 122, 36, 63, 74, 119, 83, 77, 42, 25, 48, 57, 41, 65, 85, 99, 20, 102, 7, 111, 108, 81, 56, 117, 9, 128, 22, 73, 16, 21, 118, 28, 127, 47, 86, 67, 19, 87, 66, 95, 116, 101, 10, 121, 93, 17, 91, 94, 90, 31, 46, 39, 34, 53, 109, 4, 92, 79, 125, 35, 96, 49, 104, 18, 61, 58, 114, 24, 40, 126, 123, 75, 26, 124, 103, 12, 89, 13, 44, 78, 84, 37, 33, 72, 60, 68, 71, 23, 120]
客户端数：118	时间：1397.2735981941223	客户端：[110, 1, 88, 59, 43, 29, 50, 62, 32, 69, 64, 107, 100, 82, 76, 14, 115, 51, 105, 97, 2, 98, 122, 36, 63, 74, 119, 83, 77, 42, 25, 48, 57, 41, 65, 85, 99, 20, 102, 7, 111, 108, 81, 56, 117, 9, 128, 22, 73, 16, 21, 118, 28, 127, 47, 86, 67, 19, 87, 66, 95, 116, 101, 10, 121, 93, 17, 91, 94, 90, 31, 46, 39, 34, 53, 109, 4, 92, 79, 125, 35, 96, 49, 104, 18, 61, 58, 114, 24, 40, 126, 123, 75, 26, 124, 103, 12, 89, 13, 44, 78, 84, 37, 33, 72, 60, 68, 71, 23, 120, 5, 38, 106, 3, 80, 27, 15, 54]
BYTE
客户端数：0	字节数：0	客户端：[]
MAE：94652995.4974359
RMSE：94705592.32327197
finished iteration：2023-01-01 00:02:59.274457

Number of rounds 7
T1
客户端数：0	时间：0	客户端：[]
T2
客户端数：10	时间：0.0009975433349609375	客户端：[88, 105, 59, 117, 29, 36, 50, 43, 122, 5]
客户端数：20	时间：0.0009975433349609375	客户端：[88, 105, 59, 117, 29, 36, 50, 43, 122, 5, 126, 62, 107, 114, 64, 76, 20, 100, 14, 77]
客户端数：30	时间：0.0009975433349609375	客户端：[88, 105, 59, 117, 29, 36, 50, 43, 122, 5, 126, 62, 107, 114, 64, 76, 20, 100, 14, 77, 48, 47, 63, 13, 2, 74, 10, 41, 71, 23]
客户端数：40	时间：0.001995086669921875	客户端：[88, 105, 59, 117, 29, 36, 50, 43, 122, 5, 126, 62, 107, 114, 64, 76, 20, 100, 14, 77, 48, 47, 63, 13, 2, 74, 10, 41, 71, 23, 37, 54, 57, 65, 85, 32, 99, 24, 69, 7]
客户端数：50	时间：0.001995086669921875	客户端：[88, 105, 59, 117, 29, 36, 50, 43, 122, 5, 126, 62, 107, 114, 64, 76, 20, 100, 14, 77, 48, 47, 63, 13, 2, 74, 10, 41, 71, 23, 37, 54, 57, 65, 85, 32, 99, 24, 69, 7, 97, 80, 111, 108, 22, 128, 102, 28, 110, 9]
客户端数：60	时间：0.001995086669921875	客户端：[88, 105, 59, 117, 29, 36, 50, 43, 122, 5, 126, 62, 107, 114, 64, 76, 20, 100, 14, 77, 48, 47, 63, 13, 2, 74, 10, 41, 71, 23, 37, 54, 57, 65, 85, 32, 99, 24, 69, 7, 97, 80, 111, 108, 22, 128, 102, 28, 110, 9, 27, 1, 118, 90, 116, 31, 91, 56, 121, 35]
客户端数：70	时间：0.001995086669921875	客户端：[88, 105, 59, 117, 29, 36, 50, 43, 122, 5, 126, 62, 107, 114, 64, 76, 20, 100, 14, 77, 48, 47, 63, 13, 2, 74, 10, 41, 71, 23, 37, 54, 57, 65, 85, 32, 99, 24, 69, 7, 97, 80, 111, 108, 22, 128, 102, 28, 110, 9, 27, 1, 118, 90, 116, 31, 91, 56, 121, 35, 94, 12, 21, 15, 19, 18, 81, 78, 125, 83]
客户端数：80	时间：0.001995086669921875	客户端：[88, 105, 59, 117, 29, 36, 50, 43, 122, 5, 126, 62, 107, 114, 64, 76, 20, 100, 14, 77, 48, 47, 63, 13, 2, 74, 10, 41, 71, 23, 37, 54, 57, 65, 85, 32, 99, 24, 69, 7, 97, 80, 111, 108, 22, 128, 102, 28, 110, 9, 27, 1, 118, 90, 116, 31, 91, 56, 121, 35, 94, 12, 21, 15, 19, 18, 81, 78, 125, 83, 39, 60, 89, 46, 92, 96, 33, 79, 61, 17]
客户端数：90	时间：0.001995086669921875	客户端：[88, 105, 59, 117, 29, 36, 50, 43, 122, 5, 126, 62, 107, 114, 64, 76, 20, 100, 14, 77, 48, 47, 63, 13, 2, 74, 10, 41, 71, 23, 37, 54, 57, 65, 85, 32, 99, 24, 69, 7, 97, 80, 111, 108, 22, 128, 102, 28, 110, 9, 27, 1, 118, 90, 116, 31, 91, 56, 121, 35, 94, 12, 21, 15, 19, 18, 81, 78, 125, 83, 39, 60, 89, 46, 92, 96, 33, 79, 61, 17, 109, 82, 123, 124, 42, 95, 51, 25, 87, 127]
客户端数：100	时间：0.002556324005126953	客户端：[88, 105, 59, 117, 29, 36, 50, 43, 122, 5, 126, 62, 107, 114, 64, 76, 20, 100, 14, 77, 48, 47, 63, 13, 2, 74, 10, 41, 71, 23, 37, 54, 57, 65, 85, 32, 99, 24, 69, 7, 97, 80, 111, 108, 22, 128, 102, 28, 110, 9, 27, 1, 118, 90, 116, 31, 91, 56, 121, 35, 94, 12, 21, 15, 19, 18, 81, 78, 125, 83, 39, 60, 89, 46, 92, 96, 33, 79, 61, 17, 109, 82, 123, 124, 42, 95, 51, 25, 87, 127, 115, 86, 4, 101, 103, 93, 44, 84, 40, 67]
客户端数：110	时间：0.002556324005126953	客户端：[88, 105, 59, 117, 29, 36, 50, 43, 122, 5, 126, 62, 107, 114, 64, 76, 20, 100, 14, 77, 48, 47, 63, 13, 2, 74, 10, 41, 71, 23, 37, 54, 57, 65, 85, 32, 99, 24, 69, 7, 97, 80, 111, 108, 22, 128, 102, 28, 110, 9, 27, 1, 118, 90, 116, 31, 91, 56, 121, 35, 94, 12, 21, 15, 19, 18, 81, 78, 125, 83, 39, 60, 89, 46, 92, 96, 33, 79, 61, 17, 109, 82, 123, 124, 42, 95, 51, 25, 87, 127, 115, 86, 4, 101, 103, 93, 44, 84, 40, 67, 72, 98, 16, 38, 66, 53, 75, 119, 106, 3]
客户端数：117	时间：0.002556324005126953	客户端：[88, 105, 59, 117, 29, 36, 50, 43, 122, 5, 126, 62, 107, 114, 64, 76, 20, 100, 14, 77, 48, 47, 63, 13, 2, 74, 10, 41, 71, 23, 37, 54, 57, 65, 85, 32, 99, 24, 69, 7, 97, 80, 111, 108, 22, 128, 102, 28, 110, 9, 27, 1, 118, 90, 116, 31, 91, 56, 121, 35, 94, 12, 21, 15, 19, 18, 81, 78, 125, 83, 39, 60, 89, 46, 92, 96, 33, 79, 61, 17, 109, 82, 123, 124, 42, 95, 51, 25, 87, 127, 115, 86, 4, 101, 103, 93, 44, 84, 40, 67, 72, 98, 16, 38, 66, 53, 75, 119, 106, 3, 68, 26, 104, 58, 73, 120, 49]
T3
客户端数：10	时间：8.773537874221802	客户端：[88, 105, 59, 117, 29, 36, 50, 43, 122, 5]
客户端数：20	时间：36.73014450073242	客户端：[88, 105, 59, 117, 29, 36, 50, 43, 122, 5, 126, 62, 107, 114, 64, 76, 20, 100, 14, 77]
客户端数：30	时间：84.08745765686035	客户端：[88, 105, 59, 117, 29, 36, 50, 43, 122, 5, 126, 62, 107, 114, 64, 76, 20, 100, 14, 77, 48, 47, 63, 13, 2, 74, 10, 41, 71, 23]
客户端数：40	时间：150.85299706459045	客户端：[88, 105, 59, 117, 29, 36, 50, 43, 122, 5, 126, 62, 107, 114, 64, 76, 20, 100, 14, 77, 48, 47, 63, 13, 2, 74, 10, 41, 71, 23, 37, 54, 57, 65, 85, 32, 99, 24, 69, 7]
客户端数：50	时间：236.8725962638855	客户端：[88, 105, 59, 117, 29, 36, 50, 43, 122, 5, 126, 62, 107, 114, 64, 76, 20, 100, 14, 77, 48, 47, 63, 13, 2, 74, 10, 41, 71, 23, 37, 54, 57, 65, 85, 32, 99, 24, 69, 7, 97, 80, 111, 108, 22, 128, 102, 28, 110, 9]
客户端数：60	时间：342.26878595352173	客户端：[88, 105, 59, 117, 29, 36, 50, 43, 122, 5, 126, 62, 107, 114, 64, 76, 20, 100, 14, 77, 48, 47, 63, 13, 2, 74, 10, 41, 71, 23, 37, 54, 57, 65, 85, 32, 99, 24, 69, 7, 97, 80, 111, 108, 22, 128, 102, 28, 110, 9, 27, 1, 118, 90, 116, 31, 91, 56, 121, 35]
客户端数：70	时间：468.54618787765503	客户端：[88, 105, 59, 117, 29, 36, 50, 43, 122, 5, 126, 62, 107, 114, 64, 76, 20, 100, 14, 77, 48, 47, 63, 13, 2, 74, 10, 41, 71, 23, 37, 54, 57, 65, 85, 32, 99, 24, 69, 7, 97, 80, 111, 108, 22, 128, 102, 28, 110, 9, 27, 1, 118, 90, 116, 31, 91, 56, 121, 35, 94, 12, 21, 15, 19, 18, 81, 78, 125, 83]
客户端数：80	时间：614.2066259384155	客户端：[88, 105, 59, 117, 29, 36, 50, 43, 122, 5, 126, 62, 107, 114, 64, 76, 20, 100, 14, 77, 48, 47, 63, 13, 2, 74, 10, 41, 71, 23, 37, 54, 57, 65, 85, 32, 99, 24, 69, 7, 97, 80, 111, 108, 22, 128, 102, 28, 110, 9, 27, 1, 118, 90, 116, 31, 91, 56, 121, 35, 94, 12, 21, 15, 19, 18, 81, 78, 125, 83, 39, 60, 89, 46, 92, 96, 33, 79, 61, 17]
客户端数：90	时间：779.218267917633	客户端：[88, 105, 59, 117, 29, 36, 50, 43, 122, 5, 126, 62, 107, 114, 64, 76, 20, 100, 14, 77, 48, 47, 63, 13, 2, 74, 10, 41, 71, 23, 37, 54, 57, 65, 85, 32, 99, 24, 69, 7, 97, 80, 111, 108, 22, 128, 102, 28, 110, 9, 27, 1, 118, 90, 116, 31, 91, 56, 121, 35, 94, 12, 21, 15, 19, 18, 81, 78, 125, 83, 39, 60, 89, 46, 92, 96, 33, 79, 61, 17, 109, 82, 123, 124, 42, 95, 51, 25, 87, 127]
客户端数：100	时间：963.1724967956543	客户端：[88, 105, 59, 117, 29, 36, 50, 43, 122, 5, 126, 62, 107, 114, 64, 76, 20, 100, 14, 77, 48, 47, 63, 13, 2, 74, 10, 41, 71, 23, 37, 54, 57, 65, 85, 32, 99, 24, 69, 7, 97, 80, 111, 108, 22, 128, 102, 28, 110, 9, 27, 1, 118, 90, 116, 31, 91, 56, 121, 35, 94, 12, 21, 15, 19, 18, 81, 78, 125, 83, 39, 60, 89, 46, 92, 96, 33, 79, 61, 17, 109, 82, 123, 124, 42, 95, 51, 25, 87, 127, 115, 86, 4, 101, 103, 93, 44, 84, 40, 67]
客户端数：110	时间：1166.7680945396423	客户端：[88, 105, 59, 117, 29, 36, 50, 43, 122, 5, 126, 62, 107, 114, 64, 76, 20, 100, 14, 77, 48, 47, 63, 13, 2, 74, 10, 41, 71, 23, 37, 54, 57, 65, 85, 32, 99, 24, 69, 7, 97, 80, 111, 108, 22, 128, 102, 28, 110, 9, 27, 1, 118, 90, 116, 31, 91, 56, 121, 35, 94, 12, 21, 15, 19, 18, 81, 78, 125, 83, 39, 60, 89, 46, 92, 96, 33, 79, 61, 17, 109, 82, 123, 124, 42, 95, 51, 25, 87, 127, 115, 86, 4, 101, 103, 93, 44, 84, 40, 67, 72, 98, 16, 38, 66, 53, 75, 119, 106, 3]
客户端数：117	时间：1321.0657420158386	客户端：[88, 105, 59, 117, 29, 36, 50, 43, 122, 5, 126, 62, 107, 114, 64, 76, 20, 100, 14, 77, 48, 47, 63, 13, 2, 74, 10, 41, 71, 23, 37, 54, 57, 65, 85, 32, 99, 24, 69, 7, 97, 80, 111, 108, 22, 128, 102, 28, 110, 9, 27, 1, 118, 90, 116, 31, 91, 56, 121, 35, 94, 12, 21, 15, 19, 18, 81, 78, 125, 83, 39, 60, 89, 46, 92, 96, 33, 79, 61, 17, 109, 82, 123, 124, 42, 95, 51, 25, 87, 127, 115, 86, 4, 101, 103, 93, 44, 84, 40, 67, 72, 98, 16, 38, 66, 53, 75, 119, 106, 3, 68, 26, 104, 58, 73, 120, 49]
BYTE
客户端数：0	字节数：0	客户端：[]
MAE：92580509.68814103
RMSE：94709806.31711821
finished iteration：2023-01-01 00:03:31.714047

Number of rounds 8
T1
客户端数：0	时间：0	客户端：[]
T2
客户端数：10	时间：0.0	客户端：[34, 88, 105, 117, 82, 59, 110, 42, 5, 50]
客户端数：20	时间：0.0	客户端：[34, 88, 105, 117, 82, 59, 110, 42, 5, 50, 62, 119, 51, 107, 126, 29, 14, 23, 122, 97]
客户端数：30	时间：0.000997304916381836	客户端：[34, 88, 105, 117, 82, 59, 110, 42, 5, 50, 62, 119, 51, 107, 126, 29, 14, 23, 122, 97, 48, 115, 10, 64, 83, 24, 20, 124, 41, 57]
客户端数：40	时间：0.001994609832763672	客户端：[34, 88, 105, 117, 82, 59, 110, 42, 5, 50, 62, 119, 51, 107, 126, 29, 14, 23, 122, 97, 48, 115, 10, 64, 83, 24, 20, 124, 41, 57, 74, 37, 2, 7, 80, 85, 77, 65, 49, 86]
客户端数：50	时间：0.002991199493408203	客户端：[34, 88, 105, 117, 82, 59, 110, 42, 5, 50, 62, 119, 51, 107, 126, 29, 14, 23, 122, 97, 48, 115, 10, 64, 83, 24, 20, 124, 41, 57, 74, 37, 2, 7, 80, 85, 77, 65, 49, 86, 27, 67, 28, 33, 118, 87, 3, 73, 106, 22]
客户端数：60	时间：0.002991199493408203	客户端：[34, 88, 105, 117, 82, 59, 110, 42, 5, 50, 62, 119, 51, 107, 126, 29, 14, 23, 122, 97, 48, 115, 10, 64, 83, 24, 20, 124, 41, 57, 74, 37, 2, 7, 80, 85, 77, 65, 49, 86, 27, 67, 28, 33, 118, 87, 3, 73, 106, 22, 104, 108, 66, 90, 43, 93, 61, 35, 26, 15]
客户端数：70	时间：0.002991199493408203	客户端：[34, 88, 105, 117, 82, 59, 110, 42, 5, 50, 62, 119, 51, 107, 126, 29, 14, 23, 122, 97, 48, 115, 10, 64, 83, 24, 20, 124, 41, 57, 74, 37, 2, 7, 80, 85, 77, 65, 49, 86, 27, 67, 28, 33, 118, 87, 3, 73, 106, 22, 104, 108, 66, 90, 43, 93, 61, 35, 26, 15, 103, 120, 71, 75, 19, 16, 123, 25, 96, 60]
客户端数：80	时间：0.002991199493408203	客户端：[34, 88, 105, 117, 82, 59, 110, 42, 5, 50, 62, 119, 51, 107, 126, 29, 14, 23, 122, 97, 48, 115, 10, 64, 83, 24, 20, 124, 41, 57, 74, 37, 2, 7, 80, 85, 77, 65, 49, 86, 27, 67, 28, 33, 118, 87, 3, 73, 106, 22, 104, 108, 66, 90, 43, 93, 61, 35, 26, 15, 103, 120, 71, 75, 19, 16, 123, 25, 96, 60, 91, 101, 114, 76, 125, 102, 98, 40, 116, 18]
客户端数：90	时间：0.002991199493408203	客户端：[34, 88, 105, 117, 82, 59, 110, 42, 5, 50, 62, 119, 51, 107, 126, 29, 14, 23, 122, 97, 48, 115, 10, 64, 83, 24, 20, 124, 41, 57, 74, 37, 2, 7, 80, 85, 77, 65, 49, 86, 27, 67, 28, 33, 118, 87, 3, 73, 106, 22, 104, 108, 66, 90, 43, 93, 61, 35, 26, 15, 103, 120, 71, 75, 19, 16, 123, 25, 96, 60, 91, 101, 114, 76, 125, 102, 98, 40, 116, 18, 79, 109, 1, 13, 69, 68, 111, 78, 58, 4]
客户端数：100	时间：0.002991199493408203	客户端：[34, 88, 105, 117, 82, 59, 110, 42, 5, 50, 62, 119, 51, 107, 126, 29, 14, 23, 122, 97, 48, 115, 10, 64, 83, 24, 20, 124, 41, 57, 74, 37, 2, 7, 80, 85, 77, 65, 49, 86, 27, 67, 28, 33, 118, 87, 3, 73, 106, 22, 104, 108, 66, 90, 43, 93, 61, 35, 26, 15, 103, 120, 71, 75, 19, 16, 123, 25, 96, 60, 91, 101, 114, 76, 125, 102, 98, 40, 116, 18, 79, 109, 1, 13, 69, 68, 111, 78, 58, 4, 92, 128, 95, 39, 12, 32, 121, 36, 47, 38]
客户端数：110	时间：0.002991199493408203	客户端：[34, 88, 105, 117, 82, 59, 110, 42, 5, 50, 62, 119, 51, 107, 126, 29, 14, 23, 122, 97, 48, 115, 10, 64, 83, 24, 20, 124, 41, 57, 74, 37, 2, 7, 80, 85, 77, 65, 49, 86, 27, 67, 28, 33, 118, 87, 3, 73, 106, 22, 104, 108, 66, 90, 43, 93, 61, 35, 26, 15, 103, 120, 71, 75, 19, 16, 123, 25, 96, 60, 91, 101, 114, 76, 125, 102, 98, 40, 116, 18, 79, 109, 1, 13, 69, 68, 111, 78, 58, 4, 92, 128, 95, 39, 12, 32, 121, 36, 47, 38, 17, 54, 46, 84, 21, 81, 44, 99, 31, 53]
客户端数：118	时间：0.002991199493408203	客户端：[34, 88, 105, 117, 82, 59, 110, 42, 5, 50, 62, 119, 51, 107, 126, 29, 14, 23, 122, 97, 48, 115, 10, 64, 83, 24, 20, 124, 41, 57, 74, 37, 2, 7, 80, 85, 77, 65, 49, 86, 27, 67, 28, 33, 118, 87, 3, 73, 106, 22, 104, 108, 66, 90, 43, 93, 61, 35, 26, 15, 103, 120, 71, 75, 19, 16, 123, 25, 96, 60, 91, 101, 114, 76, 125, 102, 98, 40, 116, 18, 79, 109, 1, 13, 69, 68, 111, 78, 58, 4, 92, 128, 95, 39, 12, 32, 121, 36, 47, 38, 17, 54, 46, 84, 21, 81, 44, 99, 31, 53, 100, 89, 127, 94, 63, 56, 9, 72]
T3
客户端数：10	时间：34.81805443763733	客户端：[34, 88, 105, 117, 82, 59, 110, 42, 5, 50]
客户端数：20	时间：60.87216305732727	客户端：[34, 88, 105, 117, 82, 59, 110, 42, 5, 50, 62, 119, 51, 107, 126, 29, 14, 23, 122, 97]
客户端数：30	时间：105.9295825958252	客户端：[34, 88, 105, 117, 82, 59, 110, 42, 5, 50, 62, 119, 51, 107, 126, 29, 14, 23, 122, 97, 48, 115, 10, 64, 83, 24, 20, 124, 41, 57]
客户端数：40	时间：171.80494785308838	客户端：[34, 88, 105, 117, 82, 59, 110, 42, 5, 50, 62, 119, 51, 107, 126, 29, 14, 23, 122, 97, 48, 115, 10, 64, 83, 24, 20, 124, 41, 57, 74, 37, 2, 7, 80, 85, 77, 65, 49, 86]
客户端数：50	时间：257.48279070854187	客户端：[34, 88, 105, 117, 82, 59, 110, 42, 5, 50, 62, 119, 51, 107, 126, 29, 14, 23, 122, 97, 48, 115, 10, 64, 83, 24, 20, 124, 41, 57, 74, 37, 2, 7, 80, 85, 77, 65, 49, 86, 27, 67, 28, 33, 118, 87, 3, 73, 106, 22]
客户端数：60	时间：361.21308422088623	客户端：[34, 88, 105, 117, 82, 59, 110, 42, 5, 50, 62, 119, 51, 107, 126, 29, 14, 23, 122, 97, 48, 115, 10, 64, 83, 24, 20, 124, 41, 57, 74, 37, 2, 7, 80, 85, 77, 65, 49, 86, 27, 67, 28, 33, 118, 87, 3, 73, 106, 22, 104, 108, 66, 90, 43, 93, 61, 35, 26, 15]
客户端数：70	时间：482.8178639411926	客户端：[34, 88, 105, 117, 82, 59, 110, 42, 5, 50, 62, 119, 51, 107, 126, 29, 14, 23, 122, 97, 48, 115, 10, 64, 83, 24, 20, 124, 41, 57, 74, 37, 2, 7, 80, 85, 77, 65, 49, 86, 27, 67, 28, 33, 118, 87, 3, 73, 106, 22, 104, 108, 66, 90, 43, 93, 61, 35, 26, 15, 103, 120, 71, 75, 19, 16, 123, 25, 96, 60]
客户端数：80	时间：623.2067294120789	客户端：[34, 88, 105, 117, 82, 59, 110, 42, 5, 50, 62, 119, 51, 107, 126, 29, 14, 23, 122, 97, 48, 115, 10, 64, 83, 24, 20, 124, 41, 57, 74, 37, 2, 7, 80, 85, 77, 65, 49, 86, 27, 67, 28, 33, 118, 87, 3, 73, 106, 22, 104, 108, 66, 90, 43, 93, 61, 35, 26, 15, 103, 120, 71, 75, 19, 16, 123, 25, 96, 60, 91, 101, 114, 76, 125, 102, 98, 40, 116, 18]
客户端数：90	时间：783.4540963172913	客户端：[34, 88, 105, 117, 82, 59, 110, 42, 5, 50, 62, 119, 51, 107, 126, 29, 14, 23, 122, 97, 48, 115, 10, 64, 83, 24, 20, 124, 41, 57, 74, 37, 2, 7, 80, 85, 77, 65, 49, 86, 27, 67, 28, 33, 118, 87, 3, 73, 106, 22, 104, 108, 66, 90, 43, 93, 61, 35, 26, 15, 103, 120, 71, 75, 19, 16, 123, 25, 96, 60, 91, 101, 114, 76, 125, 102, 98, 40, 116, 18, 79, 109, 1, 13, 69, 68, 111, 78, 58, 4]
客户端数：100	时间：963.0659003257751	客户端：[34, 88, 105, 117, 82, 59, 110, 42, 5, 50, 62, 119, 51, 107, 126, 29, 14, 23, 122, 97, 48, 115, 10, 64, 83, 24, 20, 124, 41, 57, 74, 37, 2, 7, 80, 85, 77, 65, 49, 86, 27, 67, 28, 33, 118, 87, 3, 73, 106, 22, 104, 108, 66, 90, 43, 93, 61, 35, 26, 15, 103, 120, 71, 75, 19, 16, 123, 25, 96, 60, 91, 101, 114, 76, 125, 102, 98, 40, 116, 18, 79, 109, 1, 13, 69, 68, 111, 78, 58, 4, 92, 128, 95, 39, 12, 32, 121, 36, 47, 38]
客户端数：110	时间：1162.1245515346527	客户端：[34, 88, 105, 117, 82, 59, 110, 42, 5, 50, 62, 119, 51, 107, 126, 29, 14, 23, 122, 97, 48, 115, 10, 64, 83, 24, 20, 124, 41, 57, 74, 37, 2, 7, 80, 85, 77, 65, 49, 86, 27, 67, 28, 33, 118, 87, 3, 73, 106, 22, 104, 108, 66, 90, 43, 93, 61, 35, 26, 15, 103, 120, 71, 75, 19, 16, 123, 25, 96, 60, 91, 101, 114, 76, 125, 102, 98, 40, 116, 18, 79, 109, 1, 13, 69, 68, 111, 78, 58, 4, 92, 128, 95, 39, 12, 32, 121, 36, 47, 38, 17, 54, 46, 84, 21, 81, 44, 99, 31, 53]
客户端数：118	时间：1335.1759977340698	客户端：[34, 88, 105, 117, 82, 59, 110, 42, 5, 50, 62, 119, 51, 107, 126, 29, 14, 23, 122, 97, 48, 115, 10, 64, 83, 24, 20, 124, 41, 57, 74, 37, 2, 7, 80, 85, 77, 65, 49, 86, 27, 67, 28, 33, 118, 87, 3, 73, 106, 22, 104, 108, 66, 90, 43, 93, 61, 35, 26, 15, 103, 120, 71, 75, 19, 16, 123, 25, 96, 60, 91, 101, 114, 76, 125, 102, 98, 40, 116, 18, 79, 109, 1, 13, 69, 68, 111, 78, 58, 4, 92, 128, 95, 39, 12, 32, 121, 36, 47, 38, 17, 54, 46, 84, 21, 81, 44, 99, 31, 53, 100, 89, 127, 94, 63, 56, 9, 72]
BYTE
客户端数：0	字节数：0	客户端：[]
MAE：85323484.42051283
RMSE：86354977.01360516
finished iteration：2023-01-01 00:04:04.246492

Number of rounds 9
T1
客户端数：0	时间：0	客户端：[]
T2
客户端数：10	时间：0.0	客户端：[105, 1, 82, 29, 42, 5, 43, 88, 62, 13]
客户端数：20	时间：0.0	客户端：[105, 1, 82, 29, 42, 5, 43, 88, 62, 13, 32, 117, 76, 107, 69, 100, 25, 50, 2, 48]
客户端数：30	时间：0.0	客户端：[105, 1, 82, 29, 42, 5, 43, 88, 62, 13, 32, 117, 76, 107, 69, 100, 25, 50, 2, 48, 51, 83, 74, 98, 119, 124, 77, 64, 57, 71]
客户端数：40	时间：0.0	客户端：[105, 1, 82, 29, 42, 5, 43, 88, 62, 13, 32, 117, 76, 107, 69, 100, 25, 50, 2, 48, 51, 83, 74, 98, 119, 124, 77, 64, 57, 71, 103, 44, 54, 26, 17, 40, 7, 28, 102, 9]
客户端数：50	时间：0.0	客户端：[105, 1, 82, 29, 42, 5, 43, 88, 62, 13, 32, 117, 76, 107, 69, 100, 25, 50, 2, 48, 51, 83, 74, 98, 119, 124, 77, 64, 57, 71, 103, 44, 54, 26, 17, 40, 7, 28, 102, 9, 49, 37, 127, 33, 126, 20, 72, 87, 66, 85]
客户端数：60	时间：0.0	客户端：[105, 1, 82, 29, 42, 5, 43, 88, 62, 13, 32, 117, 76, 107, 69, 100, 25, 50, 2, 48, 51, 83, 74, 98, 119, 124, 77, 64, 57, 71, 103, 44, 54, 26, 17, 40, 7, 28, 102, 9, 49, 37, 127, 33, 126, 20, 72, 87, 66, 85, 3, 114, 123, 90, 56, 121, 81, 99, 111, 116]
客户端数：70	时间：0.0	客户端：[105, 1, 82, 29, 42, 5, 43, 88, 62, 13, 32, 117, 76, 107, 69, 100, 25, 50, 2, 48, 51, 83, 74, 98, 119, 124, 77, 64, 57, 71, 103, 44, 54, 26, 17, 40, 7, 28, 102, 9, 49, 37, 127, 33, 126, 20, 72, 87, 66, 85, 3, 114, 123, 90, 56, 121, 81, 99, 111, 116, 41, 67, 78, 128, 80, 31, 68, 60, 61, 12]
客户端数：80	时间：0.0009968280792236328	客户端：[105, 1, 82, 29, 42, 5, 43, 88, 62, 13, 32, 117, 76, 107, 69, 100, 25, 50, 2, 48, 51, 83, 74, 98, 119, 124, 77, 64, 57, 71, 103, 44, 54, 26, 17, 40, 7, 28, 102, 9, 49, 37, 127, 33, 126, 20, 72, 87, 66, 85, 3, 114, 123, 90, 56, 121, 81, 99, 111, 116, 41, 67, 78, 128, 80, 31, 68, 60, 61, 12, 65, 18, 75, 38, 15, 79, 92, 53, 96, 120]
客户端数：90	时间：0.001982450485229492	客户端：[105, 1, 82, 29, 42, 5, 43, 88, 62, 13, 32, 117, 76, 107, 69, 100, 25, 50, 2, 48, 51, 83, 74, 98, 119, 124, 77, 64, 57, 71, 103, 44, 54, 26, 17, 40, 7, 28, 102, 9, 49, 37, 127, 33, 126, 20, 72, 87, 66, 85, 3, 114, 123, 90, 56, 121, 81, 99, 111, 116, 41, 67, 78, 128, 80, 31, 68, 60, 61, 12, 65, 18, 75, 38, 15, 79, 92, 53, 96, 120, 10, 125, 22, 110, 21, 115, 19, 23, 63, 35]
客户端数：100	时间：0.001982450485229492	客户端：[105, 1, 82, 29, 42, 5, 43, 88, 62, 13, 32, 117, 76, 107, 69, 100, 25, 50, 2, 48, 51, 83, 74, 98, 119, 124, 77, 64, 57, 71, 103, 44, 54, 26, 17, 40, 7, 28, 102, 9, 49, 37, 127, 33, 126, 20, 72, 87, 66, 85, 3, 114, 123, 90, 56, 121, 81, 99, 111, 116, 41, 67, 78, 128, 80, 31, 68, 60, 61, 12, 65, 18, 75, 38, 15, 79, 92, 53, 96, 120, 10, 125, 22, 110, 21, 115, 19, 23, 63, 35, 47, 84, 95, 97, 93, 4, 36, 108, 104, 106]
客户端数：110	时间：0.0020198822021484375	客户端：[105, 1, 82, 29, 42, 5, 43, 88, 62, 13, 32, 117, 76, 107, 69, 100, 25, 50, 2, 48, 51, 83, 74, 98, 119, 124, 77, 64, 57, 71, 103, 44, 54, 26, 17, 40, 7, 28, 102, 9, 49, 37, 127, 33, 126, 20, 72, 87, 66, 85, 3, 114, 123, 90, 56, 121, 81, 99, 111, 116, 41, 67, 78, 128, 80, 31, 68, 60, 61, 12, 65, 18, 75, 38, 15, 79, 92, 53, 96, 120, 10, 125, 22, 110, 21, 115, 19, 23, 63, 35, 47, 84, 95, 97, 93, 4, 36, 108, 104, 106, 94, 39, 27, 73, 101, 58, 86, 14, 24, 59]
客户端数：117	时间：0.004014253616333008	客户端：[105, 1, 82, 29, 42, 5, 43, 88, 62, 13, 32, 117, 76, 107, 69, 100, 25, 50, 2, 48, 51, 83, 74, 98, 119, 124, 77, 64, 57, 71, 103, 44, 54, 26, 17, 40, 7, 28, 102, 9, 49, 37, 127, 33, 126, 20, 72, 87, 66, 85, 3, 114, 123, 90, 56, 121, 81, 99, 111, 116, 41, 67, 78, 128, 80, 31, 68, 60, 61, 12, 65, 18, 75, 38, 15, 79, 92, 53, 96, 120, 10, 125, 22, 110, 21, 115, 19, 23, 63, 35, 47, 84, 95, 97, 93, 4, 36, 108, 104, 106, 94, 39, 27, 73, 101, 58, 86, 14, 24, 59, 122, 118, 16, 91, 109, 89, 46]
T3
客户端数：10	时间：8.481578588485718	客户端：[105, 1, 82, 29, 42, 5, 43, 88, 62, 13]
客户端数：20	时间：35.54431962966919	客户端：[105, 1, 82, 29, 42, 5, 43, 88, 62, 13, 32, 117, 76, 107, 69, 100, 25, 50, 2, 48]
客户端数：30	时间：82.68444156646729	客户端：[105, 1, 82, 29, 42, 5, 43, 88, 62, 13, 32, 117, 76, 107, 69, 100, 25, 50, 2, 48, 51, 83, 74, 98, 119, 124, 77, 64, 57, 71]
客户端数：40	时间：149.05292534828186	客户端：[105, 1, 82, 29, 42, 5, 43, 88, 62, 13, 32, 117, 76, 107, 69, 100, 25, 50, 2, 48, 51, 83, 74, 98, 119, 124, 77, 64, 57, 71, 103, 44, 54, 26, 17, 40, 7, 28, 102, 9]
客户端数：50	时间：233.9225561618805	客户端：[105, 1, 82, 29, 42, 5, 43, 88, 62, 13, 32, 117, 76, 107, 69, 100, 25, 50, 2, 48, 51, 83, 74, 98, 119, 124, 77, 64, 57, 71, 103, 44, 54, 26, 17, 40, 7, 28, 102, 9, 49, 37, 127, 33, 126, 20, 72, 87, 66, 85]
客户端数：60	时间：338.1093246936798	客户端：[105, 1, 82, 29, 42, 5, 43, 88, 62, 13, 32, 117, 76, 107, 69, 100, 25, 50, 2, 48, 51, 83, 74, 98, 119, 124, 77, 64, 57, 71, 103, 44, 54, 26, 17, 40, 7, 28, 102, 9, 49, 37, 127, 33, 126, 20, 72, 87, 66, 85, 3, 114, 123, 90, 56, 121, 81, 99, 111, 116]
客户端数：70	时间：462.42726373672485	客户端：[105, 1, 82, 29, 42, 5, 43, 88, 62, 13, 32, 117, 76, 107, 69, 100, 25, 50, 2, 48, 51, 83, 74, 98, 119, 124, 77, 64, 57, 71, 103, 44, 54, 26, 17, 40, 7, 28, 102, 9, 49, 37, 127, 33, 126, 20, 72, 87, 66, 85, 3, 114, 123, 90, 56, 121, 81, 99, 111, 116, 41, 67, 78, 128, 80, 31, 68, 60, 61, 12]
客户端数：80	时间：606.9800224304199	客户端：[105, 1, 82, 29, 42, 5, 43, 88, 62, 13, 32, 117, 76, 107, 69, 100, 25, 50, 2, 48, 51, 83, 74, 98, 119, 124, 77, 64, 57, 71, 103, 44, 54, 26, 17, 40, 7, 28, 102, 9, 49, 37, 127, 33, 126, 20, 72, 87, 66, 85, 3, 114, 123, 90, 56, 121, 81, 99, 111, 116, 41, 67, 78, 128, 80, 31, 68, 60, 61, 12, 65, 18, 75, 38, 15, 79, 92, 53, 96, 120]
客户端数：90	时间：771.2926504611969	客户端：[105, 1, 82, 29, 42, 5, 43, 88, 62, 13, 32, 117, 76, 107, 69, 100, 25, 50, 2, 48, 51, 83, 74, 98, 119, 124, 77, 64, 57, 71, 103, 44, 54, 26, 17, 40, 7, 28, 102, 9, 49, 37, 127, 33, 126, 20, 72, 87, 66, 85, 3, 114, 123, 90, 56, 121, 81, 99, 111, 116, 41, 67, 78, 128, 80, 31, 68, 60, 61, 12, 65, 18, 75, 38, 15, 79, 92, 53, 96, 120, 10, 125, 22, 110, 21, 115, 19, 23, 63, 35]
客户端数：100	时间：955.4559307098389	客户端：[105, 1, 82, 29, 42, 5, 43, 88, 62, 13, 32, 117, 76, 107, 69, 100, 25, 50, 2, 48, 51, 83, 74, 98, 119, 124, 77, 64, 57, 71, 103, 44, 54, 26, 17, 40, 7, 28, 102, 9, 49, 37, 127, 33, 126, 20, 72, 87, 66, 85, 3, 114, 123, 90, 56, 121, 81, 99, 111, 116, 41, 67, 78, 128, 80, 31, 68, 60, 61, 12, 65, 18, 75, 38, 15, 79, 92, 53, 96, 120, 10, 125, 22, 110, 21, 115, 19, 23, 63, 35, 47, 84, 95, 97, 93, 4, 36, 108, 104, 106]
客户端数：110	时间：1160.9596786499023	客户端：[105, 1, 82, 29, 42, 5, 43, 88, 62, 13, 32, 117, 76, 107, 69, 100, 25, 50, 2, 48, 51, 83, 74, 98, 119, 124, 77, 64, 57, 71, 103, 44, 54, 26, 17, 40, 7, 28, 102, 9, 49, 37, 127, 33, 126, 20, 72, 87, 66, 85, 3, 114, 123, 90, 56, 121, 81, 99, 111, 116, 41, 67, 78, 128, 80, 31, 68, 60, 61, 12, 65, 18, 75, 38, 15, 79, 92, 53, 96, 120, 10, 125, 22, 110, 21, 115, 19, 23, 63, 35, 47, 84, 95, 97, 93, 4, 36, 108, 104, 106, 94, 39, 27, 73, 101, 58, 86, 14, 24, 59]
客户端数：117	时间：1316.4681940078735	客户端：[105, 1, 82, 29, 42, 5, 43, 88, 62, 13, 32, 117, 76, 107, 69, 100, 25, 50, 2, 48, 51, 83, 74, 98, 119, 124, 77, 64, 57, 71, 103, 44, 54, 26, 17, 40, 7, 28, 102, 9, 49, 37, 127, 33, 126, 20, 72, 87, 66, 85, 3, 114, 123, 90, 56, 121, 81, 99, 111, 116, 41, 67, 78, 128, 80, 31, 68, 60, 61, 12, 65, 18, 75, 38, 15, 79, 92, 53, 96, 120, 10, 125, 22, 110, 21, 115, 19, 23, 63, 35, 47, 84, 95, 97, 93, 4, 36, 108, 104, 106, 94, 39, 27, 73, 101, 58, 86, 14, 24, 59, 122, 118, 16, 91, 109, 89, 46]
BYTE
客户端数：0	字节数：0	客户端：[]
MAE：100434710.41025642
RMSE：101079990.6563216
finished iteration：2023-01-01 00:04:36.795197

Number of rounds 10
T1
客户端数：0	时间：0	客户端：[]
T2
客户端数：10	时间：0.0	客户端：[105, 88, 117, 29, 82, 43, 62, 36, 5, 119]
客户端数：20	时间：0.001012563705444336	客户端：[105, 88, 117, 29, 82, 43, 62, 36, 5, 119, 51, 32, 122, 59, 126, 14, 42, 64, 47, 23]
客户端数：30	时间：0.001012563705444336	客户端：[105, 88, 117, 29, 82, 43, 62, 36, 5, 119, 51, 32, 122, 59, 126, 14, 42, 64, 47, 23, 2, 63, 77, 40, 128, 20, 10, 107, 76, 86]
客户端数：40	时间：0.001012563705444336	客户端：[105, 88, 117, 29, 82, 43, 62, 36, 5, 119, 51, 32, 122, 59, 126, 14, 42, 64, 47, 23, 2, 63, 77, 40, 128, 20, 10, 107, 76, 86, 26, 108, 72, 65, 44, 28, 50, 49, 27, 22]
客户端数：50	时间：0.001012563705444336	客户端：[105, 88, 117, 29, 82, 43, 62, 36, 5, 119, 51, 32, 122, 59, 126, 14, 42, 64, 47, 23, 2, 63, 77, 40, 128, 20, 10, 107, 76, 86, 26, 108, 72, 65, 44, 28, 50, 49, 27, 22, 16, 33, 81, 73, 114, 101, 19, 102, 17, 121]
客户端数：60	时间：0.001012563705444336	客户端：[105, 88, 117, 29, 82, 43, 62, 36, 5, 119, 51, 32, 122, 59, 126, 14, 42, 64, 47, 23, 2, 63, 77, 40, 128, 20, 10, 107, 76, 86, 26, 108, 72, 65, 44, 28, 50, 49, 27, 22, 16, 33, 81, 73, 114, 101, 19, 102, 17, 121, 31, 61, 111, 97, 37, 24, 90, 104, 46, 68]
客户端数：70	时间：0.001012563705444336	客户端：[105, 88, 117, 29, 82, 43, 62, 36, 5, 119, 51, 32, 122, 59, 126, 14, 42, 64, 47, 23, 2, 63, 77, 40, 128, 20, 10, 107, 76, 86, 26, 108, 72, 65, 44, 28, 50, 49, 27, 22, 16, 33, 81, 73, 114, 101, 19, 102, 17, 121, 31, 61, 111, 97, 37, 24, 90, 104, 46, 68, 109, 127, 75, 91, 125, 58, 79, 116, 56, 106]
客户端数：80	时间：0.001012563705444336	客户端：[105, 88, 117, 29, 82, 43, 62, 36, 5, 119, 51, 32, 122, 59, 126, 14, 42, 64, 47, 23, 2, 63, 77, 40, 128, 20, 10, 107, 76, 86, 26, 108, 72, 65, 44, 28, 50, 49, 27, 22, 16, 33, 81, 73, 114, 101, 19, 102, 17, 121, 31, 61, 111, 97, 37, 24, 90, 104, 46, 68, 109, 127, 75, 91, 125, 58, 79, 116, 56, 106, 115, 9, 39, 15, 80, 48, 78, 18, 118, 95]
客户端数：90	时间：0.0030074119567871094	客户端：[105, 88, 117, 29, 82, 43, 62, 36, 5, 119, 51, 32, 122, 59, 126, 14, 42, 64, 47, 23, 2, 63, 77, 40, 128, 20, 10, 107, 76, 86, 26, 108, 72, 65, 44, 28, 50, 49, 27, 22, 16, 33, 81, 73, 114, 101, 19, 102, 17, 121, 31, 61, 111, 97, 37, 24, 90, 104, 46, 68, 109, 127, 75, 91, 125, 58, 79, 116, 56, 106, 115, 9, 39, 15, 80, 48, 78, 18, 118, 95, 25, 35, 124, 89, 38, 53, 12, 92, 74, 120]
客户端数：100	时间：0.0030074119567871094	客户端：[105, 88, 117, 29, 82, 43, 62, 36, 5, 119, 51, 32, 122, 59, 126, 14, 42, 64, 47, 23, 2, 63, 77, 40, 128, 20, 10, 107, 76, 86, 26, 108, 72, 65, 44, 28, 50, 49, 27, 22, 16, 33, 81, 73, 114, 101, 19, 102, 17, 121, 31, 61, 111, 97, 37, 24, 90, 104, 46, 68, 109, 127, 75, 91, 125, 58, 79, 116, 56, 106, 115, 9, 39, 15, 80, 48, 78, 18, 118, 95, 25, 35, 124, 89, 38, 53, 12, 92, 74, 120, 83, 13, 21, 71, 110, 93, 41, 98, 87, 123]
客户端数：110	时间：0.0030074119567871094	客户端：[105, 88, 117, 29, 82, 43, 62, 36, 5, 119, 51, 32, 122, 59, 126, 14, 42, 64, 47, 23, 2, 63, 77, 40, 128, 20, 10, 107, 76, 86, 26, 108, 72, 65, 44, 28, 50, 49, 27, 22, 16, 33, 81, 73, 114, 101, 19, 102, 17, 121, 31, 61, 111, 97, 37, 24, 90, 104, 46, 68, 109, 127, 75, 91, 125, 58, 79, 116, 56, 106, 115, 9, 39, 15, 80, 48, 78, 18, 118, 95, 25, 35, 124, 89, 38, 53, 12, 92, 74, 120, 83, 13, 21, 71, 110, 93, 41, 98, 87, 123, 1, 66, 60, 94, 85, 67, 99, 57, 7, 4]
客户端数：117	时间：0.0030074119567871094	客户端：[105, 88, 117, 29, 82, 43, 62, 36, 5, 119, 51, 32, 122, 59, 126, 14, 42, 64, 47, 23, 2, 63, 77, 40, 128, 20, 10, 107, 76, 86, 26, 108, 72, 65, 44, 28, 50, 49, 27, 22, 16, 33, 81, 73, 114, 101, 19, 102, 17, 121, 31, 61, 111, 97, 37, 24, 90, 104, 46, 68, 109, 127, 75, 91, 125, 58, 79, 116, 56, 106, 115, 9, 39, 15, 80, 48, 78, 18, 118, 95, 25, 35, 124, 89, 38, 53, 12, 92, 74, 120, 83, 13, 21, 71, 110, 93, 41, 98, 87, 123, 1, 66, 60, 94, 85, 67, 99, 57, 7, 4, 84, 103, 3, 96, 100, 54, 69]
T3
客户端数：10	时间：8.94192910194397	客户端：[105, 88, 117, 29, 82, 43, 62, 36, 5, 119]
客户端数：20	时间：37.29319930076599	客户端：[105, 88, 117, 29, 82, 43, 62, 36, 5, 119, 51, 32, 122, 59, 126, 14, 42, 64, 47, 23]
客户端数：30	时间：84.85415577888489	客户端：[105, 88, 117, 29, 82, 43, 62, 36, 5, 119, 51, 32, 122, 59, 126, 14, 42, 64, 47, 23, 2, 63, 77, 40, 128, 20, 10, 107, 76, 86]
客户端数：40	时间：151.26863408088684	客户端：[105, 88, 117, 29, 82, 43, 62, 36, 5, 119, 51, 32, 122, 59, 126, 14, 42, 64, 47, 23, 2, 63, 77, 40, 128, 20, 10, 107, 76, 86, 26, 108, 72, 65, 44, 28, 50, 49, 27, 22]
客户端数：50	时间：236.5413854122162	客户端：[105, 88, 117, 29, 82, 43, 62, 36, 5, 119, 51, 32, 122, 59, 126, 14, 42, 64, 47, 23, 2, 63, 77, 40, 128, 20, 10, 107, 76, 86, 26, 108, 72, 65, 44, 28, 50, 49, 27, 22, 16, 33, 81, 73, 114, 101, 19, 102, 17, 121]
客户端数：60	时间：340.48980355262756	客户端：[105, 88, 117, 29, 82, 43, 62, 36, 5, 119, 51, 32, 122, 59, 126, 14, 42, 64, 47, 23, 2, 63, 77, 40, 128, 20, 10, 107, 76, 86, 26, 108, 72, 65, 44, 28, 50, 49, 27, 22, 16, 33, 81, 73, 114, 101, 19, 102, 17, 121, 31, 61, 111, 97, 37, 24, 90, 104, 46, 68]
客户端数：70	时间：463.3901867866516	客户端：[105, 88, 117, 29, 82, 43, 62, 36, 5, 119, 51, 32, 122, 59, 126, 14, 42, 64, 47, 23, 2, 63, 77, 40, 128, 20, 10, 107, 76, 86, 26, 108, 72, 65, 44, 28, 50, 49, 27, 22, 16, 33, 81, 73, 114, 101, 19, 102, 17, 121, 31, 61, 111, 97, 37, 24, 90, 104, 46, 68, 109, 127, 75, 91, 125, 58, 79, 116, 56, 106]
客户端数：80	时间：605.4362399578094	客户端：[105, 88, 117, 29, 82, 43, 62, 36, 5, 119, 51, 32, 122, 59, 126, 14, 42, 64, 47, 23, 2, 63, 77, 40, 128, 20, 10, 107, 76, 86, 26, 108, 72, 65, 44, 28, 50, 49, 27, 22, 16, 33, 81, 73, 114, 101, 19, 102, 17, 121, 31, 61, 111, 97, 37, 24, 90, 104, 46, 68, 109, 127, 75, 91, 125, 58, 79, 116, 56, 106, 115, 9, 39, 15, 80, 48, 78, 18, 118, 95]
客户端数：90	时间：768.4655892848969	客户端：[105, 88, 117, 29, 82, 43, 62, 36, 5, 119, 51, 32, 122, 59, 126, 14, 42, 64, 47, 23, 2, 63, 77, 40, 128, 20, 10, 107, 76, 86, 26, 108, 72, 65, 44, 28, 50, 49, 27, 22, 16, 33, 81, 73, 114, 101, 19, 102, 17, 121, 31, 61, 111, 97, 37, 24, 90, 104, 46, 68, 109, 127, 75, 91, 125, 58, 79, 116, 56, 106, 115, 9, 39, 15, 80, 48, 78, 18, 118, 95, 25, 35, 124, 89, 38, 53, 12, 92, 74, 120]
客户端数：100	时间：951.0789177417755	客户端：[105, 88, 117, 29, 82, 43, 62, 36, 5, 119, 51, 32, 122, 59, 126, 14, 42, 64, 47, 23, 2, 63, 77, 40, 128, 20, 10, 107, 76, 86, 26, 108, 72, 65, 44, 28, 50, 49, 27, 22, 16, 33, 81, 73, 114, 101, 19, 102, 17, 121, 31, 61, 111, 97, 37, 24, 90, 104, 46, 68, 109, 127, 75, 91, 125, 58, 79, 116, 56, 106, 115, 9, 39, 15, 80, 48, 78, 18, 118, 95, 25, 35, 124, 89, 38, 53, 12, 92, 74, 120, 83, 13, 21, 71, 110, 93, 41, 98, 87, 123]
客户端数：110	时间：1154.2881951332092	客户端：[105, 88, 117, 29, 82, 43, 62, 36, 5, 119, 51, 32, 122, 59, 126, 14, 42, 64, 47, 23, 2, 63, 77, 40, 128, 20, 10, 107, 76, 86, 26, 108, 72, 65, 44, 28, 50, 49, 27, 22, 16, 33, 81, 73, 114, 101, 19, 102, 17, 121, 31, 61, 111, 97, 37, 24, 90, 104, 46, 68, 109, 127, 75, 91, 125, 58, 79, 116, 56, 106, 115, 9, 39, 15, 80, 48, 78, 18, 118, 95, 25, 35, 124, 89, 38, 53, 12, 92, 74, 120, 83, 13, 21, 71, 110, 93, 41, 98, 87, 123, 1, 66, 60, 94, 85, 67, 99, 57, 7, 4]
客户端数：117	时间：1308.45339012146	客户端：[105, 88, 117, 29, 82, 43, 62, 36, 5, 119, 51, 32, 122, 59, 126, 14, 42, 64, 47, 23, 2, 63, 77, 40, 128, 20, 10, 107, 76, 86, 26, 108, 72, 65, 44, 28, 50, 49, 27, 22, 16, 33, 81, 73, 114, 101, 19, 102, 17, 121, 31, 61, 111, 97, 37, 24, 90, 104, 46, 68, 109, 127, 75, 91, 125, 58, 79, 116, 56, 106, 115, 9, 39, 15, 80, 48, 78, 18, 118, 95, 25, 35, 124, 89, 38, 53, 12, 92, 74, 120, 83, 13, 21, 71, 110, 93, 41, 98, 87, 123, 1, 66, 60, 94, 85, 67, 99, 57, 7, 4, 84, 103, 3, 96, 100, 54, 69]
BYTE
客户端数：0	字节数：0	客户端：[]
MAE：110647602.75897436
RMSE：111042678.39589484
finished iteration：2023-01-01 00:05:09.550379

Number of rounds 11
T1
客户端数：0	时间：0	客户端：[]
T2
客户端数：10	时间：0.000997304916381836	客户端：[110, 105, 88, 1, 29, 59, 82, 122, 23, 43]
客户端数：20	时间：0.000997304916381836	客户端：[110, 105, 88, 1, 29, 59, 82, 122, 23, 43, 126, 50, 14, 100, 42, 32, 119, 117, 64, 115]
客户端数：30	时间：0.000997304916381836	客户端：[110, 105, 88, 1, 29, 59, 82, 122, 23, 43, 126, 50, 14, 100, 42, 32, 119, 117, 64, 115, 83, 47, 40, 124, 44, 5, 103, 74, 54, 48]
客户端数：40	时间：0.000997304916381836	客户端：[110, 105, 88, 1, 29, 59, 82, 122, 23, 43, 126, 50, 14, 100, 42, 32, 119, 117, 64, 115, 83, 47, 40, 124, 44, 5, 103, 74, 54, 48, 20, 12, 86, 7, 71, 72, 102, 65, 13, 16]
客户端数：50	时间：0.000997304916381836	客户端：[110, 105, 88, 1, 29, 59, 82, 122, 23, 43, 126, 50, 14, 100, 42, 32, 119, 117, 64, 115, 83, 47, 40, 124, 44, 5, 103, 74, 54, 48, 20, 12, 86, 7, 71, 72, 102, 65, 13, 16, 49, 28, 111, 10, 80, 73, 62, 118, 33, 27]
客户端数：60	时间：0.000997304916381836	客户端：[110, 105, 88, 1, 29, 59, 82, 122, 23, 43, 126, 50, 14, 100, 42, 32, 119, 117, 64, 115, 83, 47, 40, 124, 44, 5, 103, 74, 54, 48, 20, 12, 86, 7, 71, 72, 102, 65, 13, 16, 49, 28, 111, 10, 80, 73, 62, 118, 33, 27, 81, 67, 77, 9, 106, 84, 90, 98, 66, 78]
客户端数：70	时间：0.000997304916381836	客户端：[110, 105, 88, 1, 29, 59, 82, 122, 23, 43, 126, 50, 14, 100, 42, 32, 119, 117, 64, 115, 83, 47, 40, 124, 44, 5, 103, 74, 54, 48, 20, 12, 86, 7, 71, 72, 102, 65, 13, 16, 49, 28, 111, 10, 80, 73, 62, 118, 33, 27, 81, 67, 77, 9, 106, 84, 90, 98, 66, 78, 63, 123, 127, 97, 39, 87, 91, 68, 38, 121]
客户端数：80	时间：0.000997304916381836	客户端：[110, 105, 88, 1, 29, 59, 82, 122, 23, 43, 126, 50, 14, 100, 42, 32, 119, 117, 64, 115, 83, 47, 40, 124, 44, 5, 103, 74, 54, 48, 20, 12, 86, 7, 71, 72, 102, 65, 13, 16, 49, 28, 111, 10, 80, 73, 62, 118, 33, 27, 81, 67, 77, 9, 106, 84, 90, 98, 66, 78, 63, 123, 127, 97, 39, 87, 91, 68, 38, 121, 26, 75, 104, 53, 18, 79, 125, 128, 3, 76]
客户端数：90	时间：0.000997304916381836	客户端：[110, 105, 88, 1, 29, 59, 82, 122, 23, 43, 126, 50, 14, 100, 42, 32, 119, 117, 64, 115, 83, 47, 40, 124, 44, 5, 103, 74, 54, 48, 20, 12, 86, 7, 71, 72, 102, 65, 13, 16, 49, 28, 111, 10, 80, 73, 62, 118, 33, 27, 81, 67, 77, 9, 106, 84, 90, 98, 66, 78, 63, 123, 127, 97, 39, 87, 91, 68, 38, 121, 26, 75, 104, 53, 18, 79, 125, 128, 3, 76, 57, 19, 89, 46, 108, 61, 85, 92, 21, 17]
客户端数：100	时间：0.000997304916381836	客户端：[110, 105, 88, 1, 29, 59, 82, 122, 23, 43, 126, 50, 14, 100, 42, 32, 119, 117, 64, 115, 83, 47, 40, 124, 44, 5, 103, 74, 54, 48, 20, 12, 86, 7, 71, 72, 102, 65, 13, 16, 49, 28, 111, 10, 80, 73, 62, 118, 33, 27, 81, 67, 77, 9, 106, 84, 90, 98, 66, 78, 63, 123, 127, 97, 39, 87, 91, 68, 38, 121, 26, 75, 104, 53, 18, 79, 125, 128, 3, 76, 57, 19, 89, 46, 108, 61, 85, 92, 21, 17, 116, 95, 41, 36, 15, 107, 96, 93, 25, 109]
客户端数：110	时间：0.000997304916381836	客户端：[110, 105, 88, 1, 29, 59, 82, 122, 23, 43, 126, 50, 14, 100, 42, 32, 119, 117, 64, 115, 83, 47, 40, 124, 44, 5, 103, 74, 54, 48, 20, 12, 86, 7, 71, 72, 102, 65, 13, 16, 49, 28, 111, 10, 80, 73, 62, 118, 33, 27, 81, 67, 77, 9, 106, 84, 90, 98, 66, 78, 63, 123, 127, 97, 39, 87, 91, 68, 38, 121, 26, 75, 104, 53, 18, 79, 125, 128, 3, 76, 57, 19, 89, 46, 108, 61, 85, 92, 21, 17, 116, 95, 41, 36, 15, 107, 96, 93, 25, 109, 31, 2, 58, 114, 51, 94, 24, 4, 99, 101]
客户端数：116	时间：0.000997304916381836	客户端：[110, 105, 88, 1, 29, 59, 82, 122, 23, 43, 126, 50, 14, 100, 42, 32, 119, 117, 64, 115, 83, 47, 40, 124, 44, 5, 103, 74, 54, 48, 20, 12, 86, 7, 71, 72, 102, 65, 13, 16, 49, 28, 111, 10, 80, 73, 62, 118, 33, 27, 81, 67, 77, 9, 106, 84, 90, 98, 66, 78, 63, 123, 127, 97, 39, 87, 91, 68, 38, 121, 26, 75, 104, 53, 18, 79, 125, 128, 3, 76, 57, 19, 89, 46, 108, 61, 85, 92, 21, 17, 116, 95, 41, 36, 15, 107, 96, 93, 25, 109, 31, 2, 58, 114, 51, 94, 24, 4, 99, 101, 60, 56, 37, 22, 35, 69]
T3
客户端数：10	时间：8.930099964141846	客户端：[110, 105, 88, 1, 29, 59, 82, 122, 23, 43]
客户端数：20	时间：36.768837213516235	客户端：[110, 105, 88, 1, 29, 59, 82, 122, 23, 43, 126, 50, 14, 100, 42, 32, 119, 117, 64, 115]
客户端数：30	时间：84.49647688865662	客户端：[110, 105, 88, 1, 29, 59, 82, 122, 23, 43, 126, 50, 14, 100, 42, 32, 119, 117, 64, 115, 83, 47, 40, 124, 44, 5, 103, 74, 54, 48]
客户端数：40	时间：152.33605098724365	客户端：[110, 105, 88, 1, 29, 59, 82, 122, 23, 43, 126, 50, 14, 100, 42, 32, 119, 117, 64, 115, 83, 47, 40, 124, 44, 5, 103, 74, 54, 48, 20, 12, 86, 7, 71, 72, 102, 65, 13, 16]
客户端数：50	时间：239.47380232810974	客户端：[110, 105, 88, 1, 29, 59, 82, 122, 23, 43, 126, 50, 14, 100, 42, 32, 119, 117, 64, 115, 83, 47, 40, 124, 44, 5, 103, 74, 54, 48, 20, 12, 86, 7, 71, 72, 102, 65, 13, 16, 49, 28, 111, 10, 80, 73, 62, 118, 33, 27]
客户端数：60	时间：345.85091400146484	客户端：[110, 105, 88, 1, 29, 59, 82, 122, 23, 43, 126, 50, 14, 100, 42, 32, 119, 117, 64, 115, 83, 47, 40, 124, 44, 5, 103, 74, 54, 48, 20, 12, 86, 7, 71, 72, 102, 65, 13, 16, 49, 28, 111, 10, 80, 73, 62, 118, 33, 27, 81, 67, 77, 9, 106, 84, 90, 98, 66, 78]
客户端数：70	时间：471.90908670425415	客户端：[110, 105, 88, 1, 29, 59, 82, 122, 23, 43, 126, 50, 14, 100, 42, 32, 119, 117, 64, 115, 83, 47, 40, 124, 44, 5, 103, 74, 54, 48, 20, 12, 86, 7, 71, 72, 102, 65, 13, 16, 49, 28, 111, 10, 80, 73, 62, 118, 33, 27, 81, 67, 77, 9, 106, 84, 90, 98, 66, 78, 63, 123, 127, 97, 39, 87, 91, 68, 38, 121]
客户端数：80	时间：617.8015820980072	客户端：[110, 105, 88, 1, 29, 59, 82, 122, 23, 43, 126, 50, 14, 100, 42, 32, 119, 117, 64, 115, 83, 47, 40, 124, 44, 5, 103, 74, 54, 48, 20, 12, 86, 7, 71, 72, 102, 65, 13, 16, 49, 28, 111, 10, 80, 73, 62, 118, 33, 27, 81, 67, 77, 9, 106, 84, 90, 98, 66, 78, 63, 123, 127, 97, 39, 87, 91, 68, 38, 121, 26, 75, 104, 53, 18, 79, 125, 128, 3, 76]
客户端数：90	时间：783.0653500556946	客户端：[110, 105, 88, 1, 29, 59, 82, 122, 23, 43, 126, 50, 14, 100, 42, 32, 119, 117, 64, 115, 83, 47, 40, 124, 44, 5, 103, 74, 54, 48, 20, 12, 86, 7, 71, 72, 102, 65, 13, 16, 49, 28, 111, 10, 80, 73, 62, 118, 33, 27, 81, 67, 77, 9, 106, 84, 90, 98, 66, 78, 63, 123, 127, 97, 39, 87, 91, 68, 38, 121, 26, 75, 104, 53, 18, 79, 125, 128, 3, 76, 57, 19, 89, 46, 108, 61, 85, 92, 21, 17]
客户端数：100	时间：967.0669529438019	客户端：[110, 105, 88, 1, 29, 59, 82, 122, 23, 43, 126, 50, 14, 100, 42, 32, 119, 117, 64, 115, 83, 47, 40, 124, 44, 5, 103, 74, 54, 48, 20, 12, 86, 7, 71, 72, 102, 65, 13, 16, 49, 28, 111, 10, 80, 73, 62, 118, 33, 27, 81, 67, 77, 9, 106, 84, 90, 98, 66, 78, 63, 123, 127, 97, 39, 87, 91, 68, 38, 121, 26, 75, 104, 53, 18, 79, 125, 128, 3, 76, 57, 19, 89, 46, 108, 61, 85, 92, 21, 17, 116, 95, 41, 36, 15, 107, 96, 93, 25, 109]
客户端数：110	时间：1170.8810114860535	客户端：[110, 105, 88, 1, 29, 59, 82, 122, 23, 43, 126, 50, 14, 100, 42, 32, 119, 117, 64, 115, 83, 47, 40, 124, 44, 5, 103, 74, 54, 48, 20, 12, 86, 7, 71, 72, 102, 65, 13, 16, 49, 28, 111, 10, 80, 73, 62, 118, 33, 27, 81, 67, 77, 9, 106, 84, 90, 98, 66, 78, 63, 123, 127, 97, 39, 87, 91, 68, 38, 121, 26, 75, 104, 53, 18, 79, 125, 128, 3, 76, 57, 19, 89, 46, 108, 61, 85, 92, 21, 17, 116, 95, 41, 36, 15, 107, 96, 93, 25, 109, 31, 2, 58, 114, 51, 94, 24, 4, 99, 101]
客户端数：116	时间：1302.7507572174072	客户端：[110, 105, 88, 1, 29, 59, 82, 122, 23, 43, 126, 50, 14, 100, 42, 32, 119, 117, 64, 115, 83, 47, 40, 124, 44, 5, 103, 74, 54, 48, 20, 12, 86, 7, 71, 72, 102, 65, 13, 16, 49, 28, 111, 10, 80, 73, 62, 118, 33, 27, 81, 67, 77, 9, 106, 84, 90, 98, 66, 78, 63, 123, 127, 97, 39, 87, 91, 68, 38, 121, 26, 75, 104, 53, 18, 79, 125, 128, 3, 76, 57, 19, 89, 46, 108, 61, 85, 92, 21, 17, 116, 95, 41, 36, 15, 107, 96, 93, 25, 109, 31, 2, 58, 114, 51, 94, 24, 4, 99, 101, 60, 56, 37, 22, 35, 69]
BYTE
客户端数：0	字节数：0	客户端：[]
MAE：88657519.68205129
RMSE：89316940.4742467
finished iteration：2023-01-01 00:05:42.519349

Number of rounds 12
T1
客户端数：0	时间：0	客户端：[]
T2
客户端数：10	时间：0.000997304916381836	客户端：[88, 105, 59, 117, 110, 43, 122, 82, 51, 23]
客户端数：20	时间：0.000997304916381836	客户端：[88, 105, 59, 117, 110, 43, 122, 82, 51, 23, 126, 29, 62, 119, 69, 100, 32, 13, 10, 47]
客户端数：30	时间：0.000997304916381836	客户端：[88, 105, 59, 117, 110, 43, 122, 82, 51, 23, 126, 29, 62, 119, 69, 100, 32, 13, 10, 47, 25, 76, 74, 97, 77, 48, 124, 114, 71, 44]
客户端数：40	时间：0.000997304916381836	客户端：[88, 105, 59, 117, 110, 43, 122, 82, 51, 23, 126, 29, 62, 119, 69, 100, 32, 13, 10, 47, 25, 76, 74, 97, 77, 48, 124, 114, 71, 44, 12, 37, 46, 56, 102, 72, 99, 67, 5, 22]
客户端数：50	时间：0.000997304916381836	客户端：[88, 105, 59, 117, 110, 43, 122, 82, 51, 23, 126, 29, 62, 119, 69, 100, 32, 13, 10, 47, 25, 76, 74, 97, 77, 48, 124, 114, 71, 44, 12, 37, 46, 56, 102, 72, 99, 67, 5, 22, 2, 118, 21, 26, 80, 33, 81, 16, 28, 73]
客户端数：60	时间：0.000997304916381836	客户端：[88, 105, 59, 117, 110, 43, 122, 82, 51, 23, 126, 29, 62, 119, 69, 100, 32, 13, 10, 47, 25, 76, 74, 97, 77, 48, 124, 114, 71, 44, 12, 37, 46, 56, 102, 72, 99, 67, 5, 22, 2, 118, 21, 26, 80, 33, 81, 16, 28, 73, 9, 1, 107, 50, 104, 106, 3, 61, 65, 4]
客户端数：70	时间：0.000997304916381836	客户端：[88, 105, 59, 117, 110, 43, 122, 82, 51, 23, 126, 29, 62, 119, 69, 100, 32, 13, 10, 47, 25, 76, 74, 97, 77, 48, 124, 114, 71, 44, 12, 37, 46, 56, 102, 72, 99, 67, 5, 22, 2, 118, 21, 26, 80, 33, 81, 16, 28, 73, 9, 1, 107, 50, 104, 106, 3, 61, 65, 4, 108, 103, 89, 19, 96, 60, 75, 38, 109, 53]
客户端数：80	时间：0.000997304916381836	客户端：[88, 105, 59, 117, 110, 43, 122, 82, 51, 23, 126, 29, 62, 119, 69, 100, 32, 13, 10, 47, 25, 76, 74, 97, 77, 48, 124, 114, 71, 44, 12, 37, 46, 56, 102, 72, 99, 67, 5, 22, 2, 118, 21, 26, 80, 33, 81, 16, 28, 73, 9, 1, 107, 50, 104, 106, 3, 61, 65, 4, 108, 103, 89, 19, 96, 60, 75, 38, 109, 53, 79, 54, 7, 78, 93, 125, 101, 31, 121, 123]
客户端数：90	时间：0.000997304916381836	客户端：[88, 105, 59, 117, 110, 43, 122, 82, 51, 23, 126, 29, 62, 119, 69, 100, 32, 13, 10, 47, 25, 76, 74, 97, 77, 48, 124, 114, 71, 44, 12, 37, 46, 56, 102, 72, 99, 67, 5, 22, 2, 118, 21, 26, 80, 33, 81, 16, 28, 73, 9, 1, 107, 50, 104, 106, 3, 61, 65, 4, 108, 103, 89, 19, 96, 60, 75, 38, 109, 53, 79, 54, 7, 78, 93, 125, 101, 31, 121, 123, 66, 90, 68, 85, 17, 86, 24, 35, 40, 42]
客户端数：100	时间：0.000997304916381836	客户端：[88, 105, 59, 117, 110, 43, 122, 82, 51, 23, 126, 29, 62, 119, 69, 100, 32, 13, 10, 47, 25, 76, 74, 97, 77, 48, 124, 114, 71, 44, 12, 37, 46, 56, 102, 72, 99, 67, 5, 22, 2, 118, 21, 26, 80, 33, 81, 16, 28, 73, 9, 1, 107, 50, 104, 106, 3, 61, 65, 4, 108, 103, 89, 19, 96, 60, 75, 38, 109, 53, 79, 54, 7, 78, 93, 125, 101, 31, 121, 123, 66, 90, 68, 85, 17, 86, 24, 35, 40, 42, 115, 14, 128, 18, 49, 20, 83, 87, 95, 98]
客户端数：110	时间：0.0019958019256591797	客户端：[88, 105, 59, 117, 110, 43, 122, 82, 51, 23, 126, 29, 62, 119, 69, 100, 32, 13, 10, 47, 25, 76, 74, 97, 77, 48, 124, 114, 71, 44, 12, 37, 46, 56, 102, 72, 99, 67, 5, 22, 2, 118, 21, 26, 80, 33, 81, 16, 28, 73, 9, 1, 107, 50, 104, 106, 3, 61, 65, 4, 108, 103, 89, 19, 96, 60, 75, 38, 109, 53, 79, 54, 7, 78, 93, 125, 101, 31, 121, 123, 66, 90, 68, 85, 17, 86, 24, 35, 40, 42, 115, 14, 128, 18, 49, 20, 83, 87, 95, 98, 36, 91, 94, 57, 111, 58, 84, 41, 39, 64]
客户端数：114	时间：0.0019958019256591797	客户端：[88, 105, 59, 117, 110, 43, 122, 82, 51, 23, 126, 29, 62, 119, 69, 100, 32, 13, 10, 47, 25, 76, 74, 97, 77, 48, 124, 114, 71, 44, 12, 37, 46, 56, 102, 72, 99, 67, 5, 22, 2, 118, 21, 26, 80, 33, 81, 16, 28, 73, 9, 1, 107, 50, 104, 106, 3, 61, 65, 4, 108, 103, 89, 19, 96, 60, 75, 38, 109, 53, 79, 54, 7, 78, 93, 125, 101, 31, 121, 123, 66, 90, 68, 85, 17, 86, 24, 35, 40, 42, 115, 14, 128, 18, 49, 20, 83, 87, 95, 98, 36, 91, 94, 57, 111, 58, 84, 41, 39, 64, 63, 92, 127, 27]
T3
客户端数：10	时间：8.838083505630493	客户端：[88, 105, 59, 117, 110, 43, 122, 82, 51, 23]
客户端数：20	时间：36.73887848854065	客户端：[88, 105, 59, 117, 110, 43, 122, 82, 51, 23, 126, 29, 62, 119, 69, 100, 32, 13, 10, 47]
客户端数：30	时间：83.4590950012207	客户端：[88, 105, 59, 117, 110, 43, 122, 82, 51, 23, 126, 29, 62, 119, 69, 100, 32, 13, 10, 47, 25, 76, 74, 97, 77, 48, 124, 114, 71, 44]
客户端数：40	时间：148.3768343925476	客户端：[88, 105, 59, 117, 110, 43, 122, 82, 51, 23, 126, 29, 62, 119, 69, 100, 32, 13, 10, 47, 25, 76, 74, 97, 77, 48, 124, 114, 71, 44, 12, 37, 46, 56, 102, 72, 99, 67, 5, 22]
客户端数：50	时间：232.32421731948853	客户端：[88, 105, 59, 117, 110, 43, 122, 82, 51, 23, 126, 29, 62, 119, 69, 100, 32, 13, 10, 47, 25, 76, 74, 97, 77, 48, 124, 114, 71, 44, 12, 37, 46, 56, 102, 72, 99, 67, 5, 22, 2, 118, 21, 26, 80, 33, 81, 16, 28, 73]
客户端数：60	时间：335.65057349205017	客户端：[88, 105, 59, 117, 110, 43, 122, 82, 51, 23, 126, 29, 62, 119, 69, 100, 32, 13, 10, 47, 25, 76, 74, 97, 77, 48, 124, 114, 71, 44, 12, 37, 46, 56, 102, 72, 99, 67, 5, 22, 2, 118, 21, 26, 80, 33, 81, 16, 28, 73, 9, 1, 107, 50, 104, 106, 3, 61, 65, 4]
客户端数：70	时间：459.4903702735901	客户端：[88, 105, 59, 117, 110, 43, 122, 82, 51, 23, 126, 29, 62, 119, 69, 100, 32, 13, 10, 47, 25, 76, 74, 97, 77, 48, 124, 114, 71, 44, 12, 37, 46, 56, 102, 72, 99, 67, 5, 22, 2, 118, 21, 26, 80, 33, 81, 16, 28, 73, 9, 1, 107, 50, 104, 106, 3, 61, 65, 4, 108, 103, 89, 19, 96, 60, 75, 38, 109, 53]
客户端数：80	时间：603.3763144016266	客户端：[88, 105, 59, 117, 110, 43, 122, 82, 51, 23, 126, 29, 62, 119, 69, 100, 32, 13, 10, 47, 25, 76, 74, 97, 77, 48, 124, 114, 71, 44, 12, 37, 46, 56, 102, 72, 99, 67, 5, 22, 2, 118, 21, 26, 80, 33, 81, 16, 28, 73, 9, 1, 107, 50, 104, 106, 3, 61, 65, 4, 108, 103, 89, 19, 96, 60, 75, 38, 109, 53, 79, 54, 7, 78, 93, 125, 101, 31, 121, 123]
客户端数：90	时间：768.1100072860718	客户端：[88, 105, 59, 117, 110, 43, 122, 82, 51, 23, 126, 29, 62, 119, 69, 100, 32, 13, 10, 47, 25, 76, 74, 97, 77, 48, 124, 114, 71, 44, 12, 37, 46, 56, 102, 72, 99, 67, 5, 22, 2, 118, 21, 26, 80, 33, 81, 16, 28, 73, 9, 1, 107, 50, 104, 106, 3, 61, 65, 4, 108, 103, 89, 19, 96, 60, 75, 38, 109, 53, 79, 54, 7, 78, 93, 125, 101, 31, 121, 123, 66, 90, 68, 85, 17, 86, 24, 35, 40, 42]
客户端数：100	时间：952.9223504066467	客户端：[88, 105, 59, 117, 110, 43, 122, 82, 51, 23, 126, 29, 62, 119, 69, 100, 32, 13, 10, 47, 25, 76, 74, 97, 77, 48, 124, 114, 71, 44, 12, 37, 46, 56, 102, 72, 99, 67, 5, 22, 2, 118, 21, 26, 80, 33, 81, 16, 28, 73, 9, 1, 107, 50, 104, 106, 3, 61, 65, 4, 108, 103, 89, 19, 96, 60, 75, 38, 109, 53, 79, 54, 7, 78, 93, 125, 101, 31, 121, 123, 66, 90, 68, 85, 17, 86, 24, 35, 40, 42, 115, 14, 128, 18, 49, 20, 83, 87, 95, 98]
客户端数：110	时间：1157.422366142273	客户端：[88, 105, 59, 117, 110, 43, 122, 82, 51, 23, 126, 29, 62, 119, 69, 100, 32, 13, 10, 47, 25, 76, 74, 97, 77, 48, 124, 114, 71, 44, 12, 37, 46, 56, 102, 72, 99, 67, 5, 22, 2, 118, 21, 26, 80, 33, 81, 16, 28, 73, 9, 1, 107, 50, 104, 106, 3, 61, 65, 4, 108, 103, 89, 19, 96, 60, 75, 38, 109, 53, 79, 54, 7, 78, 93, 125, 101, 31, 121, 123, 66, 90, 68, 85, 17, 86, 24, 35, 40, 42, 115, 14, 128, 18, 49, 20, 83, 87, 95, 98, 36, 91, 94, 57, 111, 58, 84, 41, 39, 64]
客户端数：114	时间：1244.749807357788	客户端：[88, 105, 59, 117, 110, 43, 122, 82, 51, 23, 126, 29, 62, 119, 69, 100, 32, 13, 10, 47, 25, 76, 74, 97, 77, 48, 124, 114, 71, 44, 12, 37, 46, 56, 102, 72, 99, 67, 5, 22, 2, 118, 21, 26, 80, 33, 81, 16, 28, 73, 9, 1, 107, 50, 104, 106, 3, 61, 65, 4, 108, 103, 89, 19, 96, 60, 75, 38, 109, 53, 79, 54, 7, 78, 93, 125, 101, 31, 121, 123, 66, 90, 68, 85, 17, 86, 24, 35, 40, 42, 115, 14, 128, 18, 49, 20, 83, 87, 95, 98, 36, 91, 94, 57, 111, 58, 84, 41, 39, 64, 63, 92, 127, 27]
BYTE
客户端数：0	字节数：0	客户端：[]
MAE：93009554.26666667
RMSE：93517344.99473211
finished iteration：2023-01-01 00:06:15.283439

Number of rounds 13
T1
客户端数：0	时间：0	客户端：[]
T2
客户端数：10	时间：0.0	客户端：[88, 59, 1, 82, 36, 117, 5, 62, 29, 105]
客户端数：20	时间：0.0	客户端：[88, 59, 1, 82, 36, 117, 5, 62, 29, 105, 32, 50, 119, 51, 13, 126, 64, 69, 100, 122]
客户端数：30	时间：0.0009975433349609375	客户端：[88, 59, 1, 82, 36, 117, 5, 62, 29, 105, 32, 50, 119, 51, 13, 126, 64, 69, 100, 122, 14, 20, 114, 110, 115, 77, 47, 25, 124, 71]
客户端数：40	时间：0.0009975433349609375	客户端：[88, 59, 1, 82, 36, 117, 5, 62, 29, 105, 32, 50, 119, 51, 13, 126, 64, 69, 100, 122, 14, 20, 114, 110, 115, 77, 47, 25, 124, 71, 128, 83, 86, 37, 57, 98, 99, 26, 12, 74]
客户端数：50	时间：0.0009975433349609375	客户端：[88, 59, 1, 82, 36, 117, 5, 62, 29, 105, 32, 50, 119, 51, 13, 126, 64, 69, 100, 122, 14, 20, 114, 110, 115, 77, 47, 25, 124, 71, 128, 83, 86, 37, 57, 98, 99, 26, 12, 74, 56, 72, 81, 21, 33, 2, 3, 93, 104, 4]
客户端数：60	时间：0.001973390579223633	客户端：[88, 59, 1, 82, 36, 117, 5, 62, 29, 105, 32, 50, 119, 51, 13, 126, 64, 69, 100, 122, 14, 20, 114, 110, 115, 77, 47, 25, 124, 71, 128, 83, 86, 37, 57, 98, 99, 26, 12, 74, 56, 72, 81, 21, 33, 2, 3, 93, 104, 4, 97, 107, 48, 7, 103, 39, 40, 31, 38, 66]
客户端数：70	时间：0.001973390579223633	客户端：[88, 59, 1, 82, 36, 117, 5, 62, 29, 105, 32, 50, 119, 51, 13, 126, 64, 69, 100, 122, 14, 20, 114, 110, 115, 77, 47, 25, 124, 71, 128, 83, 86, 37, 57, 98, 99, 26, 12, 74, 56, 72, 81, 21, 33, 2, 3, 93, 104, 4, 97, 107, 48, 7, 103, 39, 40, 31, 38, 66, 35, 58, 18, 68, 53, 92, 90, 102, 60, 89]
客户端数：80	时间：0.001973390579223633	客户端：[88, 59, 1, 82, 36, 117, 5, 62, 29, 105, 32, 50, 119, 51, 13, 126, 64, 69, 100, 122, 14, 20, 114, 110, 115, 77, 47, 25, 124, 71, 128, 83, 86, 37, 57, 98, 99, 26, 12, 74, 56, 72, 81, 21, 33, 2, 3, 93, 104, 4, 97, 107, 48, 7, 103, 39, 40, 31, 38, 66, 35, 58, 18, 68, 53, 92, 90, 102, 60, 89, 101, 41, 96, 44, 109, 79, 63, 65, 91, 106]
客户端数：90	时间：0.001973390579223633	客户端：[88, 59, 1, 82, 36, 117, 5, 62, 29, 105, 32, 50, 119, 51, 13, 126, 64, 69, 100, 122, 14, 20, 114, 110, 115, 77, 47, 25, 124, 71, 128, 83, 86, 37, 57, 98, 99, 26, 12, 74, 56, 72, 81, 21, 33, 2, 3, 93, 104, 4, 97, 107, 48, 7, 103, 39, 40, 31, 38, 66, 35, 58, 18, 68, 53, 92, 90, 102, 60, 89, 101, 41, 96, 44, 109, 79, 63, 65, 91, 106, 19, 87, 42, 10, 23, 16, 95, 46, 17, 61]
客户端数：100	时间：0.001973390579223633	客户端：[88, 59, 1, 82, 36, 117, 5, 62, 29, 105, 32, 50, 119, 51, 13, 126, 64, 69, 100, 122, 14, 20, 114, 110, 115, 77, 47, 25, 124, 71, 128, 83, 86, 37, 57, 98, 99, 26, 12, 74, 56, 72, 81, 21, 33, 2, 3, 93, 104, 4, 97, 107, 48, 7, 103, 39, 40, 31, 38, 66, 35, 58, 18, 68, 53, 92, 90, 102, 60, 89, 101, 41, 96, 44, 109, 79, 63, 65, 91, 106, 19, 87, 42, 10, 23, 16, 95, 46, 17, 61, 111, 27, 78, 125, 94, 127, 118, 76, 84, 121]
客户端数：110	时间：0.002971172332763672	客户端：[88, 59, 1, 82, 36, 117, 5, 62, 29, 105, 32, 50, 119, 51, 13, 126, 64, 69, 100, 122, 14, 20, 114, 110, 115, 77, 47, 25, 124, 71, 128, 83, 86, 37, 57, 98, 99, 26, 12, 74, 56, 72, 81, 21, 33, 2, 3, 93, 104, 4, 97, 107, 48, 7, 103, 39, 40, 31, 38, 66, 35, 58, 18, 68, 53, 92, 90, 102, 60, 89, 101, 41, 96, 44, 109, 79, 63, 65, 91, 106, 19, 87, 42, 10, 23, 16, 95, 46, 17, 61, 111, 27, 78, 125, 94, 127, 118, 76, 84, 121, 73, 123, 80, 22, 28, 9, 85, 116, 15, 108]
客户端数：114	时间：0.002971172332763672	客户端：[88, 59, 1, 82, 36, 117, 5, 62, 29, 105, 32, 50, 119, 51, 13, 126, 64, 69, 100, 122, 14, 20, 114, 110, 115, 77, 47, 25, 124, 71, 128, 83, 86, 37, 57, 98, 99, 26, 12, 74, 56, 72, 81, 21, 33, 2, 3, 93, 104, 4, 97, 107, 48, 7, 103, 39, 40, 31, 38, 66, 35, 58, 18, 68, 53, 92, 90, 102, 60, 89, 101, 41, 96, 44, 109, 79, 63, 65, 91, 106, 19, 87, 42, 10, 23, 16, 95, 46, 17, 61, 111, 27, 78, 125, 94, 127, 118, 76, 84, 121, 73, 123, 80, 22, 28, 9, 85, 116, 15, 108, 43, 54, 49, 24]
T3
客户端数：10	时间：10.234437227249146	客户端：[88, 59, 1, 82, 36, 117, 5, 62, 29, 105]
客户端数：20	时间：41.025726556777954	客户端：[88, 59, 1, 82, 36, 117, 5, 62, 29, 105, 32, 50, 119, 51, 13, 126, 64, 69, 100, 122]
客户端数：30	时间：91.33404231071472	客户端：[88, 59, 1, 82, 36, 117, 5, 62, 29, 105, 32, 50, 119, 51, 13, 126, 64, 69, 100, 122, 14, 20, 114, 110, 115, 77, 47, 25, 124, 71]
客户端数：40	时间：162.07060313224792	客户端：[88, 59, 1, 82, 36, 117, 5, 62, 29, 105, 32, 50, 119, 51, 13, 126, 64, 69, 100, 122, 14, 20, 114, 110, 115, 77, 47, 25, 124, 71, 128, 83, 86, 37, 57, 98, 99, 26, 12, 74]
客户端数：50	时间：253.61936402320862	客户端：[88, 59, 1, 82, 36, 117, 5, 62, 29, 105, 32, 50, 119, 51, 13, 126, 64, 69, 100, 122, 14, 20, 114, 110, 115, 77, 47, 25, 124, 71, 128, 83, 86, 37, 57, 98, 99, 26, 12, 74, 56, 72, 81, 21, 33, 2, 3, 93, 104, 4]
客户端数：60	时间：364.07516956329346	客户端：[88, 59, 1, 82, 36, 117, 5, 62, 29, 105, 32, 50, 119, 51, 13, 126, 64, 69, 100, 122, 14, 20, 114, 110, 115, 77, 47, 25, 124, 71, 128, 83, 86, 37, 57, 98, 99, 26, 12, 74, 56, 72, 81, 21, 33, 2, 3, 93, 104, 4, 97, 107, 48, 7, 103, 39, 40, 31, 38, 66]
客户端数：70	时间：493.93284916877747	客户端：[88, 59, 1, 82, 36, 117, 5, 62, 29, 105, 32, 50, 119, 51, 13, 126, 64, 69, 100, 122, 14, 20, 114, 110, 115, 77, 47, 25, 124, 71, 128, 83, 86, 37, 57, 98, 99, 26, 12, 74, 56, 72, 81, 21, 33, 2, 3, 93, 104, 4, 97, 107, 48, 7, 103, 39, 40, 31, 38, 66, 35, 58, 18, 68, 53, 92, 90, 102, 60, 89]
客户端数：80	时间：642.9608106613159	客户端：[88, 59, 1, 82, 36, 117, 5, 62, 29, 105, 32, 50, 119, 51, 13, 126, 64, 69, 100, 122, 14, 20, 114, 110, 115, 77, 47, 25, 124, 71, 128, 83, 86, 37, 57, 98, 99, 26, 12, 74, 56, 72, 81, 21, 33, 2, 3, 93, 104, 4, 97, 107, 48, 7, 103, 39, 40, 31, 38, 66, 35, 58, 18, 68, 53, 92, 90, 102, 60, 89, 101, 41, 96, 44, 109, 79, 63, 65, 91, 106]
客户端数：90	时间：810.4445674419403	客户端：[88, 59, 1, 82, 36, 117, 5, 62, 29, 105, 32, 50, 119, 51, 13, 126, 64, 69, 100, 122, 14, 20, 114, 110, 115, 77, 47, 25, 124, 71, 128, 83, 86, 37, 57, 98, 99, 26, 12, 74, 56, 72, 81, 21, 33, 2, 3, 93, 104, 4, 97, 107, 48, 7, 103, 39, 40, 31, 38, 66, 35, 58, 18, 68, 53, 92, 90, 102, 60, 89, 101, 41, 96, 44, 109, 79, 63, 65, 91, 106, 19, 87, 42, 10, 23, 16, 95, 46, 17, 61]
客户端数：100	时间：997.3933107852936	客户端：[88, 59, 1, 82, 36, 117, 5, 62, 29, 105, 32, 50, 119, 51, 13, 126, 64, 69, 100, 122, 14, 20, 114, 110, 115, 77, 47, 25, 124, 71, 128, 83, 86, 37, 57, 98, 99, 26, 12, 74, 56, 72, 81, 21, 33, 2, 3, 93, 104, 4, 97, 107, 48, 7, 103, 39, 40, 31, 38, 66, 35, 58, 18, 68, 53, 92, 90, 102, 60, 89, 101, 41, 96, 44, 109, 79, 63, 65, 91, 106, 19, 87, 42, 10, 23, 16, 95, 46, 17, 61, 111, 27, 78, 125, 94, 127, 118, 76, 84, 121]
客户端数：110	时间：1279.2228429317474	客户端：[88, 59, 1, 82, 36, 117, 5, 62, 29, 105, 32, 50, 119, 51, 13, 126, 64, 69, 100, 122, 14, 20, 114, 110, 115, 77, 47, 25, 124, 71, 128, 83, 86, 37, 57, 98, 99, 26, 12, 74, 56, 72, 81, 21, 33, 2, 3, 93, 104, 4, 97, 107, 48, 7, 103, 39, 40, 31, 38, 66, 35, 58, 18, 68, 53, 92, 90, 102, 60, 89, 101, 41, 96, 44, 109, 79, 63, 65, 91, 106, 19, 87, 42, 10, 23, 16, 95, 46, 17, 61, 111, 27, 78, 125, 94, 127, 118, 76, 84, 121, 73, 123, 80, 22, 28, 9, 85, 116, 15, 108]
客户端数：114	时间：1367.4106385707855	客户端：[88, 59, 1, 82, 36, 117, 5, 62, 29, 105, 32, 50, 119, 51, 13, 126, 64, 69, 100, 122, 14, 20, 114, 110, 115, 77, 47, 25, 124, 71, 128, 83, 86, 37, 57, 98, 99, 26, 12, 74, 56, 72, 81, 21, 33, 2, 3, 93, 104, 4, 97, 107, 48, 7, 103, 39, 40, 31, 38, 66, 35, 58, 18, 68, 53, 92, 90, 102, 60, 89, 101, 41, 96, 44, 109, 79, 63, 65, 91, 106, 19, 87, 42, 10, 23, 16, 95, 46, 17, 61, 111, 27, 78, 125, 94, 127, 118, 76, 84, 121, 73, 123, 80, 22, 28, 9, 85, 116, 15, 108, 43, 54, 49, 24]
BYTE
客户端数：0	字节数：0	客户端：[]
MAE：93277506.8
RMSE：93544479.39447905
finished iteration：2023-01-01 00:06:48.206052

Number of rounds 14
T1
客户端数：0	时间：0	客户端：[]
T2
客户端数：10	时间：0.0	客户端：[67, 75, 88, 110, 82, 59, 29, 43, 42, 5]
客户端数：20	时间：0.0	客户端：[67, 75, 88, 110, 82, 59, 29, 43, 42, 5, 50, 32, 107, 122, 1, 64, 76, 119, 20, 47]
客户端数：30	时间：0.0009968280792236328	客户端：[67, 75, 88, 110, 82, 59, 29, 43, 42, 5, 50, 32, 107, 122, 1, 64, 76, 119, 20, 47, 115, 2, 48, 23, 97, 100, 77, 83, 40, 124]
客户端数：40	时间：0.0009968280792236328	客户端：[67, 75, 88, 110, 82, 59, 29, 43, 42, 5, 50, 32, 107, 122, 1, 64, 76, 119, 20, 47, 115, 2, 48, 23, 97, 100, 77, 83, 40, 124, 128, 117, 44, 17, 36, 46, 24, 72, 63, 54]
客户端数：50	时间：0.0019943714141845703	客户端：[67, 75, 88, 110, 82, 59, 29, 43, 42, 5, 50, 32, 107, 122, 1, 64, 76, 119, 20, 47, 115, 2, 48, 23, 97, 100, 77, 83, 40, 124, 128, 117, 44, 17, 36, 46, 24, 72, 63, 54, 108, 12, 103, 56, 22, 118, 3, 27, 99, 111]
客户端数：60	时间：0.0019943714141845703	客户端：[67, 75, 88, 110, 82, 59, 29, 43, 42, 5, 50, 32, 107, 122, 1, 64, 76, 119, 20, 47, 115, 2, 48, 23, 97, 100, 77, 83, 40, 124, 128, 117, 44, 17, 36, 46, 24, 72, 63, 54, 108, 12, 103, 56, 22, 118, 3, 27, 99, 111, 21, 49, 93, 66, 19, 26, 101, 51, 80, 106]
客户端数：70	时间：0.0029909610748291016	客户端：[67, 75, 88, 110, 82, 59, 29, 43, 42, 5, 50, 32, 107, 122, 1, 64, 76, 119, 20, 47, 115, 2, 48, 23, 97, 100, 77, 83, 40, 124, 128, 117, 44, 17, 36, 46, 24, 72, 63, 54, 108, 12, 103, 56, 22, 118, 3, 27, 99, 111, 21, 49, 93, 66, 19, 26, 101, 51, 80, 106, 57, 90, 78, 96, 94, 68, 61, 84, 89, 79]
客户端数：80	时间：0.0029909610748291016	客户端：[67, 75, 88, 110, 82, 59, 29, 43, 42, 5, 50, 32, 107, 122, 1, 64, 76, 119, 20, 47, 115, 2, 48, 23, 97, 100, 77, 83, 40, 124, 128, 117, 44, 17, 36, 46, 24, 72, 63, 54, 108, 12, 103, 56, 22, 118, 3, 27, 99, 111, 21, 49, 93, 66, 19, 26, 101, 51, 80, 106, 57, 90, 78, 96, 94, 68, 61, 84, 89, 79, 69, 41, 109, 62, 126, 18, 53, 10, 13, 125]
客户端数：90	时间：0.0029909610748291016	客户端：[67, 75, 88, 110, 82, 59, 29, 43, 42, 5, 50, 32, 107, 122, 1, 64, 76, 119, 20, 47, 115, 2, 48, 23, 97, 100, 77, 83, 40, 124, 128, 117, 44, 17, 36, 46, 24, 72, 63, 54, 108, 12, 103, 56, 22, 118, 3, 27, 99, 111, 21, 49, 93, 66, 19, 26, 101, 51, 80, 106, 57, 90, 78, 96, 94, 68, 61, 84, 89, 79, 69, 41, 109, 62, 126, 18, 53, 10, 13, 125, 9, 31, 28, 73, 39, 74, 105, 86, 14, 98]
客户端数：100	时间：0.0029909610748291016	客户端：[67, 75, 88, 110, 82, 59, 29, 43, 42, 5, 50, 32, 107, 122, 1, 64, 76, 119, 20, 47, 115, 2, 48, 23, 97, 100, 77, 83, 40, 124, 128, 117, 44, 17, 36, 46, 24, 72, 63, 54, 108, 12, 103, 56, 22, 118, 3, 27, 99, 111, 21, 49, 93, 66, 19, 26, 101, 51, 80, 106, 57, 90, 78, 96, 94, 68, 61, 84, 89, 79, 69, 41, 109, 62, 126, 18, 53, 10, 13, 125, 9, 31, 28, 73, 39, 74, 105, 86, 14, 98, 16, 71, 95, 7, 85, 38, 104, 102, 25, 123]
客户端数：110	时间：0.0029909610748291016	客户端：[67, 75, 88, 110, 82, 59, 29, 43, 42, 5, 50, 32, 107, 122, 1, 64, 76, 119, 20, 47, 115, 2, 48, 23, 97, 100, 77, 83, 40, 124, 128, 117, 44, 17, 36, 46, 24, 72, 63, 54, 108, 12, 103, 56, 22, 118, 3, 27, 99, 111, 21, 49, 93, 66, 19, 26, 101, 51, 80, 106, 57, 90, 78, 96, 94, 68, 61, 84, 89, 79, 69, 41, 109, 62, 126, 18, 53, 10, 13, 125, 9, 31, 28, 73, 39, 74, 105, 86, 14, 98, 16, 71, 95, 7, 85, 38, 104, 102, 25, 123, 33, 4, 58, 114, 121, 65, 37, 60, 91, 127]
客户端数：114	时间：0.0029909610748291016	客户端：[67, 75, 88, 110, 82, 59, 29, 43, 42, 5, 50, 32, 107, 122, 1, 64, 76, 119, 20, 47, 115, 2, 48, 23, 97, 100, 77, 83, 40, 124, 128, 117, 44, 17, 36, 46, 24, 72, 63, 54, 108, 12, 103, 56, 22, 118, 3, 27, 99, 111, 21, 49, 93, 66, 19, 26, 101, 51, 80, 106, 57, 90, 78, 96, 94, 68, 61, 84, 89, 79, 69, 41, 109, 62, 126, 18, 53, 10, 13, 125, 9, 31, 28, 73, 39, 74, 105, 86, 14, 98, 16, 71, 95, 7, 85, 38, 104, 102, 25, 123, 33, 4, 58, 114, 121, 65, 37, 60, 91, 127, 35, 87, 92, 81]
T3
客户端数：10	时间：64.76263236999512	客户端：[67, 75, 88, 110, 82, 59, 29, 43, 42, 5]
客户端数：20	时间：91.43617630004883	客户端：[67, 75, 88, 110, 82, 59, 29, 43, 42, 5, 50, 32, 107, 122, 1, 64, 76, 119, 20, 47]
客户端数：30	时间：140.20922470092773	客户端：[67, 75, 88, 110, 82, 59, 29, 43, 42, 5, 50, 32, 107, 122, 1, 64, 76, 119, 20, 47, 115, 2, 48, 23, 97, 100, 77, 83, 40, 124]
客户端数：40	时间：210.10715413093567	客户端：[67, 75, 88, 110, 82, 59, 29, 43, 42, 5, 50, 32, 107, 122, 1, 64, 76, 119, 20, 47, 115, 2, 48, 23, 97, 100, 77, 83, 40, 124, 128, 117, 44, 17, 36, 46, 24, 72, 63, 54]
客户端数：50	时间：300.44584822654724	客户端：[67, 75, 88, 110, 82, 59, 29, 43, 42, 5, 50, 32, 107, 122, 1, 64, 76, 119, 20, 47, 115, 2, 48, 23, 97, 100, 77, 83, 40, 124, 128, 117, 44, 17, 36, 46, 24, 72, 63, 54, 108, 12, 103, 56, 22, 118, 3, 27, 99, 111]
客户端数：60	时间：411.4451060295105	客户端：[67, 75, 88, 110, 82, 59, 29, 43, 42, 5, 50, 32, 107, 122, 1, 64, 76, 119, 20, 47, 115, 2, 48, 23, 97, 100, 77, 83, 40, 124, 128, 117, 44, 17, 36, 46, 24, 72, 63, 54, 108, 12, 103, 56, 22, 118, 3, 27, 99, 111, 21, 49, 93, 66, 19, 26, 101, 51, 80, 106]
客户端数：70	时间：543.8652458190918	客户端：[67, 75, 88, 110, 82, 59, 29, 43, 42, 5, 50, 32, 107, 122, 1, 64, 76, 119, 20, 47, 115, 2, 48, 23, 97, 100, 77, 83, 40, 124, 128, 117, 44, 17, 36, 46, 24, 72, 63, 54, 108, 12, 103, 56, 22, 118, 3, 27, 99, 111, 21, 49, 93, 66, 19, 26, 101, 51, 80, 106, 57, 90, 78, 96, 94, 68, 61, 84, 89, 79]
客户端数：80	时间：698.905202627182	客户端：[67, 75, 88, 110, 82, 59, 29, 43, 42, 5, 50, 32, 107, 122, 1, 64, 76, 119, 20, 47, 115, 2, 48, 23, 97, 100, 77, 83, 40, 124, 128, 117, 44, 17, 36, 46, 24, 72, 63, 54, 108, 12, 103, 56, 22, 118, 3, 27, 99, 111, 21, 49, 93, 66, 19, 26, 101, 51, 80, 106, 57, 90, 78, 96, 94, 68, 61, 84, 89, 79, 69, 41, 109, 62, 126, 18, 53, 10, 13, 125]
客户端数：90	时间：876.6383564472198	客户端：[67, 75, 88, 110, 82, 59, 29, 43, 42, 5, 50, 32, 107, 122, 1, 64, 76, 119, 20, 47, 115, 2, 48, 23, 97, 100, 77, 83, 40, 124, 128, 117, 44, 17, 36, 46, 24, 72, 63, 54, 108, 12, 103, 56, 22, 118, 3, 27, 99, 111, 21, 49, 93, 66, 19, 26, 101, 51, 80, 106, 57, 90, 78, 96, 94, 68, 61, 84, 89, 79, 69, 41, 109, 62, 126, 18, 53, 10, 13, 125, 9, 31, 28, 73, 39, 74, 105, 86, 14, 98]
客户端数：100	时间：1074.083295583725	客户端：[67, 75, 88, 110, 82, 59, 29, 43, 42, 5, 50, 32, 107, 122, 1, 64, 76, 119, 20, 47, 115, 2, 48, 23, 97, 100, 77, 83, 40, 124, 128, 117, 44, 17, 36, 46, 24, 72, 63, 54, 108, 12, 103, 56, 22, 118, 3, 27, 99, 111, 21, 49, 93, 66, 19, 26, 101, 51, 80, 106, 57, 90, 78, 96, 94, 68, 61, 84, 89, 79, 69, 41, 109, 62, 126, 18, 53, 10, 13, 125, 9, 31, 28, 73, 39, 74, 105, 86, 14, 98, 16, 71, 95, 7, 85, 38, 104, 102, 25, 123]
客户端数：110	时间：1293.0270900726318	客户端：[67, 75, 88, 110, 82, 59, 29, 43, 42, 5, 50, 32, 107, 122, 1, 64, 76, 119, 20, 47, 115, 2, 48, 23, 97, 100, 77, 83, 40, 124, 128, 117, 44, 17, 36, 46, 24, 72, 63, 54, 108, 12, 103, 56, 22, 118, 3, 27, 99, 111, 21, 49, 93, 66, 19, 26, 101, 51, 80, 106, 57, 90, 78, 96, 94, 68, 61, 84, 89, 79, 69, 41, 109, 62, 126, 18, 53, 10, 13, 125, 9, 31, 28, 73, 39, 74, 105, 86, 14, 98, 16, 71, 95, 7, 85, 38, 104, 102, 25, 123, 33, 4, 58, 114, 121, 65, 37, 60, 91, 127]
客户端数：114	时间：1386.58598446846	客户端：[67, 75, 88, 110, 82, 59, 29, 43, 42, 5, 50, 32, 107, 122, 1, 64, 76, 119, 20, 47, 115, 2, 48, 23, 97, 100, 77, 83, 40, 124, 128, 117, 44, 17, 36, 46, 24, 72, 63, 54, 108, 12, 103, 56, 22, 118, 3, 27, 99, 111, 21, 49, 93, 66, 19, 26, 101, 51, 80, 106, 57, 90, 78, 96, 94, 68, 61, 84, 89, 79, 69, 41, 109, 62, 126, 18, 53, 10, 13, 125, 9, 31, 28, 73, 39, 74, 105, 86, 14, 98, 16, 71, 95, 7, 85, 38, 104, 102, 25, 123, 33, 4, 58, 114, 121, 65, 37, 60, 91, 127, 35, 87, 92, 81]
BYTE
客户端数：0	字节数：0	客户端：[]
MAE：90846926.57435897
RMSE：91032932.39433168
finished iteration：2023-01-01 00:07:22.437576

Number of rounds 15
T1
客户端数：0	时间：0	客户端：[]
T2
客户端数：10	时间：0.0	客户端：[110, 29, 117, 42, 62, 122, 1, 126, 119, 43]
客户端数：20	时间：0.0	客户端：[110, 29, 117, 42, 62, 122, 1, 126, 119, 43, 32, 13, 51, 64, 76, 47, 115, 10, 114, 63]
客户端数：30	时间：0.0	客户端：[110, 29, 117, 42, 62, 122, 1, 126, 119, 43, 32, 13, 51, 64, 76, 47, 115, 10, 114, 63, 20, 83, 57, 77, 5, 97, 12, 41, 65, 100]
客户端数：40	时间：0.0009970664978027344	客户端：[110, 29, 117, 42, 62, 122, 1, 126, 119, 43, 32, 13, 51, 64, 76, 47, 115, 10, 114, 63, 20, 83, 57, 77, 5, 97, 12, 41, 65, 100, 86, 54, 107, 7, 98, 73, 127, 102, 26, 111]
客户端数：50	时间：0.0029935836791992188	客户端：[110, 29, 117, 42, 62, 122, 1, 126, 119, 43, 32, 13, 51, 64, 76, 47, 115, 10, 114, 63, 20, 83, 57, 77, 5, 97, 12, 41, 65, 100, 86, 54, 107, 7, 98, 73, 127, 102, 26, 111, 2, 48, 59, 50, 46, 106, 66, 21, 95, 28]
客户端数：60	时间：0.003990888595581055	客户端：[110, 29, 117, 42, 62, 122, 1, 126, 119, 43, 32, 13, 51, 64, 76, 47, 115, 10, 114, 63, 20, 83, 57, 77, 5, 97, 12, 41, 65, 100, 86, 54, 107, 7, 98, 73, 127, 102, 26, 111, 2, 48, 59, 50, 46, 106, 66, 21, 95, 28, 124, 23, 90, 121, 3, 37, 35, 104, 88, 125]
客户端数：70	时间：0.003990888595581055	客户端：[110, 29, 117, 42, 62, 122, 1, 126, 119, 43, 32, 13, 51, 64, 76, 47, 115, 10, 114, 63, 20, 83, 57, 77, 5, 97, 12, 41, 65, 100, 86, 54, 107, 7, 98, 73, 127, 102, 26, 111, 2, 48, 59, 50, 46, 106, 66, 21, 95, 28, 124, 23, 90, 121, 3, 37, 35, 104, 88, 125, 78, 94, 18, 109, 58, 105, 4, 118, 101, 49]
客户端数：80	时间：0.003990888595581055	客户端：[110, 29, 117, 42, 62, 122, 1, 126, 119, 43, 32, 13, 51, 64, 76, 47, 115, 10, 114, 63, 20, 83, 57, 77, 5, 97, 12, 41, 65, 100, 86, 54, 107, 7, 98, 73, 127, 102, 26, 111, 2, 48, 59, 50, 46, 106, 66, 21, 95, 28, 124, 23, 90, 121, 3, 37, 35, 104, 88, 125, 78, 94, 18, 109, 58, 105, 4, 118, 101, 49, 22, 40, 60, 44, 89, 33, 80, 84, 71, 61]
客户端数：90	时间：0.003990888595581055	客户端：[110, 29, 117, 42, 62, 122, 1, 126, 119, 43, 32, 13, 51, 64, 76, 47, 115, 10, 114, 63, 20, 83, 57, 77, 5, 97, 12, 41, 65, 100, 86, 54, 107, 7, 98, 73, 127, 102, 26, 111, 2, 48, 59, 50, 46, 106, 66, 21, 95, 28, 124, 23, 90, 121, 3, 37, 35, 104, 88, 125, 78, 94, 18, 109, 58, 105, 4, 118, 101, 49, 22, 40, 60, 44, 89, 33, 80, 84, 71, 61, 108, 99, 128, 79, 56, 91, 24, 25, 92, 85]
客户端数：100	时间：0.003990888595581055	客户端：[110, 29, 117, 42, 62, 122, 1, 126, 119, 43, 32, 13, 51, 64, 76, 47, 115, 10, 114, 63, 20, 83, 57, 77, 5, 97, 12, 41, 65, 100, 86, 54, 107, 7, 98, 73, 127, 102, 26, 111, 2, 48, 59, 50, 46, 106, 66, 21, 95, 28, 124, 23, 90, 121, 3, 37, 35, 104, 88, 125, 78, 94, 18, 109, 58, 105, 4, 118, 101, 49, 22, 40, 60, 44, 89, 33, 80, 84, 71, 61, 108, 99, 128, 79, 56, 91, 24, 25, 92, 85, 16, 53, 9, 87, 74, 96, 39, 82, 38, 68]
客户端数：110	时间：0.003990888595581055	客户端：[110, 29, 117, 42, 62, 122, 1, 126, 119, 43, 32, 13, 51, 64, 76, 47, 115, 10, 114, 63, 20, 83, 57, 77, 5, 97, 12, 41, 65, 100, 86, 54, 107, 7, 98, 73, 127, 102, 26, 111, 2, 48, 59, 50, 46, 106, 66, 21, 95, 28, 124, 23, 90, 121, 3, 37, 35, 104, 88, 125, 78, 94, 18, 109, 58, 105, 4, 118, 101, 49, 22, 40, 60, 44, 89, 33, 80, 84, 71, 61, 108, 99, 128, 79, 56, 91, 24, 25, 92, 85, 16, 53, 9, 87, 74, 96, 39, 82, 38, 68, 27, 31, 17, 14, 93, 123, 36, 72, 81, 69]
客户端数：112	时间：0.003990888595581055	客户端：[110, 29, 117, 42, 62, 122, 1, 126, 119, 43, 32, 13, 51, 64, 76, 47, 115, 10, 114, 63, 20, 83, 57, 77, 5, 97, 12, 41, 65, 100, 86, 54, 107, 7, 98, 73, 127, 102, 26, 111, 2, 48, 59, 50, 46, 106, 66, 21, 95, 28, 124, 23, 90, 121, 3, 37, 35, 104, 88, 125, 78, 94, 18, 109, 58, 105, 4, 118, 101, 49, 22, 40, 60, 44, 89, 33, 80, 84, 71, 61, 108, 99, 128, 79, 56, 91, 24, 25, 92, 85, 16, 53, 9, 87, 74, 96, 39, 82, 38, 68, 27, 31, 17, 14, 93, 123, 36, 72, 81, 69, 19, 103]
T3
客户端数：10	时间：8.892704486846924	客户端：[110, 29, 117, 42, 62, 122, 1, 126, 119, 43]
客户端数：20	时间：36.96632766723633	客户端：[110, 29, 117, 42, 62, 122, 1, 126, 119, 43, 32, 13, 51, 64, 76, 47, 115, 10, 114, 63]
客户端数：30	时间：84.97754216194153	客户端：[110, 29, 117, 42, 62, 122, 1, 126, 119, 43, 32, 13, 51, 64, 76, 47, 115, 10, 114, 63, 20, 83, 57, 77, 5, 97, 12, 41, 65, 100]
客户端数：40	时间：152.05275774002075	客户端：[110, 29, 117, 42, 62, 122, 1, 126, 119, 43, 32, 13, 51, 64, 76, 47, 115, 10, 114, 63, 20, 83, 57, 77, 5, 97, 12, 41, 65, 100, 86, 54, 107, 7, 98, 73, 127, 102, 26, 111]
客户端数：50	时间：237.65986704826355	客户端：[110, 29, 117, 42, 62, 122, 1, 126, 119, 43, 32, 13, 51, 64, 76, 47, 115, 10, 114, 63, 20, 83, 57, 77, 5, 97, 12, 41, 65, 100, 86, 54, 107, 7, 98, 73, 127, 102, 26, 111, 2, 48, 59, 50, 46, 106, 66, 21, 95, 28]
客户端数：60	时间：341.3492352962494	客户端：[110, 29, 117, 42, 62, 122, 1, 126, 119, 43, 32, 13, 51, 64, 76, 47, 115, 10, 114, 63, 20, 83, 57, 77, 5, 97, 12, 41, 65, 100, 86, 54, 107, 7, 98, 73, 127, 102, 26, 111, 2, 48, 59, 50, 46, 106, 66, 21, 95, 28, 124, 23, 90, 121, 3, 37, 35, 104, 88, 125]
客户端数：70	时间：463.3975625038147	客户端：[110, 29, 117, 42, 62, 122, 1, 126, 119, 43, 32, 13, 51, 64, 76, 47, 115, 10, 114, 63, 20, 83, 57, 77, 5, 97, 12, 41, 65, 100, 86, 54, 107, 7, 98, 73, 127, 102, 26, 111, 2, 48, 59, 50, 46, 106, 66, 21, 95, 28, 124, 23, 90, 121, 3, 37, 35, 104, 88, 125, 78, 94, 18, 109, 58, 105, 4, 118, 101, 49]
客户端数：80	时间：604.3049066066742	客户端：[110, 29, 117, 42, 62, 122, 1, 126, 119, 43, 32, 13, 51, 64, 76, 47, 115, 10, 114, 63, 20, 83, 57, 77, 5, 97, 12, 41, 65, 100, 86, 54, 107, 7, 98, 73, 127, 102, 26, 111, 2, 48, 59, 50, 46, 106, 66, 21, 95, 28, 124, 23, 90, 121, 3, 37, 35, 104, 88, 125, 78, 94, 18, 109, 58, 105, 4, 118, 101, 49, 22, 40, 60, 44, 89, 33, 80, 84, 71, 61]
客户端数：90	时间：763.3361937999725	客户端：[110, 29, 117, 42, 62, 122, 1, 126, 119, 43, 32, 13, 51, 64, 76, 47, 115, 10, 114, 63, 20, 83, 57, 77, 5, 97, 12, 41, 65, 100, 86, 54, 107, 7, 98, 73, 127, 102, 26, 111, 2, 48, 59, 50, 46, 106, 66, 21, 95, 28, 124, 23, 90, 121, 3, 37, 35, 104, 88, 125, 78, 94, 18, 109, 58, 105, 4, 118, 101, 49, 22, 40, 60, 44, 89, 33, 80, 84, 71, 61, 108, 99, 128, 79, 56, 91, 24, 25, 92, 85]
客户端数：100	时间：940.4304420948029	客户端：[110, 29, 117, 42, 62, 122, 1, 126, 119, 43, 32, 13, 51, 64, 76, 47, 115, 10, 114, 63, 20, 83, 57, 77, 5, 97, 12, 41, 65, 100, 86, 54, 107, 7, 98, 73, 127, 102, 26, 111, 2, 48, 59, 50, 46, 106, 66, 21, 95, 28, 124, 23, 90, 121, 3, 37, 35, 104, 88, 125, 78, 94, 18, 109, 58, 105, 4, 118, 101, 49, 22, 40, 60, 44, 89, 33, 80, 84, 71, 61, 108, 99, 128, 79, 56, 91, 24, 25, 92, 85, 16, 53, 9, 87, 74, 96, 39, 82, 38, 68]
客户端数：110	时间：1136.9743678569794	客户端：[110, 29, 117, 42, 62, 122, 1, 126, 119, 43, 32, 13, 51, 64, 76, 47, 115, 10, 114, 63, 20, 83, 57, 77, 5, 97, 12, 41, 65, 100, 86, 54, 107, 7, 98, 73, 127, 102, 26, 111, 2, 48, 59, 50, 46, 106, 66, 21, 95, 28, 124, 23, 90, 121, 3, 37, 35, 104, 88, 125, 78, 94, 18, 109, 58, 105, 4, 118, 101, 49, 22, 40, 60, 44, 89, 33, 80, 84, 71, 61, 108, 99, 128, 79, 56, 91, 24, 25, 92, 85, 16, 53, 9, 87, 74, 96, 39, 82, 38, 68, 27, 31, 17, 14, 93, 123, 36, 72, 81, 69]
客户端数：112	时间：1178.5395154953003	客户端：[110, 29, 117, 42, 62, 122, 1, 126, 119, 43, 32, 13, 51, 64, 76, 47, 115, 10, 114, 63, 20, 83, 57, 77, 5, 97, 12, 41, 65, 100, 86, 54, 107, 7, 98, 73, 127, 102, 26, 111, 2, 48, 59, 50, 46, 106, 66, 21, 95, 28, 124, 23, 90, 121, 3, 37, 35, 104, 88, 125, 78, 94, 18, 109, 58, 105, 4, 118, 101, 49, 22, 40, 60, 44, 89, 33, 80, 84, 71, 61, 108, 99, 128, 79, 56, 91, 24, 25, 92, 85, 16, 53, 9, 87, 74, 96, 39, 82, 38, 68, 27, 31, 17, 14, 93, 123, 36, 72, 81, 69, 19, 103]
BYTE
客户端数：0	字节数：0	客户端：[]
MAE：86492597.46666667
RMSE：86559054.05734326
finished iteration：2023-01-01 00:07:55.236101

Number of rounds 16
T1
客户端数：0	时间：0	客户端：[]
T2
客户端数：10	时间：0.000997781753540039	客户端：[110, 88, 1, 105, 29, 36, 50, 62, 32, 119]
客户端数：20	时间：0.0029931068420410156	客户端：[110, 88, 1, 105, 29, 36, 50, 62, 32, 119, 43, 23, 107, 51, 64, 122, 14, 69, 126, 114]
客户端数：30	时间：0.0029931068420410156	客户端：[110, 88, 1, 105, 29, 36, 50, 62, 32, 119, 43, 23, 107, 51, 64, 122, 14, 69, 126, 114, 76, 13, 2, 25, 10, 63, 115, 98, 124, 97]
客户端数：40	时间：0.003991127014160156	客户端：[110, 88, 1, 105, 29, 36, 50, 62, 32, 119, 43, 23, 107, 51, 64, 122, 14, 69, 126, 114, 76, 13, 2, 25, 10, 63, 115, 98, 124, 97, 48, 99, 77, 12, 65, 85, 103, 7, 86, 83]
客户端数：50	时间：0.00502467155456543	客户端：[110, 88, 1, 105, 29, 36, 50, 62, 32, 119, 43, 23, 107, 51, 64, 122, 14, 69, 126, 114, 76, 13, 2, 25, 10, 63, 115, 98, 124, 97, 48, 99, 77, 12, 65, 85, 103, 7, 86, 83, 111, 80, 4, 22, 118, 28, 20, 44, 27, 104]
客户端数：60	时间：0.00602269172668457	客户端：[110, 88, 1, 105, 29, 36, 50, 62, 32, 119, 43, 23, 107, 51, 64, 122, 14, 69, 126, 114, 76, 13, 2, 25, 10, 63, 115, 98, 124, 97, 48, 99, 77, 12, 65, 85, 103, 7, 86, 83, 111, 80, 4, 22, 118, 28, 20, 44, 27, 104, 40, 95, 117, 81, 31, 123, 16, 87, 93, 91]
客户端数：70	时间：0.00602269172668457	客户端：[110, 88, 1, 105, 29, 36, 50, 62, 32, 119, 43, 23, 107, 51, 64, 122, 14, 69, 126, 114, 76, 13, 2, 25, 10, 63, 115, 98, 124, 97, 48, 99, 77, 12, 65, 85, 103, 7, 86, 83, 111, 80, 4, 22, 118, 28, 20, 44, 27, 104, 40, 95, 117, 81, 31, 123, 16, 87, 93, 91, 24, 94, 66, 96, 18, 53, 90, 92, 125, 58]
客户端数：80	时间：0.00602269172668457	客户端：[110, 88, 1, 105, 29, 36, 50, 62, 32, 119, 43, 23, 107, 51, 64, 122, 14, 69, 126, 114, 76, 13, 2, 25, 10, 63, 115, 98, 124, 97, 48, 99, 77, 12, 65, 85, 103, 7, 86, 83, 111, 80, 4, 22, 118, 28, 20, 44, 27, 104, 40, 95, 117, 81, 31, 123, 16, 87, 93, 91, 24, 94, 66, 96, 18, 53, 90, 92, 125, 58, 109, 127, 101, 82, 42, 3, 33, 79, 38, 108]
客户端数：90	时间：0.00602269172668457	客户端：[110, 88, 1, 105, 29, 36, 50, 62, 32, 119, 43, 23, 107, 51, 64, 122, 14, 69, 126, 114, 76, 13, 2, 25, 10, 63, 115, 98, 124, 97, 48, 99, 77, 12, 65, 85, 103, 7, 86, 83, 111, 80, 4, 22, 118, 28, 20, 44, 27, 104, 40, 95, 117, 81, 31, 123, 16, 87, 93, 91, 24, 94, 66, 96, 18, 53, 90, 92, 125, 58, 109, 127, 101, 82, 42, 3, 33, 79, 38, 108, 72, 89, 78, 59, 46, 121, 57, 9, 56, 128]
客户端数：100	时间：0.00602269172668457	客户端：[110, 88, 1, 105, 29, 36, 50, 62, 32, 119, 43, 23, 107, 51, 64, 122, 14, 69, 126, 114, 76, 13, 2, 25, 10, 63, 115, 98, 124, 97, 48, 99, 77, 12, 65, 85, 103, 7, 86, 83, 111, 80, 4, 22, 118, 28, 20, 44, 27, 104, 40, 95, 117, 81, 31, 123, 16, 87, 93, 91, 24, 94, 66, 96, 18, 53, 90, 92, 125, 58, 109, 127, 101, 82, 42, 3, 33, 79, 38, 108, 72, 89, 78, 59, 46, 121, 57, 9, 56, 128, 73, 61, 106, 54, 71, 74, 37, 39, 26, 21]
客户端数：110	时间：0.007020473480224609	客户端：[110, 88, 1, 105, 29, 36, 50, 62, 32, 119, 43, 23, 107, 51, 64, 122, 14, 69, 126, 114, 76, 13, 2, 25, 10, 63, 115, 98, 124, 97, 48, 99, 77, 12, 65, 85, 103, 7, 86, 83, 111, 80, 4, 22, 118, 28, 20, 44, 27, 104, 40, 95, 117, 81, 31, 123, 16, 87, 93, 91, 24, 94, 66, 96, 18, 53, 90, 92, 125, 58, 109, 127, 101, 82, 42, 3, 33, 79, 38, 108, 72, 89, 78, 59, 46, 121, 57, 9, 56, 128, 73, 61, 106, 54, 71, 74, 37, 39, 26, 21, 49, 41, 17, 35, 60, 100, 5, 84, 102, 68]
T3
客户端数：10	时间：8.701014757156372	客户端：[110, 88, 1, 105, 29, 36, 50, 62, 32, 119]
客户端数：20	时间：36.197360038757324	客户端：[110, 88, 1, 105, 29, 36, 50, 62, 32, 119, 43, 23, 107, 51, 64, 122, 14, 69, 126, 114]
客户端数：30	时间：83.04814100265503	客户端：[110, 88, 1, 105, 29, 36, 50, 62, 32, 119, 43, 23, 107, 51, 64, 122, 14, 69, 126, 114, 76, 13, 2, 25, 10, 63, 115, 98, 124, 97]
客户端数：40	时间：149.34070920944214	客户端：[110, 88, 1, 105, 29, 36, 50, 62, 32, 119, 43, 23, 107, 51, 64, 122, 14, 69, 126, 114, 76, 13, 2, 25, 10, 63, 115, 98, 124, 97, 48, 99, 77, 12, 65, 85, 103, 7, 86, 83]
客户端数：50	时间：236.27321910858154	客户端：[110, 88, 1, 105, 29, 36, 50, 62, 32, 119, 43, 23, 107, 51, 64, 122, 14, 69, 126, 114, 76, 13, 2, 25, 10, 63, 115, 98, 124, 97, 48, 99, 77, 12, 65, 85, 103, 7, 86, 83, 111, 80, 4, 22, 118, 28, 20, 44, 27, 104]
客户端数：60	时间：343.02079939842224	客户端：[110, 88, 1, 105, 29, 36, 50, 62, 32, 119, 43, 23, 107, 51, 64, 122, 14, 69, 126, 114, 76, 13, 2, 25, 10, 63, 115, 98, 124, 97, 48, 99, 77, 12, 65, 85, 103, 7, 86, 83, 111, 80, 4, 22, 118, 28, 20, 44, 27, 104, 40, 95, 117, 81, 31, 123, 16, 87, 93, 91]
客户端数：70	时间：470.6259367465973	客户端：[110, 88, 1, 105, 29, 36, 50, 62, 32, 119, 43, 23, 107, 51, 64, 122, 14, 69, 126, 114, 76, 13, 2, 25, 10, 63, 115, 98, 124, 97, 48, 99, 77, 12, 65, 85, 103, 7, 86, 83, 111, 80, 4, 22, 118, 28, 20, 44, 27, 104, 40, 95, 117, 81, 31, 123, 16, 87, 93, 91, 24, 94, 66, 96, 18, 53, 90, 92, 125, 58]
客户端数：80	时间：618.833122253418	客户端：[110, 88, 1, 105, 29, 36, 50, 62, 32, 119, 43, 23, 107, 51, 64, 122, 14, 69, 126, 114, 76, 13, 2, 25, 10, 63, 115, 98, 124, 97, 48, 99, 77, 12, 65, 85, 103, 7, 86, 83, 111, 80, 4, 22, 118, 28, 20, 44, 27, 104, 40, 95, 117, 81, 31, 123, 16, 87, 93, 91, 24, 94, 66, 96, 18, 53, 90, 92, 125, 58, 109, 127, 101, 82, 42, 3, 33, 79, 38, 108]
客户端数：90	时间：786.40407371521	客户端：[110, 88, 1, 105, 29, 36, 50, 62, 32, 119, 43, 23, 107, 51, 64, 122, 14, 69, 126, 114, 76, 13, 2, 25, 10, 63, 115, 98, 124, 97, 48, 99, 77, 12, 65, 85, 103, 7, 86, 83, 111, 80, 4, 22, 118, 28, 20, 44, 27, 104, 40, 95, 117, 81, 31, 123, 16, 87, 93, 91, 24, 94, 66, 96, 18, 53, 90, 92, 125, 58, 109, 127, 101, 82, 42, 3, 33, 79, 38, 108, 72, 89, 78, 59, 46, 121, 57, 9, 56, 128]
客户端数：100	时间：973.1650338172913	客户端：[110, 88, 1, 105, 29, 36, 50, 62, 32, 119, 43, 23, 107, 51, 64, 122, 14, 69, 126, 114, 76, 13, 2, 25, 10, 63, 115, 98, 124, 97, 48, 99, 77, 12, 65, 85, 103, 7, 86, 83, 111, 80, 4, 22, 118, 28, 20, 44, 27, 104, 40, 95, 117, 81, 31, 123, 16, 87, 93, 91, 24, 94, 66, 96, 18, 53, 90, 92, 125, 58, 109, 127, 101, 82, 42, 3, 33, 79, 38, 108, 72, 89, 78, 59, 46, 121, 57, 9, 56, 128, 73, 61, 106, 54, 71, 74, 37, 39, 26, 21]
客户端数：110	时间：1179.1645245552063	客户端：[110, 88, 1, 105, 29, 36, 50, 62, 32, 119, 43, 23, 107, 51, 64, 122, 14, 69, 126, 114, 76, 13, 2, 25, 10, 63, 115, 98, 124, 97, 48, 99, 77, 12, 65, 85, 103, 7, 86, 83, 111, 80, 4, 22, 118, 28, 20, 44, 27, 104, 40, 95, 117, 81, 31, 123, 16, 87, 93, 91, 24, 94, 66, 96, 18, 53, 90, 92, 125, 58, 109, 127, 101, 82, 42, 3, 33, 79, 38, 108, 72, 89, 78, 59, 46, 121, 57, 9, 56, 128, 73, 61, 106, 54, 71, 74, 37, 39, 26, 21, 49, 41, 17, 35, 60, 100, 5, 84, 102, 68]
BYTE
客户端数：0	字节数：0	客户端：[]
MAE：82371254.65641026
RMSE：83098797.95962472
finished iteration：2023-01-01 00:08:28.231944

Number of rounds 17
T1
客户端数：0	时间：0	客户端：[]
T2
客户端数：10	时间：0.0	客户端：[19, 88, 1, 117, 105, 59, 43, 29, 50, 122]
客户端数：20	时间：0.0	客户端：[19, 88, 1, 117, 105, 59, 43, 29, 50, 122, 5, 126, 64, 13, 100, 23, 82, 14, 51, 69]
客户端数：30	时间：0.0	客户端：[19, 88, 1, 117, 105, 59, 43, 29, 50, 122, 5, 126, 64, 13, 100, 23, 82, 14, 51, 69, 10, 119, 107, 63, 77, 110, 103, 25, 97, 124]
客户端数：40	时间：0.0	客户端：[19, 88, 1, 117, 105, 59, 43, 29, 50, 122, 5, 126, 64, 13, 100, 23, 82, 14, 51, 69, 10, 119, 107, 63, 77, 110, 103, 25, 97, 124, 57, 32, 36, 12, 65, 74, 115, 76, 7, 40]
客户端数：50	时间：0.0	客户端：[19, 88, 1, 117, 105, 59, 43, 29, 50, 122, 5, 126, 64, 13, 100, 23, 82, 14, 51, 69, 10, 119, 107, 63, 77, 110, 103, 25, 97, 124, 57, 32, 36, 12, 65, 74, 115, 76, 7, 40, 99, 98, 9, 48, 86, 49, 46, 62, 83, 101]
客户端数：60	时间：0.0	客户端：[19, 88, 1, 117, 105, 59, 43, 29, 50, 122, 5, 126, 64, 13, 100, 23, 82, 14, 51, 69, 10, 119, 107, 63, 77, 110, 103, 25, 97, 124, 57, 32, 36, 12, 65, 74, 115, 76, 7, 40, 99, 98, 9, 48, 86, 49, 46, 62, 83, 101, 16, 54, 44, 106, 66, 20, 56, 24, 90, 127]
客户端数：70	时间：0.002008199691772461	客户端：[19, 88, 1, 117, 105, 59, 43, 29, 50, 122, 5, 126, 64, 13, 100, 23, 82, 14, 51, 69, 10, 119, 107, 63, 77, 110, 103, 25, 97, 124, 57, 32, 36, 12, 65, 74, 115, 76, 7, 40, 99, 98, 9, 48, 86, 49, 46, 62, 83, 101, 16, 54, 44, 106, 66, 20, 56, 24, 90, 127, 80, 61, 35, 104, 78, 85, 109, 96, 58, 18]
客户端数：80	时间：0.003004789352416992	客户端：[19, 88, 1, 117, 105, 59, 43, 29, 50, 122, 5, 126, 64, 13, 100, 23, 82, 14, 51, 69, 10, 119, 107, 63, 77, 110, 103, 25, 97, 124, 57, 32, 36, 12, 65, 74, 115, 76, 7, 40, 99, 98, 9, 48, 86, 49, 46, 62, 83, 101, 16, 54, 44, 106, 66, 20, 56, 24, 90, 127, 80, 61, 35, 104, 78, 85, 109, 96, 58, 18, 38, 79, 22, 68, 21, 123, 42, 81, 4, 73]
客户端数：90	时间：0.003004789352416992	客户端：[19, 88, 1, 117, 105, 59, 43, 29, 50, 122, 5, 126, 64, 13, 100, 23, 82, 14, 51, 69, 10, 119, 107, 63, 77, 110, 103, 25, 97, 124, 57, 32, 36, 12, 65, 74, 115, 76, 7, 40, 99, 98, 9, 48, 86, 49, 46, 62, 83, 101, 16, 54, 44, 106, 66, 20, 56, 24, 90, 127, 80, 61, 35, 104, 78, 85, 109, 96, 58, 18, 38, 79, 22, 68, 21, 123, 42, 81, 4, 73, 27, 41, 125, 121, 28, 108, 60, 95, 84, 94]
客户端数：100	时间：0.003004789352416992	客户端：[19, 88, 1, 117, 105, 59, 43, 29, 50, 122, 5, 126, 64, 13, 100, 23, 82, 14, 51, 69, 10, 119, 107, 63, 77, 110, 103, 25, 97, 124, 57, 32, 36, 12, 65, 74, 115, 76, 7, 40, 99, 98, 9, 48, 86, 49, 46, 62, 83, 101, 16, 54, 44, 106, 66, 20, 56, 24, 90, 127, 80, 61, 35, 104, 78, 85, 109, 96, 58, 18, 38, 79, 22, 68, 21, 123, 42, 81, 4, 73, 27, 41, 125, 121, 28, 108, 60, 95, 84, 94, 91, 71, 93, 89, 31, 102, 17, 87, 3, 114]
客户端数：110	时间：0.003004789352416992	客户端：[19, 88, 1, 117, 105, 59, 43, 29, 50, 122, 5, 126, 64, 13, 100, 23, 82, 14, 51, 69, 10, 119, 107, 63, 77, 110, 103, 25, 97, 124, 57, 32, 36, 12, 65, 74, 115, 76, 7, 40, 99, 98, 9, 48, 86, 49, 46, 62, 83, 101, 16, 54, 44, 106, 66, 20, 56, 24, 90, 127, 80, 61, 35, 104, 78, 85, 109, 96, 58, 18, 38, 79, 22, 68, 21, 123, 42, 81, 4, 73, 27, 41, 125, 121, 28, 108, 60, 95, 84, 94, 91, 71, 93, 89, 31, 102, 17, 87, 3, 114, 118, 33, 26, 53, 37, 39, 72, 111, 2, 128]
客户端数：111	时间：0.003004789352416992	客户端：[19, 88, 1, 117, 105, 59, 43, 29, 50, 122, 5, 126, 64, 13, 100, 23, 82, 14, 51, 69, 10, 119, 107, 63, 77, 110, 103, 25, 97, 124, 57, 32, 36, 12, 65, 74, 115, 76, 7, 40, 99, 98, 9, 48, 86, 49, 46, 62, 83, 101, 16, 54, 44, 106, 66, 20, 56, 24, 90, 127, 80, 61, 35, 104, 78, 85, 109, 96, 58, 18, 38, 79, 22, 68, 21, 123, 42, 81, 4, 73, 27, 41, 125, 121, 28, 108, 60, 95, 84, 94, 91, 71, 93, 89, 31, 102, 17, 87, 3, 114, 118, 33, 26, 53, 37, 39, 72, 111, 2, 128, 92]
T3
客户端数：10	时间：29.6568603515625	客户端：[19, 88, 1, 117, 105, 59, 43, 29, 50, 122]
客户端数：20	时间：57.44924235343933	客户端：[19, 88, 1, 117, 105, 59, 43, 29, 50, 122, 5, 126, 64, 13, 100, 23, 82, 14, 51, 69]
客户端数：30	时间：104.37038779258728	客户端：[19, 88, 1, 117, 105, 59, 43, 29, 50, 122, 5, 126, 64, 13, 100, 23, 82, 14, 51, 69, 10, 119, 107, 63, 77, 110, 103, 25, 97, 124]
客户端数：40	时间：170.13212943077087	客户端：[19, 88, 1, 117, 105, 59, 43, 29, 50, 122, 5, 126, 64, 13, 100, 23, 82, 14, 51, 69, 10, 119, 107, 63, 77, 110, 103, 25, 97, 124, 57, 32, 36, 12, 65, 74, 115, 76, 7, 40]
客户端数：50	时间：254.97501373291016	客户端：[19, 88, 1, 117, 105, 59, 43, 29, 50, 122, 5, 126, 64, 13, 100, 23, 82, 14, 51, 69, 10, 119, 107, 63, 77, 110, 103, 25, 97, 124, 57, 32, 36, 12, 65, 74, 115, 76, 7, 40, 99, 98, 9, 48, 86, 49, 46, 62, 83, 101]
客户端数：60	时间：357.3803815841675	客户端：[19, 88, 1, 117, 105, 59, 43, 29, 50, 122, 5, 126, 64, 13, 100, 23, 82, 14, 51, 69, 10, 119, 107, 63, 77, 110, 103, 25, 97, 124, 57, 32, 36, 12, 65, 74, 115, 76, 7, 40, 99, 98, 9, 48, 86, 49, 46, 62, 83, 101, 16, 54, 44, 106, 66, 20, 56, 24, 90, 127]
客户端数：70	时间：477.5605700016022	客户端：[19, 88, 1, 117, 105, 59, 43, 29, 50, 122, 5, 126, 64, 13, 100, 23, 82, 14, 51, 69, 10, 119, 107, 63, 77, 110, 103, 25, 97, 124, 57, 32, 36, 12, 65, 74, 115, 76, 7, 40, 99, 98, 9, 48, 86, 49, 46, 62, 83, 101, 16, 54, 44, 106, 66, 20, 56, 24, 90, 127, 80, 61, 35, 104, 78, 85, 109, 96, 58, 18]
客户端数：80	时间：615.5752546787262	客户端：[19, 88, 1, 117, 105, 59, 43, 29, 50, 122, 5, 126, 64, 13, 100, 23, 82, 14, 51, 69, 10, 119, 107, 63, 77, 110, 103, 25, 97, 124, 57, 32, 36, 12, 65, 74, 115, 76, 7, 40, 99, 98, 9, 48, 86, 49, 46, 62, 83, 101, 16, 54, 44, 106, 66, 20, 56, 24, 90, 127, 80, 61, 35, 104, 78, 85, 109, 96, 58, 18, 38, 79, 22, 68, 21, 123, 42, 81, 4, 73]
客户端数：90	时间：772.783852815628	客户端：[19, 88, 1, 117, 105, 59, 43, 29, 50, 122, 5, 126, 64, 13, 100, 23, 82, 14, 51, 69, 10, 119, 107, 63, 77, 110, 103, 25, 97, 124, 57, 32, 36, 12, 65, 74, 115, 76, 7, 40, 99, 98, 9, 48, 86, 49, 46, 62, 83, 101, 16, 54, 44, 106, 66, 20, 56, 24, 90, 127, 80, 61, 35, 104, 78, 85, 109, 96, 58, 18, 38, 79, 22, 68, 21, 123, 42, 81, 4, 73, 27, 41, 125, 121, 28, 108, 60, 95, 84, 94]
客户端数：100	时间：949.4158465862274	客户端：[19, 88, 1, 117, 105, 59, 43, 29, 50, 122, 5, 126, 64, 13, 100, 23, 82, 14, 51, 69, 10, 119, 107, 63, 77, 110, 103, 25, 97, 124, 57, 32, 36, 12, 65, 74, 115, 76, 7, 40, 99, 98, 9, 48, 86, 49, 46, 62, 83, 101, 16, 54, 44, 106, 66, 20, 56, 24, 90, 127, 80, 61, 35, 104, 78, 85, 109, 96, 58, 18, 38, 79, 22, 68, 21, 123, 42, 81, 4, 73, 27, 41, 125, 121, 28, 108, 60, 95, 84, 94, 91, 71, 93, 89, 31, 102, 17, 87, 3, 114]
客户端数：110	时间：1145.245802640915	客户端：[19, 88, 1, 117, 105, 59, 43, 29, 50, 122, 5, 126, 64, 13, 100, 23, 82, 14, 51, 69, 10, 119, 107, 63, 77, 110, 103, 25, 97, 124, 57, 32, 36, 12, 65, 74, 115, 76, 7, 40, 99, 98, 9, 48, 86, 49, 46, 62, 83, 101, 16, 54, 44, 106, 66, 20, 56, 24, 90, 127, 80, 61, 35, 104, 78, 85, 109, 96, 58, 18, 38, 79, 22, 68, 21, 123, 42, 81, 4, 73, 27, 41, 125, 121, 28, 108, 60, 95, 84, 94, 91, 71, 93, 89, 31, 102, 17, 87, 3, 114, 118, 33, 26, 53, 37, 39, 72, 111, 2, 128]
客户端数：111	时间：1165.8488636016846	客户端：[19, 88, 1, 117, 105, 59, 43, 29, 50, 122, 5, 126, 64, 13, 100, 23, 82, 14, 51, 69, 10, 119, 107, 63, 77, 110, 103, 25, 97, 124, 57, 32, 36, 12, 65, 74, 115, 76, 7, 40, 99, 98, 9, 48, 86, 49, 46, 62, 83, 101, 16, 54, 44, 106, 66, 20, 56, 24, 90, 127, 80, 61, 35, 104, 78, 85, 109, 96, 58, 18, 38, 79, 22, 68, 21, 123, 42, 81, 4, 73, 27, 41, 125, 121, 28, 108, 60, 95, 84, 94, 91, 71, 93, 89, 31, 102, 17, 87, 3, 114, 118, 33, 26, 53, 37, 39, 72, 111, 2, 128, 92]
BYTE
客户端数：0	字节数：0	客户端：[]
MAE：93999396.76923077
RMSE：94034863.23548163
finished iteration：2023-01-01 00:09:02.265238

Number of rounds 18
T1
客户端数：0	时间：0	客户端：[]
T2
客户端数：10	时间：0.0	客户端：[117, 1, 105, 29, 5, 122, 43, 50, 126, 64]
客户端数：20	时间：0.0	客户端：[117, 1, 105, 29, 5, 122, 43, 50, 126, 64, 69, 110, 14, 119, 114, 107, 32, 20, 76, 10]
客户端数：30	时间：0.0	客户端：[117, 1, 105, 29, 5, 122, 43, 50, 126, 64, 69, 110, 14, 119, 114, 107, 32, 20, 76, 10, 13, 36, 97, 2, 98, 63, 100, 24, 83, 115]
客户端数：40	时间：0.0009980201721191406	客户端：[117, 1, 105, 29, 5, 122, 43, 50, 126, 64, 69, 110, 14, 119, 114, 107, 32, 20, 76, 10, 13, 36, 97, 2, 98, 63, 100, 24, 83, 115, 48, 103, 71, 77, 82, 23, 26, 7, 65, 40]
客户端数：50	时间：0.0009980201721191406	客户端：[117, 1, 105, 29, 5, 122, 43, 50, 126, 64, 69, 110, 14, 119, 114, 107, 32, 20, 76, 10, 13, 36, 97, 2, 98, 63, 100, 24, 83, 115, 48, 103, 71, 77, 82, 23, 26, 7, 65, 40, 56, 86, 9, 28, 37, 12, 62, 4, 33, 101]
客户端数：60	时间：0.002995014190673828	客户端：[117, 1, 105, 29, 5, 122, 43, 50, 126, 64, 69, 110, 14, 119, 114, 107, 32, 20, 76, 10, 13, 36, 97, 2, 98, 63, 100, 24, 83, 115, 48, 103, 71, 77, 82, 23, 26, 7, 65, 40, 56, 86, 9, 28, 37, 12, 62, 4, 33, 101, 108, 127, 106, 72, 93, 22, 87, 31, 44, 111]
客户端数：70	时间：0.002995014190673828	客户端：[117, 1, 105, 29, 5, 122, 43, 50, 126, 64, 69, 110, 14, 119, 114, 107, 32, 20, 76, 10, 13, 36, 97, 2, 98, 63, 100, 24, 83, 115, 48, 103, 71, 77, 82, 23, 26, 7, 65, 40, 56, 86, 9, 28, 37, 12, 62, 4, 33, 101, 108, 127, 106, 72, 93, 22, 87, 31, 44, 111, 104, 57, 46, 89, 61, 95, 94, 39, 91, 80]
客户端数：80	时间：0.002995014190673828	客户端：[117, 1, 105, 29, 5, 122, 43, 50, 126, 64, 69, 110, 14, 119, 114, 107, 32, 20, 76, 10, 13, 36, 97, 2, 98, 63, 100, 24, 83, 115, 48, 103, 71, 77, 82, 23, 26, 7, 65, 40, 56, 86, 9, 28, 37, 12, 62, 4, 33, 101, 108, 127, 106, 72, 93, 22, 87, 31, 44, 111, 104, 57, 46, 89, 61, 95, 94, 39, 91, 80, 90, 79, 125, 124, 35, 78, 96, 66, 16, 41]
客户端数：90	时间：0.004990339279174805	客户端：[117, 1, 105, 29, 5, 122, 43, 50, 126, 64, 69, 110, 14, 119, 114, 107, 32, 20, 76, 10, 13, 36, 97, 2, 98, 63, 100, 24, 83, 115, 48, 103, 71, 77, 82, 23, 26, 7, 65, 40, 56, 86, 9, 28, 37, 12, 62, 4, 33, 101, 108, 127, 106, 72, 93, 22, 87, 31, 44, 111, 104, 57, 46, 89, 61, 95, 94, 39, 91, 80, 90, 79, 125, 124, 35, 78, 96, 66, 16, 41, 42, 49, 27, 59, 17, 60, 123, 92, 73, 38]
客户端数：100	时间：0.004990339279174805	客户端：[117, 1, 105, 29, 5, 122, 43, 50, 126, 64, 69, 110, 14, 119, 114, 107, 32, 20, 76, 10, 13, 36, 97, 2, 98, 63, 100, 24, 83, 115, 48, 103, 71, 77, 82, 23, 26, 7, 65, 40, 56, 86, 9, 28, 37, 12, 62, 4, 33, 101, 108, 127, 106, 72, 93, 22, 87, 31, 44, 111, 104, 57, 46, 89, 61, 95, 94, 39, 91, 80, 90, 79, 125, 124, 35, 78, 96, 66, 16, 41, 42, 49, 27, 59, 17, 60, 123, 92, 73, 38, 51, 88, 99, 128, 3, 85, 25, 21, 121, 81]
客户端数：110	时间：0.005988121032714844	客户端：[117, 1, 105, 29, 5, 122, 43, 50, 126, 64, 69, 110, 14, 119, 114, 107, 32, 20, 76, 10, 13, 36, 97, 2, 98, 63, 100, 24, 83, 115, 48, 103, 71, 77, 82, 23, 26, 7, 65, 40, 56, 86, 9, 28, 37, 12, 62, 4, 33, 101, 108, 127, 106, 72, 93, 22, 87, 31, 44, 111, 104, 57, 46, 89, 61, 95, 94, 39, 91, 80, 90, 79, 125, 124, 35, 78, 96, 66, 16, 41, 42, 49, 27, 59, 17, 60, 123, 92, 73, 38, 51, 88, 99, 128, 3, 85, 25, 21, 121, 81, 18, 58, 109, 74, 54, 118, 102, 84, 68, 53]
T3
客户端数：10	时间：8.389647483825684	客户端：[117, 1, 105, 29, 5, 122, 43, 50, 126, 64]
客户端数：20	时间：35.46912622451782	客户端：[117, 1, 105, 29, 5, 122, 43, 50, 126, 64, 69, 110, 14, 119, 114, 107, 32, 20, 76, 10]
客户端数：30	时间：81.4171633720398	客户端：[117, 1, 105, 29, 5, 122, 43, 50, 126, 64, 69, 110, 14, 119, 114, 107, 32, 20, 76, 10, 13, 36, 97, 2, 98, 63, 100, 24, 83, 115]
客户端数：40	时间：146.0531668663025	客户端：[117, 1, 105, 29, 5, 122, 43, 50, 126, 64, 69, 110, 14, 119, 114, 107, 32, 20, 76, 10, 13, 36, 97, 2, 98, 63, 100, 24, 83, 115, 48, 103, 71, 77, 82, 23, 26, 7, 65, 40]
客户端数：50	时间：230.50738525390625	客户端：[117, 1, 105, 29, 5, 122, 43, 50, 126, 64, 69, 110, 14, 119, 114, 107, 32, 20, 76, 10, 13, 36, 97, 2, 98, 63, 100, 24, 83, 115, 48, 103, 71, 77, 82, 23, 26, 7, 65, 40, 56, 86, 9, 28, 37, 12, 62, 4, 33, 101]
客户端数：60	时间：334.5153138637543	客户端：[117, 1, 105, 29, 5, 122, 43, 50, 126, 64, 69, 110, 14, 119, 114, 107, 32, 20, 76, 10, 13, 36, 97, 2, 98, 63, 100, 24, 83, 115, 48, 103, 71, 77, 82, 23, 26, 7, 65, 40, 56, 86, 9, 28, 37, 12, 62, 4, 33, 101, 108, 127, 106, 72, 93, 22, 87, 31, 44, 111]
客户端数：70	时间：456.9976954460144	客户端：[117, 1, 105, 29, 5, 122, 43, 50, 126, 64, 69, 110, 14, 119, 114, 107, 32, 20, 76, 10, 13, 36, 97, 2, 98, 63, 100, 24, 83, 115, 48, 103, 71, 77, 82, 23, 26, 7, 65, 40, 56, 86, 9, 28, 37, 12, 62, 4, 33, 101, 108, 127, 106, 72, 93, 22, 87, 31, 44, 111, 104, 57, 46, 89, 61, 95, 94, 39, 91, 80]
客户端数：80	时间：599.2571814060211	客户端：[117, 1, 105, 29, 5, 122, 43, 50, 126, 64, 69, 110, 14, 119, 114, 107, 32, 20, 76, 10, 13, 36, 97, 2, 98, 63, 100, 24, 83, 115, 48, 103, 71, 77, 82, 23, 26, 7, 65, 40, 56, 86, 9, 28, 37, 12, 62, 4, 33, 101, 108, 127, 106, 72, 93, 22, 87, 31, 44, 111, 104, 57, 46, 89, 61, 95, 94, 39, 91, 80, 90, 79, 125, 124, 35, 78, 96, 66, 16, 41]
客户端数：90	时间：761.762416601181	客户端：[117, 1, 105, 29, 5, 122, 43, 50, 126, 64, 69, 110, 14, 119, 114, 107, 32, 20, 76, 10, 13, 36, 97, 2, 98, 63, 100, 24, 83, 115, 48, 103, 71, 77, 82, 23, 26, 7, 65, 40, 56, 86, 9, 28, 37, 12, 62, 4, 33, 101, 108, 127, 106, 72, 93, 22, 87, 31, 44, 111, 104, 57, 46, 89, 61, 95, 94, 39, 91, 80, 90, 79, 125, 124, 35, 78, 96, 66, 16, 41, 42, 49, 27, 59, 17, 60, 123, 92, 73, 38]
客户端数：100	时间：942.5740642547607	客户端：[117, 1, 105, 29, 5, 122, 43, 50, 126, 64, 69, 110, 14, 119, 114, 107, 32, 20, 76, 10, 13, 36, 97, 2, 98, 63, 100, 24, 83, 115, 48, 103, 71, 77, 82, 23, 26, 7, 65, 40, 56, 86, 9, 28, 37, 12, 62, 4, 33, 101, 108, 127, 106, 72, 93, 22, 87, 31, 44, 111, 104, 57, 46, 89, 61, 95, 94, 39, 91, 80, 90, 79, 125, 124, 35, 78, 96, 66, 16, 41, 42, 49, 27, 59, 17, 60, 123, 92, 73, 38, 51, 88, 99, 128, 3, 85, 25, 21, 121, 81]
客户端数：110	时间：1143.8280606269836	客户端：[117, 1, 105, 29, 5, 122, 43, 50, 126, 64, 69, 110, 14, 119, 114, 107, 32, 20, 76, 10, 13, 36, 97, 2, 98, 63, 100, 24, 83, 115, 48, 103, 71, 77, 82, 23, 26, 7, 65, 40, 56, 86, 9, 28, 37, 12, 62, 4, 33, 101, 108, 127, 106, 72, 93, 22, 87, 31, 44, 111, 104, 57, 46, 89, 61, 95, 94, 39, 91, 80, 90, 79, 125, 124, 35, 78, 96, 66, 16, 41, 42, 49, 27, 59, 17, 60, 123, 92, 73, 38, 51, 88, 99, 128, 3, 85, 25, 21, 121, 81, 18, 58, 109, 74, 54, 118, 102, 84, 68, 53]
BYTE
客户端数：0	字节数：0	客户端：[]
MAE：93218058.1025641
RMSE：93985889.21728976
finished iteration：2023-01-01 00:09:35.464033

Number of rounds 19
T1
客户端数：0	时间：0	客户端：[]
T2
客户端数：10	时间：0.0	客户端：[105, 88, 117, 82, 29, 50, 62, 5, 32, 51]
客户端数：20	时间：0.0	客户端：[105, 88, 117, 82, 29, 50, 62, 5, 32, 51, 119, 42, 36, 126, 69, 122, 114, 100, 107, 13]
客户端数：30	时间：0.0	客户端：[105, 88, 117, 82, 29, 50, 62, 5, 32, 51, 119, 42, 36, 126, 69, 122, 114, 100, 107, 13, 14, 25, 23, 115, 76, 64, 40, 63, 44, 98]
客户端数：40	时间：0.0	客户端：[105, 88, 117, 82, 29, 50, 62, 5, 32, 51, 119, 42, 36, 126, 69, 122, 114, 100, 107, 13, 14, 25, 23, 115, 76, 64, 40, 63, 44, 98, 124, 10, 41, 57, 26, 17, 83, 80, 103, 118]
客户端数：50	时间：0.0	客户端：[105, 88, 117, 82, 29, 50, 62, 5, 32, 51, 119, 42, 36, 126, 69, 122, 114, 100, 107, 13, 14, 25, 23, 115, 76, 64, 40, 63, 44, 98, 124, 10, 41, 57, 26, 17, 83, 80, 103, 118, 85, 54, 9, 99, 81, 95, 73, 33, 72, 49]
客户端数：60	时间：0.001994609832763672	客户端：[105, 88, 117, 82, 29, 50, 62, 5, 32, 51, 119, 42, 36, 126, 69, 122, 114, 100, 107, 13, 14, 25, 23, 115, 76, 64, 40, 63, 44, 98, 124, 10, 41, 57, 26, 17, 83, 80, 103, 118, 85, 54, 9, 99, 81, 95, 73, 33, 72, 49, 127, 87, 59, 46, 93, 35, 28, 104, 61, 121]
客户端数：70	时间：0.001994609832763672	客户端：[105, 88, 117, 82, 29, 50, 62, 5, 32, 51, 119, 42, 36, 126, 69, 122, 114, 100, 107, 13, 14, 25, 23, 115, 76, 64, 40, 63, 44, 98, 124, 10, 41, 57, 26, 17, 83, 80, 103, 118, 85, 54, 9, 99, 81, 95, 73, 33, 72, 49, 127, 87, 59, 46, 93, 35, 28, 104, 61, 121, 31, 111, 94, 91, 106, 89, 65, 48, 7, 16]
客户端数：80	时间：0.001994609832763672	客户端：[105, 88, 117, 82, 29, 50, 62, 5, 32, 51, 119, 42, 36, 126, 69, 122, 114, 100, 107, 13, 14, 25, 23, 115, 76, 64, 40, 63, 44, 98, 124, 10, 41, 57, 26, 17, 83, 80, 103, 118, 85, 54, 9, 99, 81, 95, 73, 33, 72, 49, 127, 87, 59, 46, 93, 35, 28, 104, 61, 121, 31, 111, 94, 91, 106, 89, 65, 48, 7, 16, 125, 18, 92, 53, 71, 12, 21, 109, 108, 79]
客户端数：90	时间：0.001994609832763672	客户端：[105, 88, 117, 82, 29, 50, 62, 5, 32, 51, 119, 42, 36, 126, 69, 122, 114, 100, 107, 13, 14, 25, 23, 115, 76, 64, 40, 63, 44, 98, 124, 10, 41, 57, 26, 17, 83, 80, 103, 118, 85, 54, 9, 99, 81, 95, 73, 33, 72, 49, 127, 87, 59, 46, 93, 35, 28, 104, 61, 121, 31, 111, 94, 91, 106, 89, 65, 48, 7, 16, 125, 18, 92, 53, 71, 12, 21, 109, 108, 79, 3, 58, 20, 110, 128, 2, 4, 56, 90, 43]
客户端数：100	时间：0.001994609832763672	客户端：[105, 88, 117, 82, 29, 50, 62, 5, 32, 51, 119, 42, 36, 126, 69, 122, 114, 100, 107, 13, 14, 25, 23, 115, 76, 64, 40, 63, 44, 98, 124, 10, 41, 57, 26, 17, 83, 80, 103, 118, 85, 54, 9, 99, 81, 95, 73, 33, 72, 49, 127, 87, 59, 46, 93, 35, 28, 104, 61, 121, 31, 111, 94, 91, 106, 89, 65, 48, 7, 16, 125, 18, 92, 53, 71, 12, 21, 109, 108, 79, 3, 58, 20, 110, 128, 2, 4, 56, 90, 43, 24, 37, 97, 101, 77, 22, 60, 78, 96, 123]
客户端数：109	时间：0.001994609832763672	客户端：[105, 88, 117, 82, 29, 50, 62, 5, 32, 51, 119, 42, 36, 126, 69, 122, 114, 100, 107, 13, 14, 25, 23, 115, 76, 64, 40, 63, 44, 98, 124, 10, 41, 57, 26, 17, 83, 80, 103, 118, 85, 54, 9, 99, 81, 95, 73, 33, 72, 49, 127, 87, 59, 46, 93, 35, 28, 104, 61, 121, 31, 111, 94, 91, 106, 89, 65, 48, 7, 16, 125, 18, 92, 53, 71, 12, 21, 109, 108, 79, 3, 58, 20, 110, 128, 2, 4, 56, 90, 43, 24, 37, 97, 101, 77, 22, 60, 78, 96, 123, 1, 74, 68, 84, 86, 102, 38, 66, 27]
T3
客户端数：10	时间：8.637509822845459	客户端：[105, 88, 117, 82, 29, 50, 62, 5, 32, 51]
客户端数：20	时间：35.651735067367554	客户端：[105, 88, 117, 82, 29, 50, 62, 5, 32, 51, 119, 42, 36, 126, 69, 122, 114, 100, 107, 13]
客户端数：30	时间：80.83201837539673	客户端：[105, 88, 117, 82, 29, 50, 62, 5, 32, 51, 119, 42, 36, 126, 69, 122, 114, 100, 107, 13, 14, 25, 23, 115, 76, 64, 40, 63, 44, 98]
客户端数：40	时间：144.66356587409973	客户端：[105, 88, 117, 82, 29, 50, 62, 5, 32, 51, 119, 42, 36, 126, 69, 122, 114, 100, 107, 13, 14, 25, 23, 115, 76, 64, 40, 63, 44, 98, 124, 10, 41, 57, 26, 17, 83, 80, 103, 118]
客户端数：50	时间：227.1246600151062	客户端：[105, 88, 117, 82, 29, 50, 62, 5, 32, 51, 119, 42, 36, 126, 69, 122, 114, 100, 107, 13, 14, 25, 23, 115, 76, 64, 40, 63, 44, 98, 124, 10, 41, 57, 26, 17, 83, 80, 103, 118, 85, 54, 9, 99, 81, 95, 73, 33, 72, 49]
客户端数：60	时间：329.7361991405487	客户端：[105, 88, 117, 82, 29, 50, 62, 5, 32, 51, 119, 42, 36, 126, 69, 122, 114, 100, 107, 13, 14, 25, 23, 115, 76, 64, 40, 63, 44, 98, 124, 10, 41, 57, 26, 17, 83, 80, 103, 118, 85, 54, 9, 99, 81, 95, 73, 33, 72, 49, 127, 87, 59, 46, 93, 35, 28, 104, 61, 121]
客户端数：70	时间：450.93861174583435	客户端：[105, 88, 117, 82, 29, 50, 62, 5, 32, 51, 119, 42, 36, 126, 69, 122, 114, 100, 107, 13, 14, 25, 23, 115, 76, 64, 40, 63, 44, 98, 124, 10, 41, 57, 26, 17, 83, 80, 103, 118, 85, 54, 9, 99, 81, 95, 73, 33, 72, 49, 127, 87, 59, 46, 93, 35, 28, 104, 61, 121, 31, 111, 94, 91, 106, 89, 65, 48, 7, 16]
客户端数：80	时间：591.0850338935852	客户端：[105, 88, 117, 82, 29, 50, 62, 5, 32, 51, 119, 42, 36, 126, 69, 122, 114, 100, 107, 13, 14, 25, 23, 115, 76, 64, 40, 63, 44, 98, 124, 10, 41, 57, 26, 17, 83, 80, 103, 118, 85, 54, 9, 99, 81, 95, 73, 33, 72, 49, 127, 87, 59, 46, 93, 35, 28, 104, 61, 121, 31, 111, 94, 91, 106, 89, 65, 48, 7, 16, 125, 18, 92, 53, 71, 12, 21, 109, 108, 79]
客户端数：90	时间：749.731645822525	客户端：[105, 88, 117, 82, 29, 50, 62, 5, 32, 51, 119, 42, 36, 126, 69, 122, 114, 100, 107, 13, 14, 25, 23, 115, 76, 64, 40, 63, 44, 98, 124, 10, 41, 57, 26, 17, 83, 80, 103, 118, 85, 54, 9, 99, 81, 95, 73, 33, 72, 49, 127, 87, 59, 46, 93, 35, 28, 104, 61, 121, 31, 111, 94, 91, 106, 89, 65, 48, 7, 16, 125, 18, 92, 53, 71, 12, 21, 109, 108, 79, 3, 58, 20, 110, 128, 2, 4, 56, 90, 43]
客户端数：100	时间：927.4072599411011	客户端：[105, 88, 117, 82, 29, 50, 62, 5, 32, 51, 119, 42, 36, 126, 69, 122, 114, 100, 107, 13, 14, 25, 23, 115, 76, 64, 40, 63, 44, 98, 124, 10, 41, 57, 26, 17, 83, 80, 103, 118, 85, 54, 9, 99, 81, 95, 73, 33, 72, 49, 127, 87, 59, 46, 93, 35, 28, 104, 61, 121, 31, 111, 94, 91, 106, 89, 65, 48, 7, 16, 125, 18, 92, 53, 71, 12, 21, 109, 108, 79, 3, 58, 20, 110, 128, 2, 4, 56, 90, 43, 24, 37, 97, 101, 77, 22, 60, 78, 96, 123]
客户端数：109	时间：1103.4937710762024	客户端：[105, 88, 117, 82, 29, 50, 62, 5, 32, 51, 119, 42, 36, 126, 69, 122, 114, 100, 107, 13, 14, 25, 23, 115, 76, 64, 40, 63, 44, 98, 124, 10, 41, 57, 26, 17, 83, 80, 103, 118, 85, 54, 9, 99, 81, 95, 73, 33, 72, 49, 127, 87, 59, 46, 93, 35, 28, 104, 61, 121, 31, 111, 94, 91, 106, 89, 65, 48, 7, 16, 125, 18, 92, 53, 71, 12, 21, 109, 108, 79, 3, 58, 20, 110, 128, 2, 4, 56, 90, 43, 24, 37, 97, 101, 77, 22, 60, 78, 96, 123, 1, 74, 68, 84, 86, 102, 38, 66, 27]
BYTE
客户端数：0	字节数：0	客户端：[]
MAE：91805038.45128205
RMSE：92197066.54497322
finished iteration：2023-01-01 00:10:08.638491

Number of rounds 20
T1
客户端数：0	时间：0	客户端：[]
T2
客户端数：10	时间：0.0	客户端：[88, 1, 82, 29, 117, 62, 119, 42, 51, 23]
客户端数：20	时间：0.0	客户端：[88, 1, 82, 29, 117, 62, 119, 42, 51, 23, 122, 32, 100, 13, 14, 105, 76, 48, 98, 97]
客户端数：30	时间：0.0	客户端：[88, 1, 82, 29, 117, 62, 119, 42, 51, 23, 122, 32, 100, 13, 14, 105, 76, 48, 98, 97, 20, 114, 50, 25, 40, 128, 5, 103, 115, 124]
客户端数：40	时间：0.0	客户端：[88, 1, 82, 29, 117, 62, 119, 42, 51, 23, 122, 32, 100, 13, 14, 105, 76, 48, 98, 97, 20, 114, 50, 25, 40, 128, 5, 103, 115, 124, 54, 99, 44, 17, 64, 26, 65, 7, 16, 80]
客户端数：50	时间：0.0009975433349609375	客户端：[88, 1, 82, 29, 117, 62, 119, 42, 51, 23, 122, 32, 100, 13, 14, 105, 76, 48, 98, 97, 20, 114, 50, 25, 40, 128, 5, 103, 115, 124, 54, 99, 44, 17, 64, 26, 65, 7, 16, 80, 43, 104, 33, 46, 27, 93, 57, 85, 66, 21]
客户端数：60	时间：0.0009975433349609375	客户端：[88, 1, 82, 29, 117, 62, 119, 42, 51, 23, 122, 32, 100, 13, 14, 105, 76, 48, 98, 97, 20, 114, 50, 25, 40, 128, 5, 103, 115, 124, 54, 99, 44, 17, 64, 26, 65, 7, 16, 80, 43, 104, 33, 46, 27, 93, 57, 85, 66, 21, 63, 72, 101, 9, 38, 24, 96, 35, 71, 56]
客户端数：70	时间：0.0009975433349609375	客户端：[88, 1, 82, 29, 117, 62, 119, 42, 51, 23, 122, 32, 100, 13, 14, 105, 76, 48, 98, 97, 20, 114, 50, 25, 40, 128, 5, 103, 115, 124, 54, 99, 44, 17, 64, 26, 65, 7, 16, 80, 43, 104, 33, 46, 27, 93, 57, 85, 66, 21, 63, 72, 101, 9, 38, 24, 96, 35, 71, 56, 91, 58, 53, 123, 109, 60, 125, 79, 90, 118]
客户端数：80	时间：0.0009975433349609375	客户端：[88, 1, 82, 29, 117, 62, 119, 42, 51, 23, 122, 32, 100, 13, 14, 105, 76, 48, 98, 97, 20, 114, 50, 25, 40, 128, 5, 103, 115, 124, 54, 99, 44, 17, 64, 26, 65, 7, 16, 80, 43, 104, 33, 46, 27, 93, 57, 85, 66, 21, 63, 72, 101, 9, 38, 24, 96, 35, 71, 56, 91, 58, 53, 123, 109, 60, 125, 79, 90, 118, 78, 89, 84, 94, 87, 28, 127, 49, 108, 126]
客户端数：90	时间：0.0009975433349609375	客户端：[88, 1, 82, 29, 117, 62, 119, 42, 51, 23, 122, 32, 100, 13, 14, 105, 76, 48, 98, 97, 20, 114, 50, 25, 40, 128, 5, 103, 115, 124, 54, 99, 44, 17, 64, 26, 65, 7, 16, 80, 43, 104, 33, 46, 27, 93, 57, 85, 66, 21, 63, 72, 101, 9, 38, 24, 96, 35, 71, 56, 91, 58, 53, 123, 109, 60, 125, 79, 90, 118, 78, 89, 84, 94, 87, 28, 127, 49, 108, 126, 37, 73, 110, 111, 92, 4, 10, 22, 31, 3]
客户端数：100	时间：0.0009975433349609375	客户端：[88, 1, 82, 29, 117, 62, 119, 42, 51, 23, 122, 32, 100, 13, 14, 105, 76, 48, 98, 97, 20, 114, 50, 25, 40, 128, 5, 103, 115, 124, 54, 99, 44, 17, 64, 26, 65, 7, 16, 80, 43, 104, 33, 46, 27, 93, 57, 85, 66, 21, 63, 72, 101, 9, 38, 24, 96, 35, 71, 56, 91, 58, 53, 123, 109, 60, 125, 79, 90, 118, 78, 89, 84, 94, 87, 28, 127, 49, 108, 126, 37, 73, 110, 111, 92, 4, 10, 22, 31, 3, 69, 59, 74, 36, 95, 102, 18, 106, 121, 83]
客户端数：110	时间：0.0009975433349609375	客户端：[88, 1, 82, 29, 117, 62, 119, 42, 51, 23, 122, 32, 100, 13, 14, 105, 76, 48, 98, 97, 20, 114, 50, 25, 40, 128, 5, 103, 115, 124, 54, 99, 44, 17, 64, 26, 65, 7, 16, 80, 43, 104, 33, 46, 27, 93, 57, 85, 66, 21, 63, 72, 101, 9, 38, 24, 96, 35, 71, 56, 91, 58, 53, 123, 109, 60, 125, 79, 90, 118, 78, 89, 84, 94, 87, 28, 127, 49, 108, 126, 37, 73, 110, 111, 92, 4, 10, 22, 31, 3, 69, 59, 74, 36, 95, 102, 18, 106, 121, 83, 41, 2, 39, 107, 81, 12, 77, 68, 86, 61]
T3
客户端数：10	时间：0.3021996021270752	客户端：[88, 1, 82, 29, 117, 62, 119, 42, 51, 23]
客户端数：20	时间：0.623342752456665	客户端：[88, 1, 82, 29, 117, 62, 119, 42, 51, 23, 122, 32, 100, 13, 14, 105, 76, 48, 98, 97]
客户端数：30	时间：0.9634261131286621	客户端：[88, 1, 82, 29, 117, 62, 119, 42, 51, 23, 122, 32, 100, 13, 14, 105, 76, 48, 98, 97, 20, 114, 50, 25, 40, 128, 5, 103, 115, 124]
客户端数：40	时间：1.3214609622955322	客户端：[88, 1, 82, 29, 117, 62, 119, 42, 51, 23, 122, 32, 100, 13, 14, 105, 76, 48, 98, 97, 20, 114, 50, 25, 40, 128, 5, 103, 115, 124, 54, 99, 44, 17, 64, 26, 65, 7, 16, 80]
客户端数：50	时间：1.6974475383758545	客户端：[88, 1, 82, 29, 117, 62, 119, 42, 51, 23, 122, 32, 100, 13, 14, 105, 76, 48, 98, 97, 20, 114, 50, 25, 40, 128, 5, 103, 115, 124, 54, 99, 44, 17, 64, 26, 65, 7, 16, 80, 43, 104, 33, 46, 27, 93, 57, 85, 66, 21]
客户端数：60	时间：2.0913877487182617	客户端：[88, 1, 82, 29, 117, 62, 119, 42, 51, 23, 122, 32, 100, 13, 14, 105, 76, 48, 98, 97, 20, 114, 50, 25, 40, 128, 5, 103, 115, 124, 54, 99, 44, 17, 64, 26, 65, 7, 16, 80, 43, 104, 33, 46, 27, 93, 57, 85, 66, 21, 63, 72, 101, 9, 38, 24, 96, 35, 71, 56]
客户端数：70	时间：2.503281593322754	客户端：[88, 1, 82, 29, 117, 62, 119, 42, 51, 23, 122, 32, 100, 13, 14, 105, 76, 48, 98, 97, 20, 114, 50, 25, 40, 128, 5, 103, 115, 124, 54, 99, 44, 17, 64, 26, 65, 7, 16, 80, 43, 104, 33, 46, 27, 93, 57, 85, 66, 21, 63, 72, 101, 9, 38, 24, 96, 35, 71, 56, 91, 58, 53, 123, 109, 60, 125, 79, 90, 118]
客户端数：80	时间：2.9331252574920654	客户端：[88, 1, 82, 29, 117, 62, 119, 42, 51, 23, 122, 32, 100, 13, 14, 105, 76, 48, 98, 97, 20, 114, 50, 25, 40, 128, 5, 103, 115, 124, 54, 99, 44, 17, 64, 26, 65, 7, 16, 80, 43, 104, 33, 46, 27, 93, 57, 85, 66, 21, 63, 72, 101, 9, 38, 24, 96, 35, 71, 56, 91, 58, 53, 123, 109, 60, 125, 79, 90, 118, 78, 89, 84, 94, 87, 28, 127, 49, 108, 126]
客户端数：90	时间：3.379922866821289	客户端：[88, 1, 82, 29, 117, 62, 119, 42, 51, 23, 122, 32, 100, 13, 14, 105, 76, 48, 98, 97, 20, 114, 50, 25, 40, 128, 5, 103, 115, 124, 54, 99, 44, 17, 64, 26, 65, 7, 16, 80, 43, 104, 33, 46, 27, 93, 57, 85, 66, 21, 63, 72, 101, 9, 38, 24, 96, 35, 71, 56, 91, 58, 53, 123, 109, 60, 125, 79, 90, 118, 78, 89, 84, 94, 87, 28, 127, 49, 108, 126, 37, 73, 110, 111, 92, 4, 10, 22, 31, 3]
客户端数：100	时间：3.845669984817505	客户端：[88, 1, 82, 29, 117, 62, 119, 42, 51, 23, 122, 32, 100, 13, 14, 105, 76, 48, 98, 97, 20, 114, 50, 25, 40, 128, 5, 103, 115, 124, 54, 99, 44, 17, 64, 26, 65, 7, 16, 80, 43, 104, 33, 46, 27, 93, 57, 85, 66, 21, 63, 72, 101, 9, 38, 24, 96, 35, 71, 56, 91, 58, 53, 123, 109, 60, 125, 79, 90, 118, 78, 89, 84, 94, 87, 28, 127, 49, 108, 126, 37, 73, 110, 111, 92, 4, 10, 22, 31, 3, 69, 59, 74, 36, 95, 102, 18, 106, 121, 83]
客户端数：110	时间：41.16808080673218	客户端：[88, 1, 82, 29, 117, 62, 119, 42, 51, 23, 122, 32, 100, 13, 14, 105, 76, 48, 98, 97, 20, 114, 50, 25, 40, 128, 5, 103, 115, 124, 54, 99, 44, 17, 64, 26, 65, 7, 16, 80, 43, 104, 33, 46, 27, 93, 57, 85, 66, 21, 63, 72, 101, 9, 38, 24, 96, 35, 71, 56, 91, 58, 53, 123, 109, 60, 125, 79, 90, 118, 78, 89, 84, 94, 87, 28, 127, 49, 108, 126, 37, 73, 110, 111, 92, 4, 10, 22, 31, 3, 69, 59, 74, 36, 95, 102, 18, 106, 121, 83, 41, 2, 39, 107, 81, 12, 77, 68, 86, 61]
BYTE
客户端数：0	字节数：0	客户端：[]
MAE：92856663.72307692
RMSE：93016061.91685478
finished iteration：2023-01-01 00:10:41.438113

