Number of rounds 1
T1
客户端数：0	时间：0	客户端：[]
T2
客户端数：10	时间：0.0	客户端：[29, 21, 2, 60, 20, 40, 45, 54, 25, 24]
客户端数：20	时间：0.0	客户端：[29, 21, 2, 60, 20, 40, 45, 54, 25, 24, 38, 52, 44, 61, 51, 15, 13, 26, 47, 27]
客户端数：30	时间：0.0	客户端：[29, 21, 2, 60, 20, 40, 45, 54, 25, 24, 38, 52, 44, 61, 51, 15, 13, 26, 47, 27, 56, 50, 53, 7, 36, 64, 42, 8, 37, 10]
客户端数：40	时间：0.0010075569152832031	客户端：[29, 21, 2, 60, 20, 40, 45, 54, 25, 24, 38, 52, 44, 61, 51, 15, 13, 26, 47, 27, 56, 50, 53, 7, 36, 64, 42, 8, 37, 10, 12, 14, 19, 58, 57, 48, 18, 23, 9, 31]
客户端数：50	时间：0.0010075569152832031	客户端：[29, 21, 2, 60, 20, 40, 45, 54, 25, 24, 38, 52, 44, 61, 51, 15, 13, 26, 47, 27, 56, 50, 53, 7, 36, 64, 42, 8, 37, 10, 12, 14, 19, 58, 57, 48, 18, 23, 9, 31, 59, 35, 4, 22, 49, 17, 63, 33, 39, 34]
客户端数：60	时间：0.0010075569152832031	客户端：[29, 21, 2, 60, 20, 40, 45, 54, 25, 24, 38, 52, 44, 61, 51, 15, 13, 26, 47, 27, 56, 50, 53, 7, 36, 64, 42, 8, 37, 10, 12, 14, 19, 58, 57, 48, 18, 23, 9, 31, 59, 35, 4, 22, 49, 17, 63, 33, 39, 34, 55, 11, 1, 6, 41, 32, 46, 30, 16, 43]
客户端数：62	时间：0.0010075569152832031	客户端：[29, 21, 2, 60, 20, 40, 45, 54, 25, 24, 38, 52, 44, 61, 51, 15, 13, 26, 47, 27, 56, 50, 53, 7, 36, 64, 42, 8, 37, 10, 12, 14, 19, 58, 57, 48, 18, 23, 9, 31, 59, 35, 4, 22, 49, 17, 63, 33, 39, 34, 55, 11, 1, 6, 41, 32, 46, 30, 16, 43, 28, 62]
T3
客户端数：10	时间：7.8542187213897705	客户端：[29, 21, 2, 60, 20, 40, 45, 54, 25, 24]
客户端数：20	时间：32.733818769454956	客户端：[29, 21, 2, 60, 20, 40, 45, 54, 25, 24, 38, 52, 44, 61, 51, 15, 13, 26, 47, 27]
客户端数：30	时间：74.38581371307373	客户端：[29, 21, 2, 60, 20, 40, 45, 54, 25, 24, 38, 52, 44, 61, 51, 15, 13, 26, 47, 27, 56, 50, 53, 7, 36, 64, 42, 8, 37, 10]
客户端数：40	时间：132.83291125297546	客户端：[29, 21, 2, 60, 20, 40, 45, 54, 25, 24, 38, 52, 44, 61, 51, 15, 13, 26, 47, 27, 56, 50, 53, 7, 36, 64, 42, 8, 37, 10, 12, 14, 19, 58, 57, 48, 18, 23, 9, 31]
客户端数：50	时间：208.35815262794495	客户端：[29, 21, 2, 60, 20, 40, 45, 54, 25, 24, 38, 52, 44, 61, 51, 15, 13, 26, 47, 27, 56, 50, 53, 7, 36, 64, 42, 8, 37, 10, 12, 14, 19, 58, 57, 48, 18, 23, 9, 31, 59, 35, 4, 22, 49, 17, 63, 33, 39, 34]
客户端数：60	时间：301.26164746284485	客户端：[29, 21, 2, 60, 20, 40, 45, 54, 25, 24, 38, 52, 44, 61, 51, 15, 13, 26, 47, 27, 56, 50, 53, 7, 36, 64, 42, 8, 37, 10, 12, 14, 19, 58, 57, 48, 18, 23, 9, 31, 59, 35, 4, 22, 49, 17, 63, 33, 39, 34, 55, 11, 1, 6, 41, 32, 46, 30, 16, 43]
客户端数：62	时间：321.90009474754333	客户端：[29, 21, 2, 60, 20, 40, 45, 54, 25, 24, 38, 52, 44, 61, 51, 15, 13, 26, 47, 27, 56, 50, 53, 7, 36, 64, 42, 8, 37, 10, 12, 14, 19, 58, 57, 48, 18, 23, 9, 31, 59, 35, 4, 22, 49, 17, 63, 33, 39, 34, 55, 11, 1, 6, 41, 32, 46, 30, 16, 43, 28, 62]
BYTE
客户端数：0	字节数：0	客户端：[]
MAE：17757095.333333332
RMSE：17757095.336017895
finished iteration：2023-01-01 00:00:13.303869

Number of rounds 2
T1
客户端数：0	时间：0	客户端：[]
T2
客户端数：10	时间：0.0	客户端：[29, 45, 40, 22, 60, 25, 23, 13, 47, 52]
客户端数：20	时间：0.0	客户端：[29, 45, 40, 22, 60, 25, 23, 13, 47, 52, 15, 24, 26, 41, 55, 11, 43, 27, 56, 33]
客户端数：30	时间：0.0	客户端：[29, 45, 40, 22, 60, 25, 23, 13, 47, 52, 15, 24, 26, 41, 55, 11, 43, 27, 56, 33, 58, 38, 36, 42, 44, 8, 64, 37, 14, 35]
客户端数：40	时间：0.0	客户端：[29, 45, 40, 22, 60, 25, 23, 13, 47, 52, 15, 24, 26, 41, 55, 11, 43, 27, 56, 33, 58, 38, 36, 42, 44, 8, 64, 37, 14, 35, 16, 9, 19, 1, 62, 12, 34, 63, 48, 53]
客户端数：50	时间：0.000997304916381836	客户端：[29, 45, 40, 22, 60, 25, 23, 13, 47, 52, 15, 24, 26, 41, 55, 11, 43, 27, 56, 33, 58, 38, 36, 42, 44, 8, 64, 37, 14, 35, 16, 9, 19, 1, 62, 12, 34, 63, 48, 53, 51, 18, 17, 31, 30, 2, 50, 57, 21, 28]
客户端数：60	时间：0.000997304916381836	客户端：[29, 45, 40, 22, 60, 25, 23, 13, 47, 52, 15, 24, 26, 41, 55, 11, 43, 27, 56, 33, 58, 38, 36, 42, 44, 8, 64, 37, 14, 35, 16, 9, 19, 1, 62, 12, 34, 63, 48, 53, 51, 18, 17, 31, 30, 2, 50, 57, 21, 28, 61, 39, 10, 6, 20, 54, 49, 7, 46, 59]
T3
客户端数：10	时间：8.315812587738037	客户端：[29, 45, 40, 22, 60, 25, 23, 13, 47, 52]
客户端数：20	时间：34.1858856678009	客户端：[29, 45, 40, 22, 60, 25, 23, 13, 47, 52, 15, 24, 26, 41, 55, 11, 43, 27, 56, 33]
客户端数：30	时间：77.99062275886536	客户端：[29, 45, 40, 22, 60, 25, 23, 13, 47, 52, 15, 24, 26, 41, 55, 11, 43, 27, 56, 33, 58, 38, 36, 42, 44, 8, 64, 37, 14, 35]
客户端数：40	时间：138.92419981956482	客户端：[29, 45, 40, 22, 60, 25, 23, 13, 47, 52, 15, 24, 26, 41, 55, 11, 43, 27, 56, 33, 58, 38, 36, 42, 44, 8, 64, 37, 14, 35, 16, 9, 19, 1, 62, 12, 34, 63, 48, 53]
客户端数：50	时间：217.61894726753235	客户端：[29, 45, 40, 22, 60, 25, 23, 13, 47, 52, 15, 24, 26, 41, 55, 11, 43, 27, 56, 33, 58, 38, 36, 42, 44, 8, 64, 37, 14, 35, 16, 9, 19, 1, 62, 12, 34, 63, 48, 53, 51, 18, 17, 31, 30, 2, 50, 57, 21, 28]
客户端数：60	时间：314.52474784851074	客户端：[29, 45, 40, 22, 60, 25, 23, 13, 47, 52, 15, 24, 26, 41, 55, 11, 43, 27, 56, 33, 58, 38, 36, 42, 44, 8, 64, 37, 14, 35, 16, 9, 19, 1, 62, 12, 34, 63, 48, 53, 51, 18, 17, 31, 30, 2, 50, 57, 21, 28, 61, 39, 10, 6, 20, 54, 49, 7, 46, 59]
BYTE
客户端数：0	字节数：0	客户端：[]
MAE：146774083.33333334
RMSE：146774084.44274858
finished iteration：2023-01-01 00:00:45.565432

Number of rounds 3
T1
客户端数：0	时间：0	客户端：[]
T2
客户端数：10	时间：1.1444091796875e-05	客户端：[29, 45, 20, 38, 47, 50, 40, 2, 43, 41]
客户端数：20	时间：0.0010104179382324219	客户端：[29, 45, 20, 38, 47, 50, 40, 2, 43, 41, 15, 61, 44, 26, 27, 55, 13, 11, 56, 23]
客户端数：30	时间：0.0010104179382324219	客户端：[29, 45, 20, 38, 47, 50, 40, 2, 43, 41, 15, 61, 44, 26, 27, 55, 13, 11, 56, 23, 33, 6, 24, 28, 36, 64, 49, 58, 54, 51]
客户端数：40	时间：0.0010104179382324219	客户端：[29, 45, 20, 38, 47, 50, 40, 2, 43, 41, 15, 61, 44, 26, 27, 55, 13, 11, 56, 23, 33, 6, 24, 28, 36, 64, 49, 58, 54, 51, 14, 25, 35, 9, 12, 10, 17, 53, 39, 21]
客户端数：50	时间：0.0030052661895751953	客户端：[29, 45, 20, 38, 47, 50, 40, 2, 43, 41, 15, 61, 44, 26, 27, 55, 13, 11, 56, 23, 33, 6, 24, 28, 36, 64, 49, 58, 54, 51, 14, 25, 35, 9, 12, 10, 17, 53, 39, 21, 7, 1, 18, 16, 31, 52, 48, 42, 30, 37]
客户端数：60	时间：0.0030052661895751953	客户端：[29, 45, 20, 38, 47, 50, 40, 2, 43, 41, 15, 61, 44, 26, 27, 55, 13, 11, 56, 23, 33, 6, 24, 28, 36, 64, 49, 58, 54, 51, 14, 25, 35, 9, 12, 10, 17, 53, 39, 21, 7, 1, 18, 16, 31, 52, 48, 42, 30, 37, 46, 63, 57, 62, 60, 34, 32, 22, 59, 8]
T3
客户端数：10	时间：8.30388355255127	客户端：[29, 45, 20, 38, 47, 50, 40, 2, 43, 41]
客户端数：20	时间：34.270747661590576	客户端：[29, 45, 20, 38, 47, 50, 40, 2, 43, 41, 15, 61, 44, 26, 27, 55, 13, 11, 56, 23]
客户端数：30	时间：77.79501461982727	客户端：[29, 45, 20, 38, 47, 50, 40, 2, 43, 41, 15, 61, 44, 26, 27, 55, 13, 11, 56, 23, 33, 6, 24, 28, 36, 64, 49, 58, 54, 51]
客户端数：40	时间：138.17171168327332	客户端：[29, 45, 20, 38, 47, 50, 40, 2, 43, 41, 15, 61, 44, 26, 27, 55, 13, 11, 56, 23, 33, 6, 24, 28, 36, 64, 49, 58, 54, 51, 14, 25, 35, 9, 12, 10, 17, 53, 39, 21]
客户端数：50	时间：214.810622215271	客户端：[29, 45, 20, 38, 47, 50, 40, 2, 43, 41, 15, 61, 44, 26, 27, 55, 13, 11, 56, 23, 33, 6, 24, 28, 36, 64, 49, 58, 54, 51, 14, 25, 35, 9, 12, 10, 17, 53, 39, 21, 7, 1, 18, 16, 31, 52, 48, 42, 30, 37]
客户端数：60	时间：326.20447182655334	客户端：[29, 45, 20, 38, 47, 50, 40, 2, 43, 41, 15, 61, 44, 26, 27, 55, 13, 11, 56, 23, 33, 6, 24, 28, 36, 64, 49, 58, 54, 51, 14, 25, 35, 9, 12, 10, 17, 53, 39, 21, 7, 1, 18, 16, 31, 52, 48, 42, 30, 37, 46, 63, 57, 62, 60, 34, 32, 22, 59, 8]
BYTE
客户端数：0	字节数：0	客户端：[]
MAE：47988492.76923077
RMSE：48000699.579706855
finished iteration：2023-01-01 00:01:17.245890

Number of rounds 4
T1
客户端数：0	时间：0	客户端：[]
T2
客户端数：10	时间：0.0	客户端：[19, 29, 45, 50, 25, 47, 22, 21, 13, 41]
客户端数：20	时间：0.0	客户端：[19, 29, 45, 50, 25, 47, 22, 21, 13, 41, 54, 15, 44, 53, 51, 52, 24, 30, 27, 11]
客户端数：30	时间：0.0009975433349609375	客户端：[19, 29, 45, 50, 25, 47, 22, 21, 13, 41, 54, 15, 44, 53, 51, 52, 24, 30, 27, 11, 38, 28, 36, 2, 58, 8, 56, 64, 42, 16]
客户端数：40	时间：0.0009975433349609375	客户端：[19, 29, 45, 50, 25, 47, 22, 21, 13, 41, 54, 15, 44, 53, 51, 52, 24, 30, 27, 11, 38, 28, 36, 2, 58, 8, 56, 64, 42, 16, 40, 49, 46, 7, 57, 43, 59, 48, 17, 10]
客户端数：50	时间：0.0009975433349609375	客户端：[19, 29, 45, 50, 25, 47, 22, 21, 13, 41, 54, 15, 44, 53, 51, 52, 24, 30, 27, 11, 38, 28, 36, 2, 58, 8, 56, 64, 42, 16, 40, 49, 46, 7, 57, 43, 59, 48, 17, 10, 18, 34, 1, 35, 39, 55, 63, 20, 14, 12]
客户端数：60	时间：0.0009975433349609375	客户端：[19, 29, 45, 50, 25, 47, 22, 21, 13, 41, 54, 15, 44, 53, 51, 52, 24, 30, 27, 11, 38, 28, 36, 2, 58, 8, 56, 64, 42, 16, 40, 49, 46, 7, 57, 43, 59, 48, 17, 10, 18, 34, 1, 35, 39, 55, 63, 20, 14, 12, 62, 61, 31, 23, 37, 26, 6, 33, 60, 9]
T3
客户端数：10	时间：16.670263528823853	客户端：[19, 29, 45, 50, 25, 47, 22, 21, 13, 41]
客户端数：20	时间：39.79080247879028	客户端：[19, 29, 45, 50, 25, 47, 22, 21, 13, 41, 54, 15, 44, 53, 51, 52, 24, 30, 27, 11]
客户端数：30	时间：79.45679092407227	客户端：[19, 29, 45, 50, 25, 47, 22, 21, 13, 41, 54, 15, 44, 53, 51, 52, 24, 30, 27, 11, 38, 28, 36, 2, 58, 8, 56, 64, 42, 16]
客户端数：40	时间：135.90992975234985	客户端：[19, 29, 45, 50, 25, 47, 22, 21, 13, 41, 54, 15, 44, 53, 51, 52, 24, 30, 27, 11, 38, 28, 36, 2, 58, 8, 56, 64, 42, 16, 40, 49, 46, 7, 57, 43, 59, 48, 17, 10]
客户端数：50	时间：209.51961278915405	客户端：[19, 29, 45, 50, 25, 47, 22, 21, 13, 41, 54, 15, 44, 53, 51, 52, 24, 30, 27, 11, 38, 28, 36, 2, 58, 8, 56, 64, 42, 16, 40, 49, 46, 7, 57, 43, 59, 48, 17, 10, 18, 34, 1, 35, 39, 55, 63, 20, 14, 12]
客户端数：60	时间：300.28213453292847	客户端：[19, 29, 45, 50, 25, 47, 22, 21, 13, 41, 54, 15, 44, 53, 51, 52, 24, 30, 27, 11, 38, 28, 36, 2, 58, 8, 56, 64, 42, 16, 40, 49, 46, 7, 57, 43, 59, 48, 17, 10, 18, 34, 1, 35, 39, 55, 63, 20, 14, 12, 62, 61, 31, 23, 37, 26, 6, 33, 60, 9]
BYTE
客户端数：0	字节数：0	客户端：[]
MAE：88715846.73846154
RMSE：89242617.48917581
finished iteration：2023-01-01 00:01:48.638630

Number of rounds 5
T1
客户端数：0	时间：0	客户端：[]
T2
客户端数：10	时间：0.0	客户端：[29, 45, 40, 47, 25, 2, 60, 43, 13, 41]
客户端数：20	时间：0.0	客户端：[29, 45, 40, 47, 25, 2, 60, 43, 13, 41, 51, 53, 52, 23, 55, 7, 11, 22, 30, 49]
客户端数：30	时间：0.0	客户端：[29, 45, 40, 47, 25, 2, 60, 43, 13, 41, 51, 53, 52, 23, 55, 7, 11, 22, 30, 49, 58, 64, 46, 61, 39, 9, 14, 10, 48, 18]
客户端数：40	时间：0.0	客户端：[29, 45, 40, 47, 25, 2, 60, 43, 13, 41, 51, 53, 52, 23, 55, 7, 11, 22, 30, 49, 58, 64, 46, 61, 39, 9, 14, 10, 48, 18, 36, 59, 16, 31, 35, 34, 8, 56, 54, 33]
客户端数：50	时间：0.0	客户端：[29, 45, 40, 47, 25, 2, 60, 43, 13, 41, 51, 53, 52, 23, 55, 7, 11, 22, 30, 49, 58, 64, 46, 61, 39, 9, 14, 10, 48, 18, 36, 59, 16, 31, 35, 34, 8, 56, 54, 33, 63, 17, 20, 24, 42, 44, 26, 50, 6, 27]
客户端数：59	时间：0.0009975433349609375	客户端：[29, 45, 40, 47, 25, 2, 60, 43, 13, 41, 51, 53, 52, 23, 55, 7, 11, 22, 30, 49, 58, 64, 46, 61, 39, 9, 14, 10, 48, 18, 36, 59, 16, 31, 35, 34, 8, 56, 54, 33, 63, 17, 20, 24, 42, 44, 26, 50, 6, 27, 15, 28, 21, 57, 12, 62, 38, 1, 37]
T3
客户端数：10	时间：7.565877437591553	客户端：[29, 45, 40, 47, 25, 2, 60, 43, 13, 41]
客户端数：20	时间：31.493657112121582	客户端：[29, 45, 40, 47, 25, 2, 60, 43, 13, 41, 51, 53, 52, 23, 55, 7, 11, 22, 30, 49]
客户端数：30	时间：71.62496614456177	客户端：[29, 45, 40, 47, 25, 2, 60, 43, 13, 41, 51, 53, 52, 23, 55, 7, 11, 22, 30, 49, 58, 64, 46, 61, 39, 9, 14, 10, 48, 18]
客户端数：40	时间：127.9208652973175	客户端：[29, 45, 40, 47, 25, 2, 60, 43, 13, 41, 51, 53, 52, 23, 55, 7, 11, 22, 30, 49, 58, 64, 46, 61, 39, 9, 14, 10, 48, 18, 36, 59, 16, 31, 35, 34, 8, 56, 54, 33]
客户端数：50	时间：200.3562195301056	客户端：[29, 45, 40, 47, 25, 2, 60, 43, 13, 41, 51, 53, 52, 23, 55, 7, 11, 22, 30, 49, 58, 64, 46, 61, 39, 9, 14, 10, 48, 18, 36, 59, 16, 31, 35, 34, 8, 56, 54, 33, 63, 17, 20, 24, 42, 44, 26, 50, 6, 27]
客户端数：59	时间：279.37842774391174	客户端：[29, 45, 40, 47, 25, 2, 60, 43, 13, 41, 51, 53, 52, 23, 55, 7, 11, 22, 30, 49, 58, 64, 46, 61, 39, 9, 14, 10, 48, 18, 36, 59, 16, 31, 35, 34, 8, 56, 54, 33, 63, 17, 20, 24, 42, 44, 26, 50, 6, 27, 15, 28, 21, 57, 12, 62, 38, 1, 37]
BYTE
客户端数：0	字节数：0	客户端：[]
MAE：92510874.3076923
RMSE：92542479.76699457
finished iteration：2023-01-01 00:02:20.050968

Number of rounds 6
T1
客户端数：0	时间：0	客户端：[]
T2
客户端数：10	时间：0.0	客户端：[45, 21, 50, 20, 60, 47, 25, 2, 24, 38]
客户端数：20	时间：0.0	客户端：[45, 21, 50, 20, 60, 47, 25, 2, 24, 38, 23, 22, 61, 51, 52, 41, 44, 43, 55, 11]
客户端数：30	时间：0.0	客户端：[45, 21, 50, 20, 60, 47, 25, 2, 24, 38, 23, 22, 61, 51, 52, 41, 44, 43, 55, 11, 29, 8, 36, 58, 37, 49, 16, 6, 33, 64]
客户端数：40	时间：0.000997304916381836	客户端：[45, 21, 50, 20, 60, 47, 25, 2, 24, 38, 23, 22, 61, 51, 52, 41, 44, 43, 55, 11, 29, 8, 36, 58, 37, 49, 16, 6, 33, 64, 28, 34, 7, 17, 31, 63, 48, 57, 18, 62]
客户端数：50	时间：0.001995086669921875	客户端：[45, 21, 50, 20, 60, 47, 25, 2, 24, 38, 23, 22, 61, 51, 52, 41, 44, 43, 55, 11, 29, 8, 36, 58, 37, 49, 16, 6, 33, 64, 28, 34, 7, 17, 31, 63, 48, 57, 18, 62, 40, 39, 9, 42, 27, 26, 10, 53, 13, 1]
客户端数：59	时间：0.001995086669921875	客户端：[45, 21, 50, 20, 60, 47, 25, 2, 24, 38, 23, 22, 61, 51, 52, 41, 44, 43, 55, 11, 29, 8, 36, 58, 37, 49, 16, 6, 33, 64, 28, 34, 7, 17, 31, 63, 48, 57, 18, 62, 40, 39, 9, 42, 27, 26, 10, 53, 13, 1, 30, 46, 15, 14, 59, 54, 35, 56, 12]
T3
客户端数：10	时间：7.427527666091919	客户端：[45, 21, 50, 20, 60, 47, 25, 2, 24, 38]
客户端数：20	时间：31.82081890106201	客户端：[45, 21, 50, 20, 60, 47, 25, 2, 24, 38, 23, 22, 61, 51, 52, 41, 44, 43, 55, 11]
客户端数：30	时间：73.22473573684692	客户端：[45, 21, 50, 20, 60, 47, 25, 2, 24, 38, 23, 22, 61, 51, 52, 41, 44, 43, 55, 11, 29, 8, 36, 58, 37, 49, 16, 6, 33, 64]
客户端数：40	时间：131.5269274711609	客户端：[45, 21, 50, 20, 60, 47, 25, 2, 24, 38, 23, 22, 61, 51, 52, 41, 44, 43, 55, 11, 29, 8, 36, 58, 37, 49, 16, 6, 33, 64, 28, 34, 7, 17, 31, 63, 48, 57, 18, 62]
客户端数：50	时间：206.37143397331238	客户端：[45, 21, 50, 20, 60, 47, 25, 2, 24, 38, 23, 22, 61, 51, 52, 41, 44, 43, 55, 11, 29, 8, 36, 58, 37, 49, 16, 6, 33, 64, 28, 34, 7, 17, 31, 63, 48, 57, 18, 62, 40, 39, 9, 42, 27, 26, 10, 53, 13, 1]
客户端数：59	时间：287.7570278644562	客户端：[45, 21, 50, 20, 60, 47, 25, 2, 24, 38, 23, 22, 61, 51, 52, 41, 44, 43, 55, 11, 29, 8, 36, 58, 37, 49, 16, 6, 33, 64, 28, 34, 7, 17, 31, 63, 48, 57, 18, 62, 40, 39, 9, 42, 27, 26, 10, 53, 13, 1, 30, 46, 15, 14, 59, 54, 35, 56, 12]
BYTE
客户端数：0	字节数：0	客户端：[]
MAE：96487857.24102564
RMSE：96724532.9723536
finished iteration：2023-01-01 00:02:51.529925

Number of rounds 7
T1
客户端数：0	时间：0	客户端：[]
T2
客户端数：10	时间：0.0	客户端：[45, 60, 50, 38, 22, 29, 2, 47, 21, 23]
客户端数：20	时间：0.0	客户端：[45, 60, 50, 38, 22, 29, 2, 47, 21, 23, 54, 41, 52, 44, 15, 24, 25, 11, 13, 61]
客户端数：30	时间：0.0	客户端：[45, 60, 50, 38, 22, 29, 2, 47, 21, 23, 54, 41, 52, 44, 15, 24, 25, 11, 13, 61, 30, 51, 27, 7, 56, 58, 28, 64, 16, 9]
客户端数：40	时间：0.0	客户端：[45, 60, 50, 38, 22, 29, 2, 47, 21, 23, 54, 41, 52, 44, 15, 24, 25, 11, 13, 61, 30, 51, 27, 7, 56, 58, 28, 64, 16, 9, 26, 10, 37, 1, 46, 36, 57, 17, 48, 33]
客户端数：50	时间：0.0	客户端：[45, 60, 50, 38, 22, 29, 2, 47, 21, 23, 54, 41, 52, 44, 15, 24, 25, 11, 13, 61, 30, 51, 27, 7, 56, 58, 28, 64, 16, 9, 26, 10, 37, 1, 46, 36, 57, 17, 48, 33, 34, 62, 18, 6, 39, 8, 63, 40, 12, 35]
客户端数：59	时间：0.0	客户端：[45, 60, 50, 38, 22, 29, 2, 47, 21, 23, 54, 41, 52, 44, 15, 24, 25, 11, 13, 61, 30, 51, 27, 7, 56, 58, 28, 64, 16, 9, 26, 10, 37, 1, 46, 36, 57, 17, 48, 33, 34, 62, 18, 6, 39, 8, 63, 40, 12, 35, 20, 55, 43, 42, 14, 59, 53, 49, 31]
T3
客户端数：10	时间：7.353403329849243	客户端：[45, 60, 50, 38, 22, 29, 2, 47, 21, 23]
客户端数：20	时间：31.206532955169678	客户端：[45, 60, 50, 38, 22, 29, 2, 47, 21, 23, 54, 41, 52, 44, 15, 24, 25, 11, 13, 61]
客户端数：30	时间：71.62803530693054	客户端：[45, 60, 50, 38, 22, 29, 2, 47, 21, 23, 54, 41, 52, 44, 15, 24, 25, 11, 13, 61, 30, 51, 27, 7, 56, 58, 28, 64, 16, 9]
客户端数：40	时间：128.7712516784668	客户端：[45, 60, 50, 38, 22, 29, 2, 47, 21, 23, 54, 41, 52, 44, 15, 24, 25, 11, 13, 61, 30, 51, 27, 7, 56, 58, 28, 64, 16, 9, 26, 10, 37, 1, 46, 36, 57, 17, 48, 33]
客户端数：50	时间：202.64225602149963	客户端：[45, 60, 50, 38, 22, 29, 2, 47, 21, 23, 54, 41, 52, 44, 15, 24, 25, 11, 13, 61, 30, 51, 27, 7, 56, 58, 28, 64, 16, 9, 26, 10, 37, 1, 46, 36, 57, 17, 48, 33, 34, 62, 18, 6, 39, 8, 63, 40, 12, 35]
客户端数：59	时间：283.65406227111816	客户端：[45, 60, 50, 38, 22, 29, 2, 47, 21, 23, 54, 41, 52, 44, 15, 24, 25, 11, 13, 61, 30, 51, 27, 7, 56, 58, 28, 64, 16, 9, 26, 10, 37, 1, 46, 36, 57, 17, 48, 33, 34, 62, 18, 6, 39, 8, 63, 40, 12, 35, 20, 55, 43, 42, 14, 59, 53, 49, 31]
BYTE
客户端数：0	字节数：0	客户端：[]
MAE：86992740.52307692
RMSE：87219659.7996404
finished iteration：2023-01-01 00:03:22.997177

Number of rounds 8
T1
客户端数：0	时间：0	客户端：[]
T2
客户端数：10	时间：0.0009970664978027344	客户端：[29, 2, 20, 60, 47, 25, 22, 45, 23, 38]
客户端数：20	时间：0.0009970664978027344	客户端：[29, 2, 20, 60, 47, 25, 22, 45, 23, 38, 52, 44, 43, 54, 50, 15, 53, 61, 51, 7]
客户端数：30	时间：0.0009970664978027344	客户端：[29, 2, 20, 60, 47, 25, 22, 45, 23, 38, 52, 44, 43, 54, 50, 15, 53, 61, 51, 7, 33, 8, 64, 58, 11, 56, 42, 46, 16, 49]
客户端数：40	时间：0.0009970664978027344	客户端：[29, 2, 20, 60, 47, 25, 22, 45, 23, 38, 52, 44, 43, 54, 50, 15, 53, 61, 51, 7, 33, 8, 64, 58, 11, 56, 42, 46, 16, 49, 41, 28, 27, 26, 14, 10, 21, 62, 35, 57]
客户端数：50	时间：0.0009970664978027344	客户端：[29, 2, 20, 60, 47, 25, 22, 45, 23, 38, 52, 44, 43, 54, 50, 15, 53, 61, 51, 7, 33, 8, 64, 58, 11, 56, 42, 46, 16, 49, 41, 28, 27, 26, 14, 10, 21, 62, 35, 57, 31, 37, 63, 17, 24, 34, 36, 9, 18, 48]
客户端数：59	时间：0.0009970664978027344	客户端：[29, 2, 20, 60, 47, 25, 22, 45, 23, 38, 52, 44, 43, 54, 50, 15, 53, 61, 51, 7, 33, 8, 64, 58, 11, 56, 42, 46, 16, 49, 41, 28, 27, 26, 14, 10, 21, 62, 35, 57, 31, 37, 63, 17, 24, 34, 36, 9, 18, 48, 6, 1, 40, 13, 12, 59, 30, 39, 55]
T3
客户端数：10	时间：8.309536695480347	客户端：[29, 2, 20, 60, 47, 25, 22, 45, 23, 38]
客户端数：20	时间：34.061506032943726	客户端：[29, 2, 20, 60, 47, 25, 22, 45, 23, 38, 52, 44, 43, 54, 50, 15, 53, 61, 51, 7]
客户端数：30	时间：77.08326840400696	客户端：[29, 2, 20, 60, 47, 25, 22, 45, 23, 38, 52, 44, 43, 54, 50, 15, 53, 61, 51, 7, 33, 8, 64, 58, 11, 56, 42, 46, 16, 49]
客户端数：40	时间：136.74390745162964	客户端：[29, 2, 20, 60, 47, 25, 22, 45, 23, 38, 52, 44, 43, 54, 50, 15, 53, 61, 51, 7, 33, 8, 64, 58, 11, 56, 42, 46, 16, 49, 41, 28, 27, 26, 14, 10, 21, 62, 35, 57]
客户端数：50	时间：212.63730025291443	客户端：[29, 2, 20, 60, 47, 25, 22, 45, 23, 38, 52, 44, 43, 54, 50, 15, 53, 61, 51, 7, 33, 8, 64, 58, 11, 56, 42, 46, 16, 49, 41, 28, 27, 26, 14, 10, 21, 62, 35, 57, 31, 37, 63, 17, 24, 34, 36, 9, 18, 48]
客户端数：59	时间：295.15972542762756	客户端：[29, 2, 20, 60, 47, 25, 22, 45, 23, 38, 52, 44, 43, 54, 50, 15, 53, 61, 51, 7, 33, 8, 64, 58, 11, 56, 42, 46, 16, 49, 41, 28, 27, 26, 14, 10, 21, 62, 35, 57, 31, 37, 63, 17, 24, 34, 36, 9, 18, 48, 6, 1, 40, 13, 12, 59, 30, 39, 55]
BYTE
客户端数：0	字节数：0	客户端：[]
MAE：94984684.1128205
RMSE：95016488.84790175
finished iteration：2023-01-01 00:03:54.339679

Number of rounds 9
T1
客户端数：0	时间：0	客户端：[]
T2
客户端数：10	时间：0.0	客户端：[29, 2, 21, 50, 60, 40, 25, 38, 45, 54]
客户端数：20	时间：0.0010170936584472656	客户端：[29, 2, 21, 50, 60, 40, 25, 38, 45, 54, 13, 43, 44, 53, 26, 41, 52, 56, 33, 8]
客户端数：30	时间：0.0020143985748291016	客户端：[29, 2, 21, 50, 60, 40, 25, 38, 45, 54, 13, 43, 44, 53, 26, 41, 52, 56, 33, 8, 42, 6, 64, 9, 39, 23, 16, 55, 37, 57]
客户端数：40	时间：0.0020143985748291016	客户端：[29, 2, 21, 50, 60, 40, 25, 38, 45, 54, 13, 43, 44, 53, 26, 41, 52, 56, 33, 8, 42, 6, 64, 9, 39, 23, 16, 55, 37, 57, 17, 35, 34, 63, 59, 12, 28, 47, 62, 58]
客户端数：50	时间：0.0020143985748291016	客户端：[29, 2, 21, 50, 60, 40, 25, 38, 45, 54, 13, 43, 44, 53, 26, 41, 52, 56, 33, 8, 42, 6, 64, 9, 39, 23, 16, 55, 37, 57, 17, 35, 34, 63, 59, 12, 28, 47, 62, 58, 30, 46, 61, 7, 15, 27, 49, 1, 22, 18]
客户端数：59	时间：0.0020143985748291016	客户端：[29, 2, 21, 50, 60, 40, 25, 38, 45, 54, 13, 43, 44, 53, 26, 41, 52, 56, 33, 8, 42, 6, 64, 9, 39, 23, 16, 55, 37, 57, 17, 35, 34, 63, 59, 12, 28, 47, 62, 58, 30, 46, 61, 7, 15, 27, 49, 1, 22, 18, 48, 31, 14, 36, 24, 10, 51, 11, 20]
T3
客户端数：10	时间：7.593352794647217	客户端：[29, 2, 21, 50, 60, 40, 25, 38, 45, 54]
客户端数：20	时间：32.23049235343933	客户端：[29, 2, 21, 50, 60, 40, 25, 38, 45, 54, 13, 43, 44, 53, 26, 41, 52, 56, 33, 8]
客户端数：30	时间：73.48261404037476	客户端：[29, 2, 21, 50, 60, 40, 25, 38, 45, 54, 13, 43, 44, 53, 26, 41, 52, 56, 33, 8, 42, 6, 64, 9, 39, 23, 16, 55, 37, 57]
客户端数：40	时间：131.11625909805298	客户端：[29, 2, 21, 50, 60, 40, 25, 38, 45, 54, 13, 43, 44, 53, 26, 41, 52, 56, 33, 8, 42, 6, 64, 9, 39, 23, 16, 55, 37, 57, 17, 35, 34, 63, 59, 12, 28, 47, 62, 58]
客户端数：50	时间：205.278666973114	客户端：[29, 2, 21, 50, 60, 40, 25, 38, 45, 54, 13, 43, 44, 53, 26, 41, 52, 56, 33, 8, 42, 6, 64, 9, 39, 23, 16, 55, 37, 57, 17, 35, 34, 63, 59, 12, 28, 47, 62, 58, 30, 46, 61, 7, 15, 27, 49, 1, 22, 18]
客户端数：59	时间：286.5213632583618	客户端：[29, 2, 21, 50, 60, 40, 25, 38, 45, 54, 13, 43, 44, 53, 26, 41, 52, 56, 33, 8, 42, 6, 64, 9, 39, 23, 16, 55, 37, 57, 17, 35, 34, 63, 59, 12, 28, 47, 62, 58, 30, 46, 61, 7, 15, 27, 49, 1, 22, 18, 48, 31, 14, 36, 24, 10, 51, 11, 20]
BYTE
客户端数：0	字节数：0	客户端：[]
MAE：84934727.64102565
RMSE：85040285.10778446
finished iteration：2023-01-01 00:04:25.687986

Number of rounds 10
T1
客户端数：0	时间：0	客户端：[]
T2
客户端数：10	时间：0.0	客户端：[45, 2, 29, 20, 40, 25, 54, 24, 23, 43]
客户端数：20	时间：0.0	客户端：[45, 2, 29, 20, 40, 25, 54, 24, 23, 43, 44, 61, 51, 27, 50, 56, 13, 28, 6, 36]
客户端数：30	时间：0.0010178089141845703	客户端：[45, 2, 29, 20, 40, 25, 54, 24, 23, 43, 44, 61, 51, 27, 50, 56, 13, 28, 6, 36, 22, 49, 37, 30, 9, 8, 10, 16, 12, 1]
客户端数：40	时间：0.0010178089141845703	客户端：[45, 2, 29, 20, 40, 25, 54, 24, 23, 43, 44, 61, 51, 27, 50, 56, 13, 28, 6, 36, 22, 49, 37, 30, 9, 8, 10, 16, 12, 1, 14, 62, 46, 35, 21, 59, 39, 7, 57, 34]
客户端数：50	时间：0.0010178089141845703	客户端：[45, 2, 29, 20, 40, 25, 54, 24, 23, 43, 44, 61, 51, 27, 50, 56, 13, 28, 6, 36, 22, 49, 37, 30, 9, 8, 10, 16, 12, 1, 14, 62, 46, 35, 21, 59, 39, 7, 57, 34, 26, 18, 64, 63, 31, 42, 33, 41, 47, 48]
客户端数：59	时间：0.0010290145874023438	客户端：[45, 2, 29, 20, 40, 25, 54, 24, 23, 43, 44, 61, 51, 27, 50, 56, 13, 28, 6, 36, 22, 49, 37, 30, 9, 8, 10, 16, 12, 1, 14, 62, 46, 35, 21, 59, 39, 7, 57, 34, 26, 18, 64, 63, 31, 42, 33, 41, 47, 48, 11, 17, 52, 38, 58, 53, 15, 60, 55]
T3
客户端数：10	时间：7.356538772583008	客户端：[45, 2, 29, 20, 40, 25, 54, 24, 23, 43]
客户端数：20	时间：31.347526788711548	客户端：[45, 2, 29, 20, 40, 25, 54, 24, 23, 43, 44, 61, 51, 27, 50, 56, 13, 28, 6, 36]
客户端数：30	时间：72.07794070243835	客户端：[45, 2, 29, 20, 40, 25, 54, 24, 23, 43, 44, 61, 51, 27, 50, 56, 13, 28, 6, 36, 22, 49, 37, 30, 9, 8, 10, 16, 12, 1]
客户端数：40	时间：128.93423771858215	客户端：[45, 2, 29, 20, 40, 25, 54, 24, 23, 43, 44, 61, 51, 27, 50, 56, 13, 28, 6, 36, 22, 49, 37, 30, 9, 8, 10, 16, 12, 1, 14, 62, 46, 35, 21, 59, 39, 7, 57, 34]
客户端数：50	时间：202.49470162391663	客户端：[45, 2, 29, 20, 40, 25, 54, 24, 23, 43, 44, 61, 51, 27, 50, 56, 13, 28, 6, 36, 22, 49, 37, 30, 9, 8, 10, 16, 12, 1, 14, 62, 46, 35, 21, 59, 39, 7, 57, 34, 26, 18, 64, 63, 31, 42, 33, 41, 47, 48]
客户端数：59	时间：283.0738401412964	客户端：[45, 2, 29, 20, 40, 25, 54, 24, 23, 43, 44, 61, 51, 27, 50, 56, 13, 28, 6, 36, 22, 49, 37, 30, 9, 8, 10, 16, 12, 1, 14, 62, 46, 35, 21, 59, 39, 7, 57, 34, 26, 18, 64, 63, 31, 42, 33, 41, 47, 48, 11, 17, 52, 38, 58, 53, 15, 60, 55]
BYTE
客户端数：0	字节数：0	客户端：[]
MAE：96780003.94871795
RMSE：97548702.95657618
finished iteration：2023-01-01 00:04:57.140518

Number of rounds 11
T1
客户端数：0	时间：0	客户端：[]
T2
客户端数：10	时间：0.000997304916381836	客户端：[45, 21, 20, 22, 29, 2, 54, 40, 38, 13]
客户端数：20	时间：0.000997304916381836	客户端：[45, 21, 20, 22, 29, 2, 54, 40, 38, 13, 60, 53, 15, 50, 26, 25, 47, 51, 55, 52]
客户端数：30	时间：0.000997304916381836	客户端：[45, 21, 20, 22, 29, 2, 54, 40, 38, 13, 60, 53, 15, 50, 26, 25, 47, 51, 55, 52, 23, 27, 6, 36, 28, 58, 37, 49, 10, 9]
客户端数：40	时间：0.000997304916381836	客户端：[45, 21, 20, 22, 29, 2, 54, 40, 38, 13, 60, 53, 15, 50, 26, 25, 47, 51, 55, 52, 23, 27, 6, 36, 28, 58, 37, 49, 10, 9, 42, 8, 1, 43, 18, 64, 59, 39, 35, 34]
客户端数：50	时间：0.0020067691802978516	客户端：[45, 21, 20, 22, 29, 2, 54, 40, 38, 13, 60, 53, 15, 50, 26, 25, 47, 51, 55, 52, 23, 27, 6, 36, 28, 58, 37, 49, 10, 9, 42, 8, 1, 43, 18, 64, 59, 39, 35, 34, 31, 16, 62, 41, 63, 11, 56, 17, 30, 46]
客户端数：58	时间：0.0020067691802978516	客户端：[45, 21, 20, 22, 29, 2, 54, 40, 38, 13, 60, 53, 15, 50, 26, 25, 47, 51, 55, 52, 23, 27, 6, 36, 28, 58, 37, 49, 10, 9, 42, 8, 1, 43, 18, 64, 59, 39, 35, 34, 31, 16, 62, 41, 63, 11, 56, 17, 30, 46, 12, 44, 48, 7, 33, 24, 61, 57]
T3
客户端数：10	时间：8.193640947341919	客户端：[45, 21, 20, 22, 29, 2, 54, 40, 38, 13]
客户端数：20	时间：33.50628972053528	客户端：[45, 21, 20, 22, 29, 2, 54, 40, 38, 13, 60, 53, 15, 50, 26, 25, 47, 51, 55, 52]
客户端数：30	时间：75.59542417526245	客户端：[45, 21, 20, 22, 29, 2, 54, 40, 38, 13, 60, 53, 15, 50, 26, 25, 47, 51, 55, 52, 23, 27, 6, 36, 28, 58, 37, 49, 10, 9]
客户端数：40	时间：134.15998935699463	客户端：[45, 21, 20, 22, 29, 2, 54, 40, 38, 13, 60, 53, 15, 50, 26, 25, 47, 51, 55, 52, 23, 27, 6, 36, 28, 58, 37, 49, 10, 9, 42, 8, 1, 43, 18, 64, 59, 39, 35, 34]
客户端数：50	时间：208.7890281677246	客户端：[45, 21, 20, 22, 29, 2, 54, 40, 38, 13, 60, 53, 15, 50, 26, 25, 47, 51, 55, 52, 23, 27, 6, 36, 28, 58, 37, 49, 10, 9, 42, 8, 1, 43, 18, 64, 59, 39, 35, 34, 31, 16, 62, 41, 63, 11, 56, 17, 30, 46]
客户端数：58	时间：280.4150490760803	客户端：[45, 21, 20, 22, 29, 2, 54, 40, 38, 13, 60, 53, 15, 50, 26, 25, 47, 51, 55, 52, 23, 27, 6, 36, 28, 58, 37, 49, 10, 9, 42, 8, 1, 43, 18, 64, 59, 39, 35, 34, 31, 16, 62, 41, 63, 11, 56, 17, 30, 46, 12, 44, 48, 7, 33, 24, 61, 57]
BYTE
客户端数：0	字节数：0	客户端：[]
MAE：99094793.52820513
RMSE：99374045.31948099
finished iteration：2023-01-01 00:05:28.483762

Number of rounds 12
T1
客户端数：0	时间：0	客户端：[]
T2
客户端数：10	时间：0.0	客户端：[21, 20, 60, 40, 50, 45, 54, 22, 23, 43]
客户端数：20	时间：0.0010144710540771484	客户端：[21, 20, 60, 40, 50, 45, 54, 22, 23, 43, 52, 2, 11, 53, 55, 44, 24, 27, 30, 7]
客户端数：30	时间：0.0010144710540771484	客户端：[21, 20, 60, 40, 50, 45, 54, 22, 23, 43, 52, 2, 11, 53, 55, 44, 24, 27, 30, 7, 38, 8, 36, 28, 61, 26, 10, 58, 9, 37]
客户端数：40	时间：0.0010144710540771484	客户端：[21, 20, 60, 40, 50, 45, 54, 22, 23, 43, 52, 2, 11, 53, 55, 44, 24, 27, 30, 7, 38, 8, 36, 28, 61, 26, 10, 58, 9, 37, 47, 39, 18, 1, 57, 31, 59, 35, 63, 41]
客户端数：50	时间：0.0010144710540771484	客户端：[21, 20, 60, 40, 50, 45, 54, 22, 23, 43, 52, 2, 11, 53, 55, 44, 24, 27, 30, 7, 38, 8, 36, 28, 61, 26, 10, 58, 9, 37, 47, 39, 18, 1, 57, 31, 59, 35, 63, 41, 16, 56, 13, 49, 12, 34, 14, 64, 6, 62]
客户端数：58	时间：0.0010144710540771484	客户端：[21, 20, 60, 40, 50, 45, 54, 22, 23, 43, 52, 2, 11, 53, 55, 44, 24, 27, 30, 7, 38, 8, 36, 28, 61, 26, 10, 58, 9, 37, 47, 39, 18, 1, 57, 31, 59, 35, 63, 41, 16, 56, 13, 49, 12, 34, 14, 64, 6, 62, 46, 29, 33, 42, 51, 25, 48, 17]
T3
客户端数：10	时间：7.560586452484131	客户端：[21, 20, 60, 40, 50, 45, 54, 22, 23, 43]
客户端数：20	时间：31.697858095169067	客户端：[21, 20, 60, 40, 50, 45, 54, 22, 23, 43, 52, 2, 11, 53, 55, 44, 24, 27, 30, 7]
客户端数：30	时间：72.42842864990234	客户端：[21, 20, 60, 40, 50, 45, 54, 22, 23, 43, 52, 2, 11, 53, 55, 44, 24, 27, 30, 7, 38, 8, 36, 28, 61, 26, 10, 58, 9, 37]
客户端数：40	时间：129.44241547584534	客户端：[21, 20, 60, 40, 50, 45, 54, 22, 23, 43, 52, 2, 11, 53, 55, 44, 24, 27, 30, 7, 38, 8, 36, 28, 61, 26, 10, 58, 9, 37, 47, 39, 18, 1, 57, 31, 59, 35, 63, 41]
客户端数：50	时间：221.56591773033142	客户端：[21, 20, 60, 40, 50, 45, 54, 22, 23, 43, 52, 2, 11, 53, 55, 44, 24, 27, 30, 7, 38, 8, 36, 28, 61, 26, 10, 58, 9, 37, 47, 39, 18, 1, 57, 31, 59, 35, 63, 41, 16, 56, 13, 49, 12, 34, 14, 64, 6, 62]
客户端数：58	时间：292.9770052433014	客户端：[21, 20, 60, 40, 50, 45, 54, 22, 23, 43, 52, 2, 11, 53, 55, 44, 24, 27, 30, 7, 38, 8, 36, 28, 61, 26, 10, 58, 9, 37, 47, 39, 18, 1, 57, 31, 59, 35, 63, 41, 16, 56, 13, 49, 12, 34, 14, 64, 6, 62, 46, 29, 33, 42, 51, 25, 48, 17]
BYTE
客户端数：0	字节数：0	客户端：[]
MAE：93699158.4923077
RMSE：93826300.06151271
finished iteration：2023-01-01 00:05:59.943894

Number of rounds 13
T1
客户端数：0	时间：0	客户端：[]
T2
客户端数：10	时间：0.0	客户端：[29, 21, 60, 38, 54, 22, 43, 50, 52, 23]
客户端数：20	时间：0.0	客户端：[29, 21, 60, 38, 54, 22, 43, 50, 52, 23, 24, 51, 47, 53, 11, 55, 61, 33, 56, 7]
客户端数：30	时间：0.0	客户端：[29, 21, 60, 38, 54, 22, 43, 50, 52, 23, 24, 51, 47, 53, 11, 55, 61, 33, 56, 7, 25, 36, 42, 30, 8, 62, 59, 41, 16, 34]
客户端数：40	时间：0.0	客户端：[29, 21, 60, 38, 54, 22, 43, 50, 52, 23, 24, 51, 47, 53, 11, 55, 61, 33, 56, 7, 25, 36, 42, 30, 8, 62, 59, 41, 16, 34, 57, 10, 49, 45, 17, 6, 18, 48, 64, 26]
客户端数：50	时间：0.0009970664978027344	客户端：[29, 21, 60, 38, 54, 22, 43, 50, 52, 23, 24, 51, 47, 53, 11, 55, 61, 33, 56, 7, 25, 36, 42, 30, 8, 62, 59, 41, 16, 34, 57, 10, 49, 45, 17, 6, 18, 48, 64, 26, 58, 12, 37, 31, 28, 27, 40, 46, 39, 20]
客户端数：57	时间：0.0010170936584472656	客户端：[29, 21, 60, 38, 54, 22, 43, 50, 52, 23, 24, 51, 47, 53, 11, 55, 61, 33, 56, 7, 25, 36, 42, 30, 8, 62, 59, 41, 16, 34, 57, 10, 49, 45, 17, 6, 18, 48, 64, 26, 58, 12, 37, 31, 28, 27, 40, 46, 39, 20, 9, 44, 13, 63, 2, 35, 1]
T3
客户端数：10	时间：7.923365831375122	客户端：[29, 21, 60, 38, 54, 22, 43, 50, 52, 23]
客户端数：20	时间：33.28822374343872	客户端：[29, 21, 60, 38, 54, 22, 43, 50, 52, 23, 24, 51, 47, 53, 11, 55, 61, 33, 56, 7]
客户端数：30	时间：75.65757751464844	客户端：[29, 21, 60, 38, 54, 22, 43, 50, 52, 23, 24, 51, 47, 53, 11, 55, 61, 33, 56, 7, 25, 36, 42, 30, 8, 62, 59, 41, 16, 34]
客户端数：40	时间：135.56406545639038	客户端：[29, 21, 60, 38, 54, 22, 43, 50, 52, 23, 24, 51, 47, 53, 11, 55, 61, 33, 56, 7, 25, 36, 42, 30, 8, 62, 59, 41, 16, 34, 57, 10, 49, 45, 17, 6, 18, 48, 64, 26]
客户端数：50	时间：212.29640412330627	客户端：[29, 21, 60, 38, 54, 22, 43, 50, 52, 23, 24, 51, 47, 53, 11, 55, 61, 33, 56, 7, 25, 36, 42, 30, 8, 62, 59, 41, 16, 34, 57, 10, 49, 45, 17, 6, 18, 48, 64, 26, 58, 12, 37, 31, 28, 27, 40, 46, 39, 20]
客户端数：57	时间：275.994108915329	客户端：[29, 21, 60, 38, 54, 22, 43, 50, 52, 23, 24, 51, 47, 53, 11, 55, 61, 33, 56, 7, 25, 36, 42, 30, 8, 62, 59, 41, 16, 34, 57, 10, 49, 45, 17, 6, 18, 48, 64, 26, 58, 12, 37, 31, 28, 27, 40, 46, 39, 20, 9, 44, 13, 63, 2, 35, 1]
BYTE
客户端数：0	字节数：0	客户端：[]
MAE：96477773.83589743
RMSE：97076023.07042587
finished iteration：2023-01-01 00:06:31.611238

Number of rounds 14
T1
客户端数：0	时间：0	客户端：[]
T2
客户端数：10	时间：0.0	客户端：[45, 50, 60, 40, 24, 23, 44, 61, 41, 52]
客户端数：20	时间：2.4080276489257812e-05	客户端：[45, 50, 60, 40, 24, 23, 44, 61, 41, 52, 53, 55, 27, 38, 7, 56, 33, 51, 42, 37]
客户端数：30	时间：2.4080276489257812e-05	客户端：[45, 50, 60, 40, 24, 23, 44, 61, 41, 52, 53, 55, 27, 38, 7, 56, 33, 51, 42, 37, 8, 46, 16, 58, 9, 10, 35, 28, 43, 59]
客户端数：40	时间：2.4080276489257812e-05	客户端：[45, 50, 60, 40, 24, 23, 44, 61, 41, 52, 53, 55, 27, 38, 7, 56, 33, 51, 42, 37, 8, 46, 16, 58, 9, 10, 35, 28, 43, 59, 63, 29, 2, 17, 13, 34, 21, 26, 1, 18]
客户端数：50	时间：0.0010211467742919922	客户端：[45, 50, 60, 40, 24, 23, 44, 61, 41, 52, 53, 55, 27, 38, 7, 56, 33, 51, 42, 37, 8, 46, 16, 58, 9, 10, 35, 28, 43, 59, 63, 29, 2, 17, 13, 34, 21, 26, 1, 18, 57, 49, 39, 11, 31, 36, 47, 64, 30, 48]
客户端数：57	时间：0.002018451690673828	客户端：[45, 50, 60, 40, 24, 23, 44, 61, 41, 52, 53, 55, 27, 38, 7, 56, 33, 51, 42, 37, 8, 46, 16, 58, 9, 10, 35, 28, 43, 59, 63, 29, 2, 17, 13, 34, 21, 26, 1, 18, 57, 49, 39, 11, 31, 36, 47, 64, 30, 48, 54, 62, 25, 12, 6, 20, 22]
T3
客户端数：10	时间：8.030425548553467	客户端：[45, 50, 60, 40, 24, 23, 44, 61, 41, 52]
客户端数：20	时间：32.497008085250854	客户端：[45, 50, 60, 40, 24, 23, 44, 61, 41, 52, 53, 55, 27, 38, 7, 56, 33, 51, 42, 37]
客户端数：30	时间：72.94085240364075	客户端：[45, 50, 60, 40, 24, 23, 44, 61, 41, 52, 53, 55, 27, 38, 7, 56, 33, 51, 42, 37, 8, 46, 16, 58, 9, 10, 35, 28, 43, 59]
客户端数：40	时间：130.15089917182922	客户端：[45, 50, 60, 40, 24, 23, 44, 61, 41, 52, 53, 55, 27, 38, 7, 56, 33, 51, 42, 37, 8, 46, 16, 58, 9, 10, 35, 28, 43, 59, 63, 29, 2, 17, 13, 34, 21, 26, 1, 18]
客户端数：50	时间：204.0604145526886	客户端：[45, 50, 60, 40, 24, 23, 44, 61, 41, 52, 53, 55, 27, 38, 7, 56, 33, 51, 42, 37, 8, 46, 16, 58, 9, 10, 35, 28, 43, 59, 63, 29, 2, 17, 13, 34, 21, 26, 1, 18, 57, 49, 39, 11, 31, 36, 47, 64, 30, 48]
客户端数：57	时间：265.6337468624115	客户端：[45, 50, 60, 40, 24, 23, 44, 61, 41, 52, 53, 55, 27, 38, 7, 56, 33, 51, 42, 37, 8, 46, 16, 58, 9, 10, 35, 28, 43, 59, 63, 29, 2, 17, 13, 34, 21, 26, 1, 18, 57, 49, 39, 11, 31, 36, 47, 64, 30, 48, 54, 62, 25, 12, 6, 20, 22]
BYTE
客户端数：0	字节数：0	客户端：[]
MAE：89066771.33333333
RMSE：89431018.04000936
finished iteration：2023-01-01 00:07:03.027422

Number of rounds 15
T1
客户端数：0	时间：0	客户端：[]
T2
客户端数：10	时间：0.0	客户端：[29, 21, 40, 23, 2, 52, 41, 51, 61, 43]
客户端数：20	时间：0.0	客户端：[29, 21, 40, 23, 2, 52, 41, 51, 61, 43, 54, 22, 13, 24, 53, 27, 38, 26, 25, 30]
客户端数：30	时间：0.0	客户端：[29, 21, 40, 23, 2, 52, 41, 51, 61, 43, 54, 22, 13, 24, 53, 27, 38, 26, 25, 30, 33, 55, 11, 7, 58, 56, 6, 8, 46, 10]
客户端数：40	时间：0.0	客户端：[29, 21, 40, 23, 2, 52, 41, 51, 61, 43, 54, 22, 13, 24, 53, 27, 38, 26, 25, 30, 33, 55, 11, 7, 58, 56, 6, 8, 46, 10, 44, 39, 64, 35, 42, 18, 37, 31, 50, 9]
客户端数：50	时间：0.0	客户端：[29, 21, 40, 23, 2, 52, 41, 51, 61, 43, 54, 22, 13, 24, 53, 27, 38, 26, 25, 30, 33, 55, 11, 7, 58, 56, 6, 8, 46, 10, 44, 39, 64, 35, 42, 18, 37, 31, 50, 9, 57, 17, 59, 62, 34, 48, 49, 63, 16, 36]
客户端数：57	时间：0.0	客户端：[29, 21, 40, 23, 2, 52, 41, 51, 61, 43, 54, 22, 13, 24, 53, 27, 38, 26, 25, 30, 33, 55, 11, 7, 58, 56, 6, 8, 46, 10, 44, 39, 64, 35, 42, 18, 37, 31, 50, 9, 57, 17, 59, 62, 34, 48, 49, 63, 16, 36, 45, 20, 60, 1, 47, 12, 28]
T3
客户端数：10	时间：7.595448732376099	客户端：[29, 21, 40, 23, 2, 52, 41, 51, 61, 43]
客户端数：20	时间：31.78341794013977	客户端：[29, 21, 40, 23, 2, 52, 41, 51, 61, 43, 54, 22, 13, 24, 53, 27, 38, 26, 25, 30]
客户端数：30	时间：72.53139853477478	客户端：[29, 21, 40, 23, 2, 52, 41, 51, 61, 43, 54, 22, 13, 24, 53, 27, 38, 26, 25, 30, 33, 55, 11, 7, 58, 56, 6, 8, 46, 10]
客户端数：40	时间：130.348397731781	客户端：[29, 21, 40, 23, 2, 52, 41, 51, 61, 43, 54, 22, 13, 24, 53, 27, 38, 26, 25, 30, 33, 55, 11, 7, 58, 56, 6, 8, 46, 10, 44, 39, 64, 35, 42, 18, 37, 31, 50, 9]
客户端数：50	时间：204.45607805252075	客户端：[29, 21, 40, 23, 2, 52, 41, 51, 61, 43, 54, 22, 13, 24, 53, 27, 38, 26, 25, 30, 33, 55, 11, 7, 58, 56, 6, 8, 46, 10, 44, 39, 64, 35, 42, 18, 37, 31, 50, 9, 57, 17, 59, 62, 34, 48, 49, 63, 16, 36]
客户端数：57	时间：266.24717807769775	客户端：[29, 21, 40, 23, 2, 52, 41, 51, 61, 43, 54, 22, 13, 24, 53, 27, 38, 26, 25, 30, 33, 55, 11, 7, 58, 56, 6, 8, 46, 10, 44, 39, 64, 35, 42, 18, 37, 31, 50, 9, 57, 17, 59, 62, 34, 48, 49, 63, 16, 36, 45, 20, 60, 1, 47, 12, 28]
BYTE
客户端数：0	字节数：0	客户端：[]
MAE：90556434.43076923
RMSE：90728925.32953773
finished iteration：2023-01-01 00:07:34.597605

Number of rounds 16
T1
客户端数：0	时间：0	客户端：[]
T2
客户端数：10	时间：0.0	客户端：[29, 21, 50, 2, 20, 40, 22, 38, 61, 23]
客户端数：20	时间：0.0	客户端：[29, 21, 50, 2, 20, 40, 22, 38, 61, 23, 44, 53, 24, 51, 52, 55, 60, 45, 64, 33]
客户端数：30	时间：0.0	客户端：[29, 21, 50, 2, 20, 40, 22, 38, 61, 23, 44, 53, 24, 51, 52, 55, 60, 45, 64, 33, 56, 58, 46, 49, 6, 8, 16, 28, 37, 9]
客户端数：40	时间：0.0	客户端：[29, 21, 50, 2, 20, 40, 22, 38, 61, 23, 44, 53, 24, 51, 52, 55, 60, 45, 64, 33, 56, 58, 46, 49, 6, 8, 16, 28, 37, 9, 27, 10, 41, 59, 1, 17, 31, 63, 25, 34]
客户端数：50	时间：0.0	客户端：[29, 21, 50, 2, 20, 40, 22, 38, 61, 23, 44, 53, 24, 51, 52, 55, 60, 45, 64, 33, 56, 58, 46, 49, 6, 8, 16, 28, 37, 9, 27, 10, 41, 59, 1, 17, 31, 63, 25, 34, 12, 30, 11, 43, 47, 54, 36, 57, 48, 35]
客户端数：57	时间：0.0	客户端：[29, 21, 50, 2, 20, 40, 22, 38, 61, 23, 44, 53, 24, 51, 52, 55, 60, 45, 64, 33, 56, 58, 46, 49, 6, 8, 16, 28, 37, 9, 27, 10, 41, 59, 1, 17, 31, 63, 25, 34, 12, 30, 11, 43, 47, 54, 36, 57, 48, 35, 7, 39, 62, 26, 18, 13, 42]
T3
客户端数：10	时间：7.482286691665649	客户端：[29, 21, 50, 2, 20, 40, 22, 38, 61, 23]
客户端数：20	时间：31.694329500198364	客户端：[29, 21, 50, 2, 20, 40, 22, 38, 61, 23, 44, 53, 24, 51, 52, 55, 60, 45, 64, 33]
客户端数：30	时间：72.56178402900696	客户端：[29, 21, 50, 2, 20, 40, 22, 38, 61, 23, 44, 53, 24, 51, 52, 55, 60, 45, 64, 33, 56, 58, 46, 49, 6, 8, 16, 28, 37, 9]
客户端数：40	时间：130.17684054374695	客户端：[29, 21, 50, 2, 20, 40, 22, 38, 61, 23, 44, 53, 24, 51, 52, 55, 60, 45, 64, 33, 56, 58, 46, 49, 6, 8, 16, 28, 37, 9, 27, 10, 41, 59, 1, 17, 31, 63, 25, 34]
客户端数：50	时间：203.88665080070496	客户端：[29, 21, 50, 2, 20, 40, 22, 38, 61, 23, 44, 53, 24, 51, 52, 55, 60, 45, 64, 33, 56, 58, 46, 49, 6, 8, 16, 28, 37, 9, 27, 10, 41, 59, 1, 17, 31, 63, 25, 34, 12, 30, 11, 43, 47, 54, 36, 57, 48, 35]
客户端数：57	时间：265.34289741516113	客户端：[29, 21, 50, 2, 20, 40, 22, 38, 61, 23, 44, 53, 24, 51, 52, 55, 60, 45, 64, 33, 56, 58, 46, 49, 6, 8, 16, 28, 37, 9, 27, 10, 41, 59, 1, 17, 31, 63, 25, 34, 12, 30, 11, 43, 47, 54, 36, 57, 48, 35, 7, 39, 62, 26, 18, 13, 42]
BYTE
客户端数：0	字节数：0	客户端：[]
MAE：96962956.33846153
RMSE：97327023.72336645
finished iteration：2023-01-01 00:08:06.120776

Number of rounds 17
T1
客户端数：0	时间：0	客户端：[]
T2
客户端数：10	时间：0.0	客户端：[29, 2, 20, 60, 47, 21, 45, 38, 23, 43]
客户端数：20	时间：5.4836273193359375e-06	客户端：[29, 2, 20, 60, 47, 21, 45, 38, 23, 43, 61, 41, 24, 25, 40, 11, 8, 51, 36, 6]
客户端数：30	时间：5.4836273193359375e-06	客户端：[29, 2, 20, 60, 47, 21, 45, 38, 23, 43, 61, 41, 24, 25, 40, 11, 8, 51, 36, 6, 49, 42, 56, 9, 64, 39, 16, 57, 59, 62]
客户端数：40	时间：5.4836273193359375e-06	客户端：[29, 2, 20, 60, 47, 21, 45, 38, 23, 43, 61, 41, 24, 25, 40, 11, 8, 51, 36, 6, 49, 42, 56, 9, 64, 39, 16, 57, 59, 62, 63, 31, 10, 34, 58, 50, 22, 27, 17, 37]
客户端数：50	时间：5.4836273193359375e-06	客户端：[29, 2, 20, 60, 47, 21, 45, 38, 23, 43, 61, 41, 24, 25, 40, 11, 8, 51, 36, 6, 49, 42, 56, 9, 64, 39, 16, 57, 59, 62, 63, 31, 10, 34, 58, 50, 22, 27, 17, 37, 48, 26, 33, 52, 13, 35, 53, 54, 30, 18]
客户端数：57	时间：0.0010209083557128906	客户端：[29, 2, 20, 60, 47, 21, 45, 38, 23, 43, 61, 41, 24, 25, 40, 11, 8, 51, 36, 6, 49, 42, 56, 9, 64, 39, 16, 57, 59, 62, 63, 31, 10, 34, 58, 50, 22, 27, 17, 37, 48, 26, 33, 52, 13, 35, 53, 54, 30, 18, 7, 55, 1, 12, 46, 44, 28]
T3
客户端数：10	时间：8.469928503036499	客户端：[29, 2, 20, 60, 47, 21, 45, 38, 23, 43]
客户端数：20	时间：33.73353624343872	客户端：[29, 2, 20, 60, 47, 21, 45, 38, 23, 43, 61, 41, 24, 25, 40, 11, 8, 51, 36, 6]
客户端数：30	时间：75.43274760246277	客户端：[29, 2, 20, 60, 47, 21, 45, 38, 23, 43, 61, 41, 24, 25, 40, 11, 8, 51, 36, 6, 49, 42, 56, 9, 64, 39, 16, 57, 59, 62]
客户端数：40	时间：134.01755905151367	客户端：[29, 2, 20, 60, 47, 21, 45, 38, 23, 43, 61, 41, 24, 25, 40, 11, 8, 51, 36, 6, 49, 42, 56, 9, 64, 39, 16, 57, 59, 62, 63, 31, 10, 34, 58, 50, 22, 27, 17, 37]
客户端数：50	时间：210.21655583381653	客户端：[29, 2, 20, 60, 47, 21, 45, 38, 23, 43, 61, 41, 24, 25, 40, 11, 8, 51, 36, 6, 49, 42, 56, 9, 64, 39, 16, 57, 59, 62, 63, 31, 10, 34, 58, 50, 22, 27, 17, 37, 48, 26, 33, 52, 13, 35, 53, 54, 30, 18]
客户端数：57	时间：273.6854224205017	客户端：[29, 2, 20, 60, 47, 21, 45, 38, 23, 43, 61, 41, 24, 25, 40, 11, 8, 51, 36, 6, 49, 42, 56, 9, 64, 39, 16, 57, 59, 62, 63, 31, 10, 34, 58, 50, 22, 27, 17, 37, 48, 26, 33, 52, 13, 35, 53, 54, 30, 18, 7, 55, 1, 12, 46, 44, 28]
BYTE
客户端数：0	字节数：0	客户端：[]
MAE：96232227.82564102
RMSE：97040506.76405345
finished iteration：2023-01-01 00:08:37.768256

Number of rounds 18
T1
客户端数：0	时间：0	客户端：[]
T2
客户端数：10	时间：0.000997304916381836	客户端：[45, 29, 21, 50, 20, 40, 2, 25, 47, 38]
客户端数：20	时间：0.001995086669921875	客户端：[45, 29, 21, 50, 20, 40, 2, 25, 47, 38, 60, 22, 24, 41, 26, 61, 55, 27, 53, 30]
客户端数：30	时间：0.001995086669921875	客户端：[45, 29, 21, 50, 20, 40, 2, 25, 47, 38, 60, 22, 24, 41, 26, 61, 55, 27, 53, 30, 44, 7, 56, 28, 8, 42, 49, 64, 16, 10]
客户端数：40	时间：0.002992391586303711	客户端：[45, 29, 21, 50, 20, 40, 2, 25, 47, 38, 60, 22, 24, 41, 26, 61, 55, 27, 53, 30, 44, 7, 56, 28, 8, 42, 49, 64, 16, 10, 43, 11, 58, 18, 59, 1, 39, 62, 17, 33]
客户端数：50	时间：0.0039899349212646484	客户端：[45, 29, 21, 50, 20, 40, 2, 25, 47, 38, 60, 22, 24, 41, 26, 61, 55, 27, 53, 30, 44, 7, 56, 28, 8, 42, 49, 64, 16, 10, 43, 11, 58, 18, 59, 1, 39, 62, 17, 33, 34, 6, 9, 57, 35, 46, 36, 13, 51, 54]
客户端数：57	时间：0.0039899349212646484	客户端：[45, 29, 21, 50, 20, 40, 2, 25, 47, 38, 60, 22, 24, 41, 26, 61, 55, 27, 53, 30, 44, 7, 56, 28, 8, 42, 49, 64, 16, 10, 43, 11, 58, 18, 59, 1, 39, 62, 17, 33, 34, 6, 9, 57, 35, 46, 36, 13, 51, 54, 52, 23, 12, 63, 31, 37, 48]
T3
客户端数：10	时间：8.078078031539917	客户端：[45, 29, 21, 50, 20, 40, 2, 25, 47, 38]
客户端数：20	时间：33.11718153953552	客户端：[45, 29, 21, 50, 20, 40, 2, 25, 47, 38, 60, 22, 24, 41, 26, 61, 55, 27, 53, 30]
客户端数：30	时间：74.90724205970764	客户端：[45, 29, 21, 50, 20, 40, 2, 25, 47, 38, 60, 22, 24, 41, 26, 61, 55, 27, 53, 30, 44, 7, 56, 28, 8, 42, 49, 64, 16, 10]
客户端数：40	时间：133.14106440544128	客户端：[45, 29, 21, 50, 20, 40, 2, 25, 47, 38, 60, 22, 24, 41, 26, 61, 55, 27, 53, 30, 44, 7, 56, 28, 8, 42, 49, 64, 16, 10, 43, 11, 58, 18, 59, 1, 39, 62, 17, 33]
客户端数：50	时间：207.69532752037048	客户端：[45, 29, 21, 50, 20, 40, 2, 25, 47, 38, 60, 22, 24, 41, 26, 61, 55, 27, 53, 30, 44, 7, 56, 28, 8, 42, 49, 64, 16, 10, 43, 11, 58, 18, 59, 1, 39, 62, 17, 33, 34, 6, 9, 57, 35, 46, 36, 13, 51, 54]
客户端数：57	时间：270.1502175331116	客户端：[45, 29, 21, 50, 20, 40, 2, 25, 47, 38, 60, 22, 24, 41, 26, 61, 55, 27, 53, 30, 44, 7, 56, 28, 8, 42, 49, 64, 16, 10, 43, 11, 58, 18, 59, 1, 39, 62, 17, 33, 34, 6, 9, 57, 35, 46, 36, 13, 51, 54, 52, 23, 12, 63, 31, 37, 48]
BYTE
客户端数：0	字节数：0	客户端：[]
MAE：96254529.36410256
RMSE：96574265.15166786
finished iteration：2023-01-01 00:09:09.201383

Number of rounds 19
T1
客户端数：0	时间：0	客户端：[]
T2
客户端数：10	时间：0.0	客户端：[29, 45, 40, 21, 60, 2, 22, 23, 13, 20]
客户端数：20	时间：1.049041748046875e-05	客户端：[29, 45, 40, 21, 60, 2, 22, 23, 13, 20, 50, 53, 51, 52, 11, 24, 33, 30, 54, 36]
客户端数：30	时间：1.049041748046875e-05	客户端：[29, 45, 40, 21, 60, 2, 22, 23, 13, 20, 50, 53, 51, 52, 11, 24, 33, 30, 54, 36, 46, 49, 28, 6, 64, 16, 9, 42, 12, 44]
客户端数：40	时间：1.049041748046875e-05	客户端：[29, 45, 40, 21, 60, 2, 22, 23, 13, 20, 50, 53, 51, 52, 11, 24, 33, 30, 54, 36, 46, 49, 28, 6, 64, 16, 9, 42, 12, 44, 37, 35, 55, 27, 61, 56, 48, 43, 17, 31]
客户端数：50	时间：1.049041748046875e-05	客户端：[29, 45, 40, 21, 60, 2, 22, 23, 13, 20, 50, 53, 51, 52, 11, 24, 33, 30, 54, 36, 46, 49, 28, 6, 64, 16, 9, 42, 12, 44, 37, 35, 55, 27, 61, 56, 48, 43, 17, 31, 8, 62, 41, 26, 59, 10, 7, 47, 63, 58]
客户端数：57	时间：1.049041748046875e-05	客户端：[29, 45, 40, 21, 60, 2, 22, 23, 13, 20, 50, 53, 51, 52, 11, 24, 33, 30, 54, 36, 46, 49, 28, 6, 64, 16, 9, 42, 12, 44, 37, 35, 55, 27, 61, 56, 48, 43, 17, 31, 8, 62, 41, 26, 59, 10, 7, 47, 63, 58, 34, 57, 38, 1, 25, 18, 39]
T3
客户端数：10	时间：7.871333599090576	客户端：[29, 45, 40, 21, 60, 2, 22, 23, 13, 20]
客户端数：20	时间：32.9057137966156	客户端：[29, 45, 40, 21, 60, 2, 22, 23, 13, 20, 50, 53, 51, 52, 11, 24, 33, 30, 54, 36]
客户端数：30	时间：74.60677289962769	客户端：[29, 45, 40, 21, 60, 2, 22, 23, 13, 20, 50, 53, 51, 52, 11, 24, 33, 30, 54, 36, 46, 49, 28, 6, 64, 16, 9, 42, 12, 44]
客户端数：40	时间：132.34543752670288	客户端：[29, 45, 40, 21, 60, 2, 22, 23, 13, 20, 50, 53, 51, 52, 11, 24, 33, 30, 54, 36, 46, 49, 28, 6, 64, 16, 9, 42, 12, 44, 37, 35, 55, 27, 61, 56, 48, 43, 17, 31]
客户端数：50	时间：206.1584074497223	客户端：[29, 45, 40, 21, 60, 2, 22, 23, 13, 20, 50, 53, 51, 52, 11, 24, 33, 30, 54, 36, 46, 49, 28, 6, 64, 16, 9, 42, 12, 44, 37, 35, 55, 27, 61, 56, 48, 43, 17, 31, 8, 62, 41, 26, 59, 10, 7, 47, 63, 58]
客户端数：57	时间：268.02642035484314	客户端：[29, 45, 40, 21, 60, 2, 22, 23, 13, 20, 50, 53, 51, 52, 11, 24, 33, 30, 54, 36, 46, 49, 28, 6, 64, 16, 9, 42, 12, 44, 37, 35, 55, 27, 61, 56, 48, 43, 17, 31, 8, 62, 41, 26, 59, 10, 7, 47, 63, 58, 34, 57, 38, 1, 25, 18, 39]
BYTE
客户端数：0	字节数：0	客户端：[]
MAE：95764080.25641026
RMSE：95885444.31092586
finished iteration：2023-01-01 00:09:40.592804

Number of rounds 20
T1
客户端数：0	时间：0	客户端：[]
T2
客户端数：10	时间：0.0009593963623046875	客户端：[29, 2, 40, 60, 47, 38, 54, 23, 43, 51]
客户端数：20	时间：0.0009593963623046875	客户端：[29, 2, 40, 60, 47, 38, 54, 23, 43, 51, 44, 53, 11, 26, 27, 22, 52, 61, 33, 30]
客户端数：30	时间：0.001958131790161133	客户端：[29, 2, 40, 60, 47, 38, 54, 23, 43, 51, 44, 53, 11, 26, 27, 22, 52, 61, 33, 30, 45, 56, 55, 37, 46, 9, 39, 50, 49, 36]
客户端数：40	时间：0.001958131790161133	客户端：[29, 2, 40, 60, 47, 38, 54, 23, 43, 51, 44, 53, 11, 26, 27, 22, 52, 61, 33, 30, 45, 56, 55, 37, 46, 9, 39, 50, 49, 36, 1, 8, 34, 48, 59, 57, 7, 28, 16, 41]
客户端数：50	时间：0.001958131790161133	客户端：[29, 2, 40, 60, 47, 38, 54, 23, 43, 51, 44, 53, 11, 26, 27, 22, 52, 61, 33, 30, 45, 56, 55, 37, 46, 9, 39, 50, 49, 36, 1, 8, 34, 48, 59, 57, 7, 28, 16, 41, 63, 31, 64, 58, 17, 13, 42, 24, 18, 25]
客户端数：57	时间：0.001958131790161133	客户端：[29, 2, 40, 60, 47, 38, 54, 23, 43, 51, 44, 53, 11, 26, 27, 22, 52, 61, 33, 30, 45, 56, 55, 37, 46, 9, 39, 50, 49, 36, 1, 8, 34, 48, 59, 57, 7, 28, 16, 41, 63, 31, 64, 58, 17, 13, 42, 24, 18, 25, 21, 35, 62, 10, 12, 6, 20]
T3
客户端数：10	时间：7.620039224624634	客户端：[29, 2, 40, 60, 47, 38, 54, 23, 43, 51]
客户端数：20	时间：32.239718198776245	客户端：[29, 2, 40, 60, 47, 38, 54, 23, 43, 51, 44, 53, 11, 26, 27, 22, 52, 61, 33, 30]
客户端数：30	时间：74.86379671096802	客户端：[29, 2, 40, 60, 47, 38, 54, 23, 43, 51, 44, 53, 11, 26, 27, 22, 52, 61, 33, 30, 45, 56, 55, 37, 46, 9, 39, 50, 49, 36]
客户端数：40	时间：134.59402012825012	客户端：[29, 2, 40, 60, 47, 38, 54, 23, 43, 51, 44, 53, 11, 26, 27, 22, 52, 61, 33, 30, 45, 56, 55, 37, 46, 9, 39, 50, 49, 36, 1, 8, 34, 48, 59, 57, 7, 28, 16, 41]
客户端数：50	时间：210.9299066066742	客户端：[29, 2, 40, 60, 47, 38, 54, 23, 43, 51, 44, 53, 11, 26, 27, 22, 52, 61, 33, 30, 45, 56, 55, 37, 46, 9, 39, 50, 49, 36, 1, 8, 34, 48, 59, 57, 7, 28, 16, 41, 63, 31, 64, 58, 17, 13, 42, 24, 18, 25]
客户端数：57	时间：274.53732419013977	客户端：[29, 2, 40, 60, 47, 38, 54, 23, 43, 51, 44, 53, 11, 26, 27, 22, 52, 61, 33, 30, 45, 56, 55, 37, 46, 9, 39, 50, 49, 36, 1, 8, 34, 48, 59, 57, 7, 28, 16, 41, 63, 31, 64, 58, 17, 13, 42, 24, 18, 25, 21, 35, 62, 10, 12, 6, 20]
BYTE
客户端数：0	字节数：0	客户端：[]
MAE：96399538.96410257
RMSE：97009524.09522985
finished iteration：2023-01-01 00:10:12.115883

Number of rounds 21
T1
客户端数：0	时间：0	客户端：[]
T2
客户端数：10	时间：0.0	客户端：[29, 2, 20, 47, 38, 54, 24, 50, 13, 43]
客户端数：20	时间：0.0	客户端：[29, 2, 20, 47, 38, 54, 24, 50, 13, 43, 22, 61, 27, 60, 56, 7, 28, 55, 58, 51]
客户端数：30	时间：0.0	客户端：[29, 2, 20, 47, 38, 54, 24, 50, 13, 43, 22, 61, 27, 60, 56, 7, 28, 55, 58, 51, 6, 45, 8, 9, 64, 35, 16, 30, 1, 62]
客户端数：40	时间：0.0	客户端：[29, 2, 20, 47, 38, 54, 24, 50, 13, 43, 22, 61, 27, 60, 56, 7, 28, 55, 58, 51, 6, 45, 8, 9, 64, 35, 16, 30, 1, 62, 48, 18, 34, 42, 63, 31, 59, 57, 53, 36]
客户端数：50	时间：0.0	客户端：[29, 2, 20, 47, 38, 54, 24, 50, 13, 43, 22, 61, 27, 60, 56, 7, 28, 55, 58, 51, 6, 45, 8, 9, 64, 35, 16, 30, 1, 62, 48, 18, 34, 42, 63, 31, 59, 57, 53, 36, 52, 46, 37, 26, 10, 11, 12, 21, 49, 39]
客户端数：57	时间：0.0	客户端：[29, 2, 20, 47, 38, 54, 24, 50, 13, 43, 22, 61, 27, 60, 56, 7, 28, 55, 58, 51, 6, 45, 8, 9, 64, 35, 16, 30, 1, 62, 48, 18, 34, 42, 63, 31, 59, 57, 53, 36, 52, 46, 37, 26, 10, 11, 12, 21, 49, 39, 33, 44, 25, 40, 23, 17, 41]
T3
客户端数：10	时间：7.524522542953491	客户端：[29, 2, 20, 47, 38, 54, 24, 50, 13, 43]
客户端数：20	时间：31.97978901863098	客户端：[29, 2, 20, 47, 38, 54, 24, 50, 13, 43, 22, 61, 27, 60, 56, 7, 28, 55, 58, 51]
客户端数：30	时间：73.21819829940796	客户端：[29, 2, 20, 47, 38, 54, 24, 50, 13, 43, 22, 61, 27, 60, 56, 7, 28, 55, 58, 51, 6, 45, 8, 9, 64, 35, 16, 30, 1, 62]
客户端数：40	时间：131.4910488128662	客户端：[29, 2, 20, 47, 38, 54, 24, 50, 13, 43, 22, 61, 27, 60, 56, 7, 28, 55, 58, 51, 6, 45, 8, 9, 64, 35, 16, 30, 1, 62, 48, 18, 34, 42, 63, 31, 59, 57, 53, 36]
客户端数：50	时间：206.89442777633667	客户端：[29, 2, 20, 47, 38, 54, 24, 50, 13, 43, 22, 61, 27, 60, 56, 7, 28, 55, 58, 51, 6, 45, 8, 9, 64, 35, 16, 30, 1, 62, 48, 18, 34, 42, 63, 31, 59, 57, 53, 36, 52, 46, 37, 26, 10, 11, 12, 21, 49, 39]
客户端数：57	时间：269.659508228302	客户端：[29, 2, 20, 47, 38, 54, 24, 50, 13, 43, 22, 61, 27, 60, 56, 7, 28, 55, 58, 51, 6, 45, 8, 9, 64, 35, 16, 30, 1, 62, 48, 18, 34, 42, 63, 31, 59, 57, 53, 36, 52, 46, 37, 26, 10, 11, 12, 21, 49, 39, 33, 44, 25, 40, 23, 17, 41]
BYTE
客户端数：0	字节数：0	客户端：[]
MAE：86903387.82564102
RMSE：87077659.85173003
finished iteration：2023-01-01 00:10:43.424698

Number of rounds 22
T1
客户端数：0	时间：0	客户端：[]
T2
客户端数：10	时间：0.0009987354278564453	客户端：[29, 50, 20, 60, 22, 54, 24, 38, 40, 45]
客户端数：20	时间：0.0009987354278564453	客户端：[29, 50, 20, 60, 22, 54, 24, 38, 40, 45, 44, 27, 13, 55, 2, 33, 51, 26, 36, 28]
客户端数：30	时间：0.0009987354278564453	客户端：[29, 50, 20, 60, 22, 54, 24, 38, 40, 45, 44, 27, 13, 55, 2, 33, 51, 26, 36, 28, 6, 21, 41, 42, 23, 9, 64, 16, 58, 37]
客户端数：40	时间：0.0009987354278564453	客户端：[29, 50, 20, 60, 22, 54, 24, 38, 40, 45, 44, 27, 13, 55, 2, 33, 51, 26, 36, 28, 6, 21, 41, 42, 23, 9, 64, 16, 58, 37, 31, 61, 17, 59, 57, 63, 53, 48, 39, 12]
客户端数：50	时间：0.0009987354278564453	客户端：[29, 50, 20, 60, 22, 54, 24, 38, 40, 45, 44, 27, 13, 55, 2, 33, 51, 26, 36, 28, 6, 21, 41, 42, 23, 9, 64, 16, 58, 37, 31, 61, 17, 59, 57, 63, 53, 48, 39, 12, 52, 7, 8, 62, 47, 34, 1, 35, 56, 25]
客户端数：57	时间：0.0009987354278564453	客户端：[29, 50, 20, 60, 22, 54, 24, 38, 40, 45, 44, 27, 13, 55, 2, 33, 51, 26, 36, 28, 6, 21, 41, 42, 23, 9, 64, 16, 58, 37, 31, 61, 17, 59, 57, 63, 53, 48, 39, 12, 52, 7, 8, 62, 47, 34, 1, 35, 56, 25, 49, 10, 43, 11, 46, 18, 30]
T3
客户端数：10	时间：7.670311212539673	客户端：[29, 50, 20, 60, 22, 54, 24, 38, 40, 45]
客户端数：20	时间：31.697425365447998	客户端：[29, 50, 20, 60, 22, 54, 24, 38, 40, 45, 44, 27, 13, 55, 2, 33, 51, 26, 36, 28]
客户端数：30	时间：71.94186806678772	客户端：[29, 50, 20, 60, 22, 54, 24, 38, 40, 45, 44, 27, 13, 55, 2, 33, 51, 26, 36, 28, 6, 21, 41, 42, 23, 9, 64, 16, 58, 37]
客户端数：40	时间：129.04157066345215	客户端：[29, 50, 20, 60, 22, 54, 24, 38, 40, 45, 44, 27, 13, 55, 2, 33, 51, 26, 36, 28, 6, 21, 41, 42, 23, 9, 64, 16, 58, 37, 31, 61, 17, 59, 57, 63, 53, 48, 39, 12]
客户端数：50	时间：202.33725261688232	客户端：[29, 50, 20, 60, 22, 54, 24, 38, 40, 45, 44, 27, 13, 55, 2, 33, 51, 26, 36, 28, 6, 21, 41, 42, 23, 9, 64, 16, 58, 37, 31, 61, 17, 59, 57, 63, 53, 48, 39, 12, 52, 7, 8, 62, 47, 34, 1, 35, 56, 25]
客户端数：57	时间：263.5319724082947	客户端：[29, 50, 20, 60, 22, 54, 24, 38, 40, 45, 44, 27, 13, 55, 2, 33, 51, 26, 36, 28, 6, 21, 41, 42, 23, 9, 64, 16, 58, 37, 31, 61, 17, 59, 57, 63, 53, 48, 39, 12, 52, 7, 8, 62, 47, 34, 1, 35, 56, 25, 49, 10, 43, 11, 46, 18, 30]
BYTE
客户端数：0	字节数：0	客户端：[]
MAE：92528556.03076923
RMSE：92592327.68431576
finished iteration：2023-01-01 00:11:14.985725

Number of rounds 23
T1
客户端数：0	时间：0	客户端：[]
T2
客户端数：10	时间：0.0	客户端：[45, 21, 20, 38, 47, 22, 25, 60, 24, 54]
客户端数：20	时间：0.0	客户端：[45, 21, 20, 38, 47, 22, 25, 60, 24, 54, 23, 41, 44, 51, 61, 26, 55, 33, 8, 30]
客户端数：30	时间：0.0009968280792236328	客户端：[45, 21, 20, 38, 47, 22, 25, 60, 24, 54, 23, 41, 44, 51, 61, 26, 55, 33, 8, 30, 28, 49, 42, 10, 53, 64, 36, 52, 7, 13]
客户端数：40	时间：0.0019941329956054688	客户端：[45, 21, 20, 38, 47, 22, 25, 60, 24, 54, 23, 41, 44, 51, 61, 26, 55, 33, 8, 30, 28, 49, 42, 10, 53, 64, 36, 52, 7, 13, 12, 56, 1, 39, 40, 6, 62, 48, 34, 57]
客户端数：50	时间：0.0019941329956054688	客户端：[45, 21, 20, 38, 47, 22, 25, 60, 24, 54, 23, 41, 44, 51, 61, 26, 55, 33, 8, 30, 28, 49, 42, 10, 53, 64, 36, 52, 7, 13, 12, 56, 1, 39, 40, 6, 62, 48, 34, 57, 63, 35, 9, 43, 29, 27, 37, 16, 50, 18]
客户端数：56	时间：0.0019941329956054688	客户端：[45, 21, 20, 38, 47, 22, 25, 60, 24, 54, 23, 41, 44, 51, 61, 26, 55, 33, 8, 30, 28, 49, 42, 10, 53, 64, 36, 52, 7, 13, 12, 56, 1, 39, 40, 6, 62, 48, 34, 57, 63, 35, 9, 43, 29, 27, 37, 16, 50, 18, 58, 59, 46, 31, 11, 2]
T3
客户端数：10	时间：7.6377480030059814	客户端：[45, 21, 20, 38, 47, 22, 25, 60, 24, 54]
客户端数：20	时间：31.71467113494873	客户端：[45, 21, 20, 38, 47, 22, 25, 60, 24, 54, 23, 41, 44, 51, 61, 26, 55, 33, 8, 30]
客户端数：30	时间：71.79651069641113	客户端：[45, 21, 20, 38, 47, 22, 25, 60, 24, 54, 23, 41, 44, 51, 61, 26, 55, 33, 8, 30, 28, 49, 42, 10, 53, 64, 36, 52, 7, 13]
客户端数：40	时间：128.35959553718567	客户端：[45, 21, 20, 38, 47, 22, 25, 60, 24, 54, 23, 41, 44, 51, 61, 26, 55, 33, 8, 30, 28, 49, 42, 10, 53, 64, 36, 52, 7, 13, 12, 56, 1, 39, 40, 6, 62, 48, 34, 57]
客户端数：50	时间：201.5847315788269	客户端：[45, 21, 20, 38, 47, 22, 25, 60, 24, 54, 23, 41, 44, 51, 61, 26, 55, 33, 8, 30, 28, 49, 42, 10, 53, 64, 36, 52, 7, 13, 12, 56, 1, 39, 40, 6, 62, 48, 34, 57, 63, 35, 9, 43, 29, 27, 37, 16, 50, 18]
客户端数：56	时间：253.62768936157227	客户端：[45, 21, 20, 38, 47, 22, 25, 60, 24, 54, 23, 41, 44, 51, 61, 26, 55, 33, 8, 30, 28, 49, 42, 10, 53, 64, 36, 52, 7, 13, 12, 56, 1, 39, 40, 6, 62, 48, 34, 57, 63, 35, 9, 43, 29, 27, 37, 16, 50, 18, 58, 59, 46, 31, 11, 2]
BYTE
客户端数：0	字节数：0	客户端：[]
MAE：97160218.55384615
RMSE：97753299.72981744
finished iteration：2023-01-01 00:11:46.499554

Number of rounds 24
T1
客户端数：0	时间：0	客户端：[]
T2
客户端数：10	时间：0.000997304916381836	客户端：[29, 60, 50, 40, 25, 2, 38, 23, 44, 11]
客户端数：20	时间：0.000997304916381836	客户端：[29, 60, 50, 40, 25, 2, 38, 23, 44, 11, 20, 33, 30, 51, 27, 55, 53, 52, 7, 56]
客户端数：30	时间：0.000997304916381836	客户端：[29, 60, 50, 40, 25, 2, 38, 23, 44, 11, 20, 33, 30, 51, 27, 55, 53, 52, 7, 56, 42, 37, 26, 10, 8, 12, 24, 39, 18, 13]
客户端数：40	时间：0.000997304916381836	客户端：[29, 60, 50, 40, 25, 2, 38, 23, 44, 11, 20, 33, 30, 51, 27, 55, 53, 52, 7, 56, 42, 37, 26, 10, 8, 12, 24, 39, 18, 13, 16, 62, 35, 34, 31, 59, 63, 45, 21, 57]
客户端数：50	时间：0.000997304916381836	客户端：[29, 60, 50, 40, 25, 2, 38, 23, 44, 11, 20, 33, 30, 51, 27, 55, 53, 52, 7, 56, 42, 37, 26, 10, 8, 12, 24, 39, 18, 13, 16, 62, 35, 34, 31, 59, 63, 45, 21, 57, 22, 6, 49, 47, 48, 58, 61, 41, 46, 9]
客户端数：57	时间：0.000997304916381836	客户端：[29, 60, 50, 40, 25, 2, 38, 23, 44, 11, 20, 33, 30, 51, 27, 55, 53, 52, 7, 56, 42, 37, 26, 10, 8, 12, 24, 39, 18, 13, 16, 62, 35, 34, 31, 59, 63, 45, 21, 57, 22, 6, 49, 47, 48, 58, 61, 41, 46, 9, 64, 1, 36, 54, 28, 43, 17]
T3
客户端数：10	时间：7.595364332199097	客户端：[29, 60, 50, 40, 25, 2, 38, 23, 44, 11]
客户端数：20	时间：31.945390462875366	客户端：[29, 60, 50, 40, 25, 2, 38, 23, 44, 11, 20, 33, 30, 51, 27, 55, 53, 52, 7, 56]
客户端数：30	时间：72.80812168121338	客户端：[29, 60, 50, 40, 25, 2, 38, 23, 44, 11, 20, 33, 30, 51, 27, 55, 53, 52, 7, 56, 42, 37, 26, 10, 8, 12, 24, 39, 18, 13]
客户端数：40	时间：129.93690633773804	客户端：[29, 60, 50, 40, 25, 2, 38, 23, 44, 11, 20, 33, 30, 51, 27, 55, 53, 52, 7, 56, 42, 37, 26, 10, 8, 12, 24, 39, 18, 13, 16, 62, 35, 34, 31, 59, 63, 45, 21, 57]
客户端数：50	时间：203.6213562488556	客户端：[29, 60, 50, 40, 25, 2, 38, 23, 44, 11, 20, 33, 30, 51, 27, 55, 53, 52, 7, 56, 42, 37, 26, 10, 8, 12, 24, 39, 18, 13, 16, 62, 35, 34, 31, 59, 63, 45, 21, 57, 22, 6, 49, 47, 48, 58, 61, 41, 46, 9]
客户端数：57	时间：283.3523211479187	客户端：[29, 60, 50, 40, 25, 2, 38, 23, 44, 11, 20, 33, 30, 51, 27, 55, 53, 52, 7, 56, 42, 37, 26, 10, 8, 12, 24, 39, 18, 13, 16, 62, 35, 34, 31, 59, 63, 45, 21, 57, 22, 6, 49, 47, 48, 58, 61, 41, 46, 9, 64, 1, 36, 54, 28, 43, 17]
BYTE
客户端数：0	字节数：0	客户端：[]
MAE：94093803.82564102
RMSE：94499524.87332715
finished iteration：2023-01-01 00:12:18.036514

Number of rounds 25
T1
客户端数：0	时间：0	客户端：[]
T2
客户端数：10	时间：0.0	客户端：[45, 21, 2, 50, 29, 25, 20, 60, 24, 22]
客户端数：20	时间：0.0009984970092773438	客户端：[45, 21, 2, 50, 29, 25, 20, 60, 24, 22, 23, 54, 41, 44, 61, 52, 53, 27, 51, 30]
客户端数：30	时间：0.0009984970092773438	客户端：[45, 21, 2, 50, 29, 25, 20, 60, 24, 22, 23, 54, 41, 44, 61, 52, 53, 27, 51, 30, 55, 7, 26, 47, 28, 56, 33, 58, 8, 36]
客户端数：40	时间：0.0009984970092773438	客户端：[45, 21, 2, 50, 29, 25, 20, 60, 24, 22, 23, 54, 41, 44, 61, 52, 53, 27, 51, 30, 55, 7, 26, 47, 28, 56, 33, 58, 8, 36, 6, 42, 11, 9, 64, 49, 12, 1, 48, 34]
客户端数：50	时间：0.0009984970092773438	客户端：[45, 21, 2, 50, 29, 25, 20, 60, 24, 22, 23, 54, 41, 44, 61, 52, 53, 27, 51, 30, 55, 7, 26, 47, 28, 56, 33, 58, 8, 36, 6, 42, 11, 9, 64, 49, 12, 1, 48, 34, 16, 46, 40, 39, 63, 43, 31, 37, 13, 59]
客户端数：56	时间：0.0009984970092773438	客户端：[45, 21, 2, 50, 29, 25, 20, 60, 24, 22, 23, 54, 41, 44, 61, 52, 53, 27, 51, 30, 55, 7, 26, 47, 28, 56, 33, 58, 8, 36, 6, 42, 11, 9, 64, 49, 12, 1, 48, 34, 16, 46, 40, 39, 63, 43, 31, 37, 13, 59, 18, 57, 10, 35, 38, 62]
T3
客户端数：10	时间：7.641576290130615	客户端：[45, 21, 2, 50, 29, 25, 20, 60, 24, 22]
客户端数：20	时间：31.856003999710083	客户端：[45, 21, 2, 50, 29, 25, 20, 60, 24, 22, 23, 54, 41, 44, 61, 52, 53, 27, 51, 30]
客户端数：30	时间：72.5058581829071	客户端：[45, 21, 2, 50, 29, 25, 20, 60, 24, 22, 23, 54, 41, 44, 61, 52, 53, 27, 51, 30, 55, 7, 26, 47, 28, 56, 33, 58, 8, 36]
客户端数：40	时间：130.13505029678345	客户端：[45, 21, 2, 50, 29, 25, 20, 60, 24, 22, 23, 54, 41, 44, 61, 52, 53, 27, 51, 30, 55, 7, 26, 47, 28, 56, 33, 58, 8, 36, 6, 42, 11, 9, 64, 49, 12, 1, 48, 34]
客户端数：50	时间：204.24412155151367	客户端：[45, 21, 2, 50, 29, 25, 20, 60, 24, 22, 23, 54, 41, 44, 61, 52, 53, 27, 51, 30, 55, 7, 26, 47, 28, 56, 33, 58, 8, 36, 6, 42, 11, 9, 64, 49, 12, 1, 48, 34, 16, 46, 40, 39, 63, 43, 31, 37, 13, 59]
客户端数：56	时间：256.8092484474182	客户端：[45, 21, 2, 50, 29, 25, 20, 60, 24, 22, 23, 54, 41, 44, 61, 52, 53, 27, 51, 30, 55, 7, 26, 47, 28, 56, 33, 58, 8, 36, 6, 42, 11, 9, 64, 49, 12, 1, 48, 34, 16, 46, 40, 39, 63, 43, 31, 37, 13, 59, 18, 57, 10, 35, 38, 62]
BYTE
客户端数：0	字节数：0	客户端：[]
MAE：81688684.68717949
RMSE：82651917.19876538
finished iteration：2023-01-01 00:12:49.694471

Number of rounds 26
T1
客户端数：0	时间：0	客户端：[]
T2
客户端数：10	时间：0.0	客户端：[2, 20, 29, 45, 38, 54, 24, 25, 50, 22]
客户端数：20	时间：0.0	客户端：[2, 20, 29, 45, 38, 54, 24, 25, 50, 22, 61, 40, 47, 43, 13, 52, 36, 46, 49, 6]
客户端数：30	时间：0.0	客户端：[2, 20, 29, 45, 38, 54, 24, 25, 50, 22, 61, 40, 47, 43, 13, 52, 36, 46, 49, 6, 37, 7, 12, 9, 48, 10, 30, 18, 26, 57]
客户端数：40	时间：0.0	客户端：[2, 20, 29, 45, 38, 54, 24, 25, 50, 22, 61, 40, 47, 43, 13, 52, 36, 46, 49, 6, 37, 7, 12, 9, 48, 10, 30, 18, 26, 57, 55, 64, 8, 34, 33, 28, 31, 11, 59, 42]
客户端数：50	时间：0.0	客户端：[2, 20, 29, 45, 38, 54, 24, 25, 50, 22, 61, 40, 47, 43, 13, 52, 36, 46, 49, 6, 37, 7, 12, 9, 48, 10, 30, 18, 26, 57, 55, 64, 8, 34, 33, 28, 31, 11, 59, 42, 53, 44, 60, 41, 58, 63, 51, 21, 23, 35]
客户端数：55	时间：0.0	客户端：[2, 20, 29, 45, 38, 54, 24, 25, 50, 22, 61, 40, 47, 43, 13, 52, 36, 46, 49, 6, 37, 7, 12, 9, 48, 10, 30, 18, 26, 57, 55, 64, 8, 34, 33, 28, 31, 11, 59, 42, 53, 44, 60, 41, 58, 63, 51, 21, 23, 35, 56, 39, 16, 1, 27]
T3
客户端数：10	时间：8.097225427627563	客户端：[2, 20, 29, 45, 38, 54, 24, 25, 50, 22]
客户端数：20	时间：33.08096694946289	客户端：[2, 20, 29, 45, 38, 54, 24, 25, 50, 22, 61, 40, 47, 43, 13, 52, 36, 46, 49, 6]
客户端数：30	时间：74.579669713974	客户端：[2, 20, 29, 45, 38, 54, 24, 25, 50, 22, 61, 40, 47, 43, 13, 52, 36, 46, 49, 6, 37, 7, 12, 9, 48, 10, 30, 18, 26, 57]
客户端数：40	时间：132.89545035362244	客户端：[2, 20, 29, 45, 38, 54, 24, 25, 50, 22, 61, 40, 47, 43, 13, 52, 36, 46, 49, 6, 37, 7, 12, 9, 48, 10, 30, 18, 26, 57, 55, 64, 8, 34, 33, 28, 31, 11, 59, 42]
客户端数：50	时间：207.6997151374817	客户端：[2, 20, 29, 45, 38, 54, 24, 25, 50, 22, 61, 40, 47, 43, 13, 52, 36, 46, 49, 6, 37, 7, 12, 9, 48, 10, 30, 18, 26, 57, 55, 64, 8, 34, 33, 28, 31, 11, 59, 42, 53, 44, 60, 41, 58, 63, 51, 21, 23, 35]
客户端数：55	时间：251.412944316864	客户端：[2, 20, 29, 45, 38, 54, 24, 25, 50, 22, 61, 40, 47, 43, 13, 52, 36, 46, 49, 6, 37, 7, 12, 9, 48, 10, 30, 18, 26, 57, 55, 64, 8, 34, 33, 28, 31, 11, 59, 42, 53, 44, 60, 41, 58, 63, 51, 21, 23, 35, 56, 39, 16, 1, 27]
BYTE
客户端数：0	字节数：0	客户端：[]
MAE：89580463.72307692
RMSE：89583284.27502067
finished iteration：2023-01-01 00:13:21.288472

Number of rounds 27
T1
客户端数：0	时间：0	客户端：[]
T2
客户端数：10	时间：0.0	客户端：[29, 45, 2, 20, 40, 38, 22, 24, 50, 23]
客户端数：20	时间：0.0	客户端：[29, 45, 2, 20, 40, 38, 22, 24, 50, 23, 41, 54, 13, 53, 25, 26, 61, 33, 55, 28]
客户端数：30	时间：0.0	客户端：[29, 45, 2, 20, 40, 38, 22, 24, 50, 23, 41, 54, 13, 53, 25, 26, 61, 33, 55, 28, 56, 6, 58, 49, 46, 42, 27, 7, 11, 9]
客户端数：40	时间：0.0	客户端：[29, 45, 2, 20, 40, 38, 22, 24, 50, 23, 41, 54, 13, 53, 25, 26, 61, 33, 55, 28, 56, 6, 58, 49, 46, 42, 27, 7, 11, 9, 43, 39, 57, 12, 48, 59, 34, 31, 63, 64]
客户端数：50	时间：0.0	客户端：[29, 45, 2, 20, 40, 38, 22, 24, 50, 23, 41, 54, 13, 53, 25, 26, 61, 33, 55, 28, 56, 6, 58, 49, 46, 42, 27, 7, 11, 9, 43, 39, 57, 12, 48, 59, 34, 31, 63, 64, 18, 21, 36, 44, 60, 10, 37, 8, 35, 51]
客户端数：54	时间：0.0	客户端：[29, 45, 2, 20, 40, 38, 22, 24, 50, 23, 41, 54, 13, 53, 25, 26, 61, 33, 55, 28, 56, 6, 58, 49, 46, 42, 27, 7, 11, 9, 43, 39, 57, 12, 48, 59, 34, 31, 63, 64, 18, 21, 36, 44, 60, 10, 37, 8, 35, 51, 52, 1, 47, 30]
T3
客户端数：10	时间：7.627180337905884	客户端：[29, 45, 2, 20, 40, 38, 22, 24, 50, 23]
客户端数：20	时间：31.91561222076416	客户端：[29, 45, 2, 20, 40, 38, 22, 24, 50, 23, 41, 54, 13, 53, 25, 26, 61, 33, 55, 28]
客户端数：30	时间：72.85083436965942	客户端：[29, 45, 2, 20, 40, 38, 22, 24, 50, 23, 41, 54, 13, 53, 25, 26, 61, 33, 55, 28, 56, 6, 58, 49, 46, 42, 27, 7, 11, 9]
客户端数：40	时间：130.88995051383972	客户端：[29, 45, 2, 20, 40, 38, 22, 24, 50, 23, 41, 54, 13, 53, 25, 26, 61, 33, 55, 28, 56, 6, 58, 49, 46, 42, 27, 7, 11, 9, 43, 39, 57, 12, 48, 59, 34, 31, 63, 64]
客户端数：50	时间：205.8420855998993	客户端：[29, 45, 2, 20, 40, 38, 22, 24, 50, 23, 41, 54, 13, 53, 25, 26, 61, 33, 55, 28, 56, 6, 58, 49, 46, 42, 27, 7, 11, 9, 43, 39, 57, 12, 48, 59, 34, 31, 63, 64, 18, 21, 36, 44, 60, 10, 37, 8, 35, 51]
客户端数：54	时间：240.4722602367401	客户端：[29, 45, 2, 20, 40, 38, 22, 24, 50, 23, 41, 54, 13, 53, 25, 26, 61, 33, 55, 28, 56, 6, 58, 49, 46, 42, 27, 7, 11, 9, 43, 39, 57, 12, 48, 59, 34, 31, 63, 64, 18, 21, 36, 44, 60, 10, 37, 8, 35, 51, 52, 1, 47, 30]
BYTE
客户端数：0	字节数：0	客户端：[]
MAE：92375030.57435897
RMSE：92598913.72127604
finished iteration：2023-01-01 00:13:52.897887

Number of rounds 28
T1
客户端数：0	时间：0	客户端：[]
T2
客户端数：10	时间：0.0	客户端：[16, 45, 50, 40, 47, 38, 24, 43, 52, 61]
客户端数：20	时间：0.0	客户端：[16, 45, 50, 40, 47, 38, 24, 43, 52, 61, 13, 26, 21, 55, 22, 27, 11, 29, 7, 36]
客户端数：30	时间：0.0	客户端：[16, 45, 50, 40, 47, 38, 24, 43, 52, 61, 13, 26, 21, 55, 22, 27, 11, 29, 7, 36, 60, 42, 9, 37, 46, 10, 12, 28, 49, 25]
客户端数：40	时间：0.0	客户端：[16, 45, 50, 40, 47, 38, 24, 43, 52, 61, 13, 26, 21, 55, 22, 27, 11, 29, 7, 36, 60, 42, 9, 37, 46, 10, 12, 28, 49, 25, 33, 20, 1, 30, 39, 48, 35, 64, 53, 57]
客户端数：50	时间：0.0	客户端：[16, 45, 50, 40, 47, 38, 24, 43, 52, 61, 13, 26, 21, 55, 22, 27, 11, 29, 7, 36, 60, 42, 9, 37, 46, 10, 12, 28, 49, 25, 33, 20, 1, 30, 39, 48, 35, 64, 53, 57, 54, 2, 8, 58, 6, 51, 34, 59, 31, 56]
客户端数：55	时间：0.0	客户端：[16, 45, 50, 40, 47, 38, 24, 43, 52, 61, 13, 26, 21, 55, 22, 27, 11, 29, 7, 36, 60, 42, 9, 37, 46, 10, 12, 28, 49, 25, 33, 20, 1, 30, 39, 48, 35, 64, 53, 57, 54, 2, 8, 58, 6, 51, 34, 59, 31, 56, 63, 18, 41, 23, 44]
T3
客户端数：10	时间：19.203383922576904	客户端：[16, 45, 50, 40, 47, 38, 24, 43, 52, 61]
客户端数：20	时间：42.53774356842041	客户端：[16, 45, 50, 40, 47, 38, 24, 43, 52, 61, 13, 26, 21, 55, 22, 27, 11, 29, 7, 36]
客户端数：30	时间：83.02162432670593	客户端：[16, 45, 50, 40, 47, 38, 24, 43, 52, 61, 13, 26, 21, 55, 22, 27, 11, 29, 7, 36, 60, 42, 9, 37, 46, 10, 12, 28, 49, 25]
客户端数：40	时间：139.28453063964844	客户端：[16, 45, 50, 40, 47, 38, 24, 43, 52, 61, 13, 26, 21, 55, 22, 27, 11, 29, 7, 36, 60, 42, 9, 37, 46, 10, 12, 28, 49, 25, 33, 20, 1, 30, 39, 48, 35, 64, 53, 57]
客户端数：50	时间：211.73904871940613	客户端：[16, 45, 50, 40, 47, 38, 24, 43, 52, 61, 13, 26, 21, 55, 22, 27, 11, 29, 7, 36, 60, 42, 9, 37, 46, 10, 12, 28, 49, 25, 33, 20, 1, 30, 39, 48, 35, 64, 53, 57, 54, 2, 8, 58, 6, 51, 34, 59, 31, 56]
客户端数：55	时间：254.0820837020874	客户端：[16, 45, 50, 40, 47, 38, 24, 43, 52, 61, 13, 26, 21, 55, 22, 27, 11, 29, 7, 36, 60, 42, 9, 37, 46, 10, 12, 28, 49, 25, 33, 20, 1, 30, 39, 48, 35, 64, 53, 57, 54, 2, 8, 58, 6, 51, 34, 59, 31, 56, 63, 18, 41, 23, 44]
BYTE
客户端数：0	字节数：0	客户端：[]
MAE：95572168.33846153
RMSE：96013723.77422604
finished iteration：2023-01-01 00:14:24.614004

Number of rounds 29
T1
客户端数：0	时间：0	客户端：[]
T2
客户端数：10	时间：0.000997304916381836	客户端：[45, 60, 22, 54, 47, 20, 21, 50, 52, 41]
客户端数：20	时间：0.000997304916381836	客户端：[45, 60, 22, 54, 47, 20, 21, 50, 52, 41, 43, 44, 23, 26, 56, 11, 30, 40, 46, 64]
客户端数：30	时间：0.000997304916381836	客户端：[45, 60, 22, 54, 47, 20, 21, 50, 52, 41, 43, 44, 23, 26, 56, 11, 30, 40, 46, 64, 9, 12, 7, 28, 39, 37, 59, 35, 51, 49]
客户端数：40	时间：0.000997304916381836	客户端：[45, 60, 22, 54, 47, 20, 21, 50, 52, 41, 43, 44, 23, 26, 56, 11, 30, 40, 46, 64, 9, 12, 7, 28, 39, 37, 59, 35, 51, 49, 24, 18, 63, 48, 61, 57, 2, 34, 13, 33]
客户端数：50	时间：0.000997304916381836	客户端：[45, 60, 22, 54, 47, 20, 21, 50, 52, 41, 43, 44, 23, 26, 56, 11, 30, 40, 46, 64, 9, 12, 7, 28, 39, 37, 59, 35, 51, 49, 24, 18, 63, 48, 61, 57, 2, 34, 13, 33, 29, 53, 36, 58, 6, 42, 55, 25, 38, 8]
客户端数：54	时间：0.000997304916381836	客户端：[45, 60, 22, 54, 47, 20, 21, 50, 52, 41, 43, 44, 23, 26, 56, 11, 30, 40, 46, 64, 9, 12, 7, 28, 39, 37, 59, 35, 51, 49, 24, 18, 63, 48, 61, 57, 2, 34, 13, 33, 29, 53, 36, 58, 6, 42, 55, 25, 38, 8, 27, 10, 1, 31]
T3
客户端数：10	时间：7.453182935714722	客户端：[45, 60, 22, 54, 47, 20, 21, 50, 52, 41]
客户端数：20	时间：31.23000979423523	客户端：[45, 60, 22, 54, 47, 20, 21, 50, 52, 41, 43, 44, 23, 26, 56, 11, 30, 40, 46, 64]
客户端数：30	时间：71.4010443687439	客户端：[45, 60, 22, 54, 47, 20, 21, 50, 52, 41, 43, 44, 23, 26, 56, 11, 30, 40, 46, 64, 9, 12, 7, 28, 39, 37, 59, 35, 51, 49]
客户端数：40	时间：128.06408381462097	客户端：[45, 60, 22, 54, 47, 20, 21, 50, 52, 41, 43, 44, 23, 26, 56, 11, 30, 40, 46, 64, 9, 12, 7, 28, 39, 37, 59, 35, 51, 49, 24, 18, 63, 48, 61, 57, 2, 34, 13, 33]
客户端数：50	时间：201.16607761383057	客户端：[45, 60, 22, 54, 47, 20, 21, 50, 52, 41, 43, 44, 23, 26, 56, 11, 30, 40, 46, 64, 9, 12, 7, 28, 39, 37, 59, 35, 51, 49, 24, 18, 63, 48, 61, 57, 2, 34, 13, 33, 29, 53, 36, 58, 6, 42, 55, 25, 38, 8]
客户端数：54	时间：234.8157138824463	客户端：[45, 60, 22, 54, 47, 20, 21, 50, 52, 41, 43, 44, 23, 26, 56, 11, 30, 40, 46, 64, 9, 12, 7, 28, 39, 37, 59, 35, 51, 49, 24, 18, 63, 48, 61, 57, 2, 34, 13, 33, 29, 53, 36, 58, 6, 42, 55, 25, 38, 8, 27, 10, 1, 31]
BYTE
客户端数：0	字节数：0	客户端：[]
MAE：92849663.1897436
RMSE：93354877.6578338
finished iteration：2023-01-01 00:14:56.323778

Number of rounds 30
T1
客户端数：0	时间：0	客户端：[]
T2
客户端数：10	时间：0.0	客户端：[29, 21, 45, 50, 60, 47, 22, 25, 2, 20]
客户端数：20	时间：0.0009734630584716797	客户端：[29, 21, 45, 50, 60, 47, 22, 25, 2, 20, 40, 61, 44, 43, 23, 54, 55, 56, 28, 6]
客户端数：30	时间：0.0009734630584716797	客户端：[29, 21, 45, 50, 60, 47, 22, 25, 2, 20, 40, 61, 44, 43, 23, 54, 55, 56, 28, 6, 36, 58, 51, 11, 46, 42, 9, 10, 49, 12]
客户端数：40	时间：0.0009734630584716797	客户端：[29, 21, 45, 50, 60, 47, 22, 25, 2, 20, 40, 61, 44, 43, 23, 54, 55, 56, 28, 6, 36, 58, 51, 11, 46, 42, 9, 10, 49, 12, 64, 30, 48, 18, 33, 34, 13, 27, 24, 53]
客户端数：50	时间：0.0019702911376953125	客户端：[29, 21, 45, 50, 60, 47, 22, 25, 2, 20, 40, 61, 44, 43, 23, 54, 55, 56, 28, 6, 36, 58, 51, 11, 46, 42, 9, 10, 49, 12, 64, 30, 48, 18, 33, 34, 13, 27, 24, 53, 7, 59, 38, 52, 41, 35, 1, 31, 26, 39]
客户端数：54	时间：0.0019702911376953125	客户端：[29, 21, 45, 50, 60, 47, 22, 25, 2, 20, 40, 61, 44, 43, 23, 54, 55, 56, 28, 6, 36, 58, 51, 11, 46, 42, 9, 10, 49, 12, 64, 30, 48, 18, 33, 34, 13, 27, 24, 53, 7, 59, 38, 52, 41, 35, 1, 31, 26, 39, 57, 37, 63, 8]
T3
客户端数：10	时间：7.563873767852783	客户端：[29, 21, 45, 50, 60, 47, 22, 25, 2, 20]
客户端数：20	时间：31.606477737426758	客户端：[29, 21, 45, 50, 60, 47, 22, 25, 2, 20, 40, 61, 44, 43, 23, 54, 55, 56, 28, 6]
客户端数：30	时间：72.60395073890686	客户端：[29, 21, 45, 50, 60, 47, 22, 25, 2, 20, 40, 61, 44, 43, 23, 54, 55, 56, 28, 6, 36, 58, 51, 11, 46, 42, 9, 10, 49, 12]
客户端数：40	时间：130.7948784828186	客户端：[29, 21, 45, 50, 60, 47, 22, 25, 2, 20, 40, 61, 44, 43, 23, 54, 55, 56, 28, 6, 36, 58, 51, 11, 46, 42, 9, 10, 49, 12, 64, 30, 48, 18, 33, 34, 13, 27, 24, 53]
客户端数：50	时间：205.3986372947693	客户端：[29, 21, 45, 50, 60, 47, 22, 25, 2, 20, 40, 61, 44, 43, 23, 54, 55, 56, 28, 6, 36, 58, 51, 11, 46, 42, 9, 10, 49, 12, 64, 30, 48, 18, 33, 34, 13, 27, 24, 53, 7, 59, 38, 52, 41, 35, 1, 31, 26, 39]
客户端数：54	时间：240.28296279907227	客户端：[29, 21, 45, 50, 60, 47, 22, 25, 2, 20, 40, 61, 44, 43, 23, 54, 55, 56, 28, 6, 36, 58, 51, 11, 46, 42, 9, 10, 49, 12, 64, 30, 48, 18, 33, 34, 13, 27, 24, 53, 7, 59, 38, 52, 41, 35, 1, 31, 26, 39, 57, 37, 63, 8]
BYTE
客户端数：0	字节数：0	客户端：[]
MAE：86964198.53333333
RMSE：87189897.25229281
finished iteration：2023-01-01 00:15:28.015103

Number of rounds 31
T1
客户端数：0	时间：0	客户端：[]
T2
客户端数：10	时间：0.000997304916381836	客户端：[21, 29, 45, 50, 2, 20, 38, 25, 22, 40]
客户端数：20	时间：0.000997304916381836	客户端：[21, 29, 45, 50, 2, 20, 38, 25, 22, 40, 47, 60, 13, 52, 53, 51, 61, 27, 33, 11]
客户端数：30	时间：0.002992391586303711	客户端：[21, 29, 45, 50, 2, 20, 38, 25, 22, 40, 47, 60, 13, 52, 53, 51, 61, 27, 33, 11, 41, 56, 7, 28, 58, 6, 64, 26, 46, 30]
客户端数：40	时间：0.002992391586303711	客户端：[21, 29, 45, 50, 2, 20, 38, 25, 22, 40, 47, 60, 13, 52, 53, 51, 61, 27, 33, 11, 41, 56, 7, 28, 58, 6, 64, 26, 46, 30, 8, 35, 42, 1, 54, 10, 48, 12, 36, 34]
客户端数：50	时间：0.002992391586303711	客户端：[21, 29, 45, 50, 2, 20, 38, 25, 22, 40, 47, 60, 13, 52, 53, 51, 61, 27, 33, 11, 41, 56, 7, 28, 58, 6, 64, 26, 46, 30, 8, 35, 42, 1, 54, 10, 48, 12, 36, 34, 55, 23, 44, 43, 63, 31, 59, 57, 49, 18]
客户端数：54	时间：0.002992391586303711	客户端：[21, 29, 45, 50, 2, 20, 38, 25, 22, 40, 47, 60, 13, 52, 53, 51, 61, 27, 33, 11, 41, 56, 7, 28, 58, 6, 64, 26, 46, 30, 8, 35, 42, 1, 54, 10, 48, 12, 36, 34, 55, 23, 44, 43, 63, 31, 59, 57, 49, 18, 37, 24, 9, 39]
T3
客户端数：10	时间：8.159199714660645	客户端：[21, 29, 45, 50, 2, 20, 38, 25, 22, 40]
客户端数：20	时间：33.606449365615845	客户端：[21, 29, 45, 50, 2, 20, 38, 25, 22, 40, 47, 60, 13, 52, 53, 51, 61, 27, 33, 11]
客户端数：30	时间：77.05933594703674	客户端：[21, 29, 45, 50, 2, 20, 38, 25, 22, 40, 47, 60, 13, 52, 53, 51, 61, 27, 33, 11, 41, 56, 7, 28, 58, 6, 64, 26, 46, 30]
客户端数：40	时间：137.4869725704193	客户端：[21, 29, 45, 50, 2, 20, 38, 25, 22, 40, 47, 60, 13, 52, 53, 51, 61, 27, 33, 11, 41, 56, 7, 28, 58, 6, 64, 26, 46, 30, 8, 35, 42, 1, 54, 10, 48, 12, 36, 34]
客户端数：50	时间：215.0902419090271	客户端：[21, 29, 45, 50, 2, 20, 38, 25, 22, 40, 47, 60, 13, 52, 53, 51, 61, 27, 33, 11, 41, 56, 7, 28, 58, 6, 64, 26, 46, 30, 8, 35, 42, 1, 54, 10, 48, 12, 36, 34, 55, 23, 44, 43, 63, 31, 59, 57, 49, 18]
客户端数：54	时间：251.1673867702484	客户端：[21, 29, 45, 50, 2, 20, 38, 25, 22, 40, 47, 60, 13, 52, 53, 51, 61, 27, 33, 11, 41, 56, 7, 28, 58, 6, 64, 26, 46, 30, 8, 35, 42, 1, 54, 10, 48, 12, 36, 34, 55, 23, 44, 43, 63, 31, 59, 57, 49, 18, 37, 24, 9, 39]
BYTE
客户端数：0	字节数：0	客户端：[]
MAE：98218730.8
RMSE：99049765.69877233
finished iteration：2023-01-01 00:15:59.774905

Number of rounds 32
T1
客户端数：0	时间：0	客户端：[]
T2
客户端数：10	时间：0.000997304916381836	客户端：[21, 40, 2, 47, 29, 60, 38, 54, 24, 50]
客户端数：20	时间：0.000997304916381836	客户端：[21, 40, 2, 47, 29, 60, 38, 54, 24, 50, 23, 51, 44, 53, 11, 13, 55, 30, 33, 7]
客户端数：30	时间：0.001994609832763672	客户端：[21, 40, 2, 47, 29, 60, 38, 54, 24, 50, 23, 51, 44, 53, 11, 13, 55, 30, 33, 7, 41, 56, 49, 46, 48, 39, 59, 63, 58, 1]
客户端数：40	时间：0.001994609832763672	客户端：[21, 40, 2, 47, 29, 60, 38, 54, 24, 50, 23, 51, 44, 53, 11, 13, 55, 30, 33, 7, 41, 56, 49, 46, 48, 39, 59, 63, 58, 1, 12, 34, 42, 36, 28, 57, 35, 8, 31, 52]
客户端数：50	时间：0.001994609832763672	客户端：[21, 40, 2, 47, 29, 60, 38, 54, 24, 50, 23, 51, 44, 53, 11, 13, 55, 30, 33, 7, 41, 56, 49, 46, 48, 39, 59, 63, 58, 1, 12, 34, 42, 36, 28, 57, 35, 8, 31, 52, 10, 22, 27, 61, 26, 18, 25, 20, 43, 45]
客户端数：54	时间：0.001994609832763672	客户端：[21, 40, 2, 47, 29, 60, 38, 54, 24, 50, 23, 51, 44, 53, 11, 13, 55, 30, 33, 7, 41, 56, 49, 46, 48, 39, 59, 63, 58, 1, 12, 34, 42, 36, 28, 57, 35, 8, 31, 52, 10, 22, 27, 61, 26, 18, 25, 20, 43, 45, 64, 37, 9, 6]
T3
客户端数：10	时间：7.41973090171814	客户端：[21, 40, 2, 47, 29, 60, 38, 54, 24, 50]
客户端数：20	时间：31.58615016937256	客户端：[21, 40, 2, 47, 29, 60, 38, 54, 24, 50, 23, 51, 44, 53, 11, 13, 55, 30, 33, 7]
客户端数：30	时间：73.01706099510193	客户端：[21, 40, 2, 47, 29, 60, 38, 54, 24, 50, 23, 51, 44, 53, 11, 13, 55, 30, 33, 7, 41, 56, 49, 46, 48, 39, 59, 63, 58, 1]
客户端数：40	时间：131.55785036087036	客户端：[21, 40, 2, 47, 29, 60, 38, 54, 24, 50, 23, 51, 44, 53, 11, 13, 55, 30, 33, 7, 41, 56, 49, 46, 48, 39, 59, 63, 58, 1, 12, 34, 42, 36, 28, 57, 35, 8, 31, 52]
客户端数：50	时间：207.02742743492126	客户端：[21, 40, 2, 47, 29, 60, 38, 54, 24, 50, 23, 51, 44, 53, 11, 13, 55, 30, 33, 7, 41, 56, 49, 46, 48, 39, 59, 63, 58, 1, 12, 34, 42, 36, 28, 57, 35, 8, 31, 52, 10, 22, 27, 61, 26, 18, 25, 20, 43, 45]
客户端数：54	时间：242.05838775634766	客户端：[21, 40, 2, 47, 29, 60, 38, 54, 24, 50, 23, 51, 44, 53, 11, 13, 55, 30, 33, 7, 41, 56, 49, 46, 48, 39, 59, 63, 58, 1, 12, 34, 42, 36, 28, 57, 35, 8, 31, 52, 10, 22, 27, 61, 26, 18, 25, 20, 43, 45, 64, 37, 9, 6]
BYTE
客户端数：0	字节数：0	客户端：[]
MAE：100251308.8923077
RMSE：100766032.52448255
finished iteration：2023-01-01 00:16:31.493351

Number of rounds 33
T1
客户端数：0	时间：0	客户端：[]
T2
客户端数：10	时间：0.0	客户端：[29, 21, 60, 40, 47, 20, 22, 54, 24, 52]
客户端数：20	时间：0.0	客户端：[29, 21, 60, 40, 47, 20, 22, 54, 24, 52, 53, 44, 50, 27, 11, 55, 38, 23, 56, 45]
客户端数：30	时间：0.0	客户端：[29, 21, 60, 40, 47, 20, 22, 54, 24, 52, 53, 44, 50, 27, 11, 55, 38, 23, 56, 45, 58, 36, 64, 13, 30, 49, 2, 12, 10, 35]
客户端数：40	时间：0.0	客户端：[29, 21, 60, 40, 47, 20, 22, 54, 24, 52, 53, 44, 50, 27, 11, 55, 38, 23, 56, 45, 58, 36, 64, 13, 30, 49, 2, 12, 10, 35, 9, 18, 41, 8, 48, 37, 39, 1, 34, 46]
客户端数：50	时间：0.0	客户端：[29, 21, 60, 40, 47, 20, 22, 54, 24, 52, 53, 44, 50, 27, 11, 55, 38, 23, 56, 45, 58, 36, 64, 13, 30, 49, 2, 12, 10, 35, 9, 18, 41, 8, 48, 37, 39, 1, 34, 46, 6, 63, 26, 7, 33, 51, 42, 57, 61, 25]
客户端数：53	时间：0.0	客户端：[29, 21, 60, 40, 47, 20, 22, 54, 24, 52, 53, 44, 50, 27, 11, 55, 38, 23, 56, 45, 58, 36, 64, 13, 30, 49, 2, 12, 10, 35, 9, 18, 41, 8, 48, 37, 39, 1, 34, 46, 6, 63, 26, 7, 33, 51, 42, 57, 61, 25, 43, 28, 31]
T3
客户端数：10	时间：7.803643465042114	客户端：[29, 21, 60, 40, 47, 20, 22, 54, 24, 52]
客户端数：20	时间：32.676947832107544	客户端：[29, 21, 60, 40, 47, 20, 22, 54, 24, 52, 53, 44, 50, 27, 11, 55, 38, 23, 56, 45]
客户端数：30	时间：74.83147740364075	客户端：[29, 21, 60, 40, 47, 20, 22, 54, 24, 52, 53, 44, 50, 27, 11, 55, 38, 23, 56, 45, 58, 36, 64, 13, 30, 49, 2, 12, 10, 35]
客户端数：40	时间：133.5413749217987	客户端：[29, 21, 60, 40, 47, 20, 22, 54, 24, 52, 53, 44, 50, 27, 11, 55, 38, 23, 56, 45, 58, 36, 64, 13, 30, 49, 2, 12, 10, 35, 9, 18, 41, 8, 48, 37, 39, 1, 34, 46]
客户端数：50	时间：209.48383688926697	客户端：[29, 21, 60, 40, 47, 20, 22, 54, 24, 52, 53, 44, 50, 27, 11, 55, 38, 23, 56, 45, 58, 36, 64, 13, 30, 49, 2, 12, 10, 35, 9, 18, 41, 8, 48, 37, 39, 1, 34, 46, 6, 63, 26, 7, 33, 51, 42, 57, 61, 25]
客户端数：53	时间：235.55801224708557	客户端：[29, 21, 60, 40, 47, 20, 22, 54, 24, 52, 53, 44, 50, 27, 11, 55, 38, 23, 56, 45, 58, 36, 64, 13, 30, 49, 2, 12, 10, 35, 9, 18, 41, 8, 48, 37, 39, 1, 34, 46, 6, 63, 26, 7, 33, 51, 42, 57, 61, 25, 43, 28, 31]
BYTE
客户端数：0	字节数：0	客户端：[]
MAE：90424704.42051283
RMSE：90929130.96702237
finished iteration：2023-01-01 00:17:03.130327

Number of rounds 34
T1
客户端数：0	时间：0	客户端：[]
T2
客户端数：10	时间：0.0020101070404052734	客户端：[29, 2, 47, 50, 21, 60, 38, 13, 20, 22]
客户端数：20	时间：0.0020101070404052734	客户端：[29, 2, 47, 50, 21, 60, 38, 13, 20, 22, 61, 44, 41, 55, 27, 53, 56, 28, 43, 58]
客户端数：30	时间：0.0020101070404052734	客户端：[29, 2, 47, 50, 21, 60, 38, 13, 20, 22, 61, 44, 41, 55, 27, 53, 56, 28, 43, 58, 64, 54, 8, 37, 35, 12, 1, 42, 9, 10]
客户端数：40	时间：0.0020101070404052734	客户端：[29, 2, 47, 50, 21, 60, 38, 13, 20, 22, 61, 44, 41, 55, 27, 53, 56, 28, 43, 58, 64, 54, 8, 37, 35, 12, 1, 42, 9, 10, 48, 34, 26, 36, 39, 23, 24, 31, 63, 30]
客户端数：50	时间：0.0030269622802734375	客户端：[29, 2, 47, 50, 21, 60, 38, 13, 20, 22, 61, 44, 41, 55, 27, 53, 56, 28, 43, 58, 64, 54, 8, 37, 35, 12, 1, 42, 9, 10, 48, 34, 26, 36, 39, 23, 24, 31, 63, 30, 57, 46, 7, 45, 18, 25, 49, 40, 52, 51]
客户端数：53	时间：0.0030269622802734375	客户端：[29, 2, 47, 50, 21, 60, 38, 13, 20, 22, 61, 44, 41, 55, 27, 53, 56, 28, 43, 58, 64, 54, 8, 37, 35, 12, 1, 42, 9, 10, 48, 34, 26, 36, 39, 23, 24, 31, 63, 30, 57, 46, 7, 45, 18, 25, 49, 40, 52, 51, 59, 33, 11]
T3
客户端数：10	时间：7.858960390090942	客户端：[29, 2, 47, 50, 21, 60, 38, 13, 20, 22]
客户端数：20	时间：32.8144793510437	客户端：[29, 2, 47, 50, 21, 60, 38, 13, 20, 22, 61, 44, 41, 55, 27, 53, 56, 28, 43, 58]
客户端数：30	时间：74.57970905303955	客户端：[29, 2, 47, 50, 21, 60, 38, 13, 20, 22, 61, 44, 41, 55, 27, 53, 56, 28, 43, 58, 64, 54, 8, 37, 35, 12, 1, 42, 9, 10]
客户端数：40	时间：133.1664617061615	客户端：[29, 2, 47, 50, 21, 60, 38, 13, 20, 22, 61, 44, 41, 55, 27, 53, 56, 28, 43, 58, 64, 54, 8, 37, 35, 12, 1, 42, 9, 10, 48, 34, 26, 36, 39, 23, 24, 31, 63, 30]
客户端数：50	时间：208.91219758987427	客户端：[29, 2, 47, 50, 21, 60, 38, 13, 20, 22, 61, 44, 41, 55, 27, 53, 56, 28, 43, 58, 64, 54, 8, 37, 35, 12, 1, 42, 9, 10, 48, 34, 26, 36, 39, 23, 24, 31, 63, 30, 57, 46, 7, 45, 18, 25, 49, 40, 52, 51]
客户端数：53	时间：253.159485578537	客户端：[29, 2, 47, 50, 21, 60, 38, 13, 20, 22, 61, 44, 41, 55, 27, 53, 56, 28, 43, 58, 64, 54, 8, 37, 35, 12, 1, 42, 9, 10, 48, 34, 26, 36, 39, 23, 24, 31, 63, 30, 57, 46, 7, 45, 18, 25, 49, 40, 52, 51, 59, 33, 11]
BYTE
客户端数：0	字节数：0	客户端：[]
MAE：96091324.76923077
RMSE：96650428.89130038
finished iteration：2023-01-01 00:17:34.868966

Number of rounds 35
T1
客户端数：0	时间：0	客户端：[]
T2
客户端数：10	时间：0.0	客户端：[6, 29, 21, 45, 50, 25, 38, 54, 24, 43]
客户端数：20	时间：0.0	客户端：[6, 29, 21, 45, 50, 25, 38, 54, 24, 43, 44, 41, 11, 30, 56, 33, 7, 28, 51, 47]
客户端数：30	时间：0.0	客户端：[6, 29, 21, 45, 50, 25, 38, 54, 24, 43, 44, 41, 11, 30, 56, 33, 7, 28, 51, 47, 8, 58, 46, 22, 10, 9, 49, 12, 23, 64]
客户端数：40	时间：0.0	客户端：[6, 29, 21, 45, 50, 25, 38, 54, 24, 43, 44, 41, 11, 30, 56, 33, 7, 28, 51, 47, 8, 58, 46, 22, 10, 9, 49, 12, 23, 64, 1, 35, 57, 53, 18, 31, 27, 55, 48, 2]
客户端数：50	时间：0.0	客户端：[6, 29, 21, 45, 50, 25, 38, 54, 24, 43, 44, 41, 11, 30, 56, 33, 7, 28, 51, 47, 8, 58, 46, 22, 10, 9, 49, 12, 23, 64, 1, 35, 57, 53, 18, 31, 27, 55, 48, 2, 63, 37, 61, 40, 13, 36, 52, 39, 34, 20]
客户端数：53	时间：0.0	客户端：[6, 29, 21, 45, 50, 25, 38, 54, 24, 43, 44, 41, 11, 30, 56, 33, 7, 28, 51, 47, 8, 58, 46, 22, 10, 9, 49, 12, 23, 64, 1, 35, 57, 53, 18, 31, 27, 55, 48, 2, 63, 37, 61, 40, 13, 36, 52, 39, 34, 20, 26, 42, 60]
T3
客户端数：10	时间：15.371036291122437	客户端：[6, 29, 21, 45, 50, 25, 38, 54, 24, 43]
客户端数：20	时间：38.20986795425415	客户端：[6, 29, 21, 45, 50, 25, 38, 54, 24, 43, 44, 41, 11, 30, 56, 33, 7, 28, 51, 47]
客户端数：30	时间：77.76414108276367	客户端：[6, 29, 21, 45, 50, 25, 38, 54, 24, 43, 44, 41, 11, 30, 56, 33, 7, 28, 51, 47, 8, 58, 46, 22, 10, 9, 49, 12, 23, 64]
客户端数：40	时间：133.1444787979126	客户端：[6, 29, 21, 45, 50, 25, 38, 54, 24, 43, 44, 41, 11, 30, 56, 33, 7, 28, 51, 47, 8, 58, 46, 22, 10, 9, 49, 12, 23, 64, 1, 35, 57, 53, 18, 31, 27, 55, 48, 2]
客户端数：50	时间：204.69100952148438	客户端：[6, 29, 21, 45, 50, 25, 38, 54, 24, 43, 44, 41, 11, 30, 56, 33, 7, 28, 51, 47, 8, 58, 46, 22, 10, 9, 49, 12, 23, 64, 1, 35, 57, 53, 18, 31, 27, 55, 48, 2, 63, 37, 61, 40, 13, 36, 52, 39, 34, 20]
客户端数：53	时间：229.20430994033813	客户端：[6, 29, 21, 45, 50, 25, 38, 54, 24, 43, 44, 41, 11, 30, 56, 33, 7, 28, 51, 47, 8, 58, 46, 22, 10, 9, 49, 12, 23, 64, 1, 35, 57, 53, 18, 31, 27, 55, 48, 2, 63, 37, 61, 40, 13, 36, 52, 39, 34, 20, 26, 42, 60]
BYTE
客户端数：0	字节数：0	客户端：[]
MAE：93817981.05641025
RMSE：94133920.06457292
finished iteration：2023-01-01 00:18:06.651447

Number of rounds 36
T1
客户端数：0	时间：0	客户端：[]
T2
客户端数：10	时间：0.0009975433349609375	客户端：[21, 45, 29, 2, 20, 40, 25, 38, 24, 41]
客户端数：20	时间：0.0009975433349609375	客户端：[21, 45, 29, 2, 20, 40, 25, 38, 24, 41, 44, 54, 51, 27, 11, 28, 23, 7, 43, 13]
客户端数：30	时间：0.0019948482513427734	客户端：[21, 45, 29, 2, 20, 40, 25, 38, 24, 41, 44, 54, 51, 27, 11, 28, 23, 7, 43, 13, 64, 37, 10, 9, 47, 46, 39, 26, 1, 18]
客户端数：40	时间：0.0019948482513427734	客户端：[21, 45, 29, 2, 20, 40, 25, 38, 24, 41, 44, 54, 51, 27, 11, 28, 23, 7, 43, 13, 64, 37, 10, 9, 47, 46, 39, 26, 1, 18, 56, 12, 63, 52, 34, 31, 57, 49, 33, 60]
客户端数：50	时间：0.0019948482513427734	客户端：[21, 45, 29, 2, 20, 40, 25, 38, 24, 41, 44, 54, 51, 27, 11, 28, 23, 7, 43, 13, 64, 37, 10, 9, 47, 46, 39, 26, 1, 18, 56, 12, 63, 52, 34, 31, 57, 49, 33, 60, 58, 42, 36, 35, 22, 8, 50, 48, 30, 61]
客户端数：52	时间：0.0019948482513427734	客户端：[21, 45, 29, 2, 20, 40, 25, 38, 24, 41, 44, 54, 51, 27, 11, 28, 23, 7, 43, 13, 64, 37, 10, 9, 47, 46, 39, 26, 1, 18, 56, 12, 63, 52, 34, 31, 57, 49, 33, 60, 58, 42, 36, 35, 22, 8, 50, 48, 30, 61, 53, 55]
T3
客户端数：10	时间：7.725940942764282	客户端：[21, 45, 29, 2, 20, 40, 25, 38, 24, 41]
客户端数：20	时间：32.66317844390869	客户端：[21, 45, 29, 2, 20, 40, 25, 38, 24, 41, 44, 54, 51, 27, 11, 28, 23, 7, 43, 13]
客户端数：30	时间：73.9837281703949	客户端：[21, 45, 29, 2, 20, 40, 25, 38, 24, 41, 44, 54, 51, 27, 11, 28, 23, 7, 43, 13, 64, 37, 10, 9, 47, 46, 39, 26, 1, 18]
客户端数：40	时间：131.9820454120636	客户端：[21, 45, 29, 2, 20, 40, 25, 38, 24, 41, 44, 54, 51, 27, 11, 28, 23, 7, 43, 13, 64, 37, 10, 9, 47, 46, 39, 26, 1, 18, 56, 12, 63, 52, 34, 31, 57, 49, 33, 60]
客户端数：50	时间：206.49012565612793	客户端：[21, 45, 29, 2, 20, 40, 25, 38, 24, 41, 44, 54, 51, 27, 11, 28, 23, 7, 43, 13, 64, 37, 10, 9, 47, 46, 39, 26, 1, 18, 56, 12, 63, 52, 34, 31, 57, 49, 33, 60, 58, 42, 36, 35, 22, 8, 50, 48, 30, 61]
客户端数：52	时间：223.38481068611145	客户端：[21, 45, 29, 2, 20, 40, 25, 38, 24, 41, 44, 54, 51, 27, 11, 28, 23, 7, 43, 13, 64, 37, 10, 9, 47, 46, 39, 26, 1, 18, 56, 12, 63, 52, 34, 31, 57, 49, 33, 60, 58, 42, 36, 35, 22, 8, 50, 48, 30, 61, 53, 55]
BYTE
客户端数：0	字节数：0	客户端：[]
MAE：90944260.97435898
RMSE：91002394.14963032
finished iteration：2023-01-01 00:18:38.458557

Number of rounds 37
T1
客户端数：0	时间：0	客户端：[]
T2
客户端数：10	时间：0.0009975433349609375	客户端：[29, 45, 50, 2, 47, 60, 25, 20, 43, 44]
客户端数：20	时间：0.0009975433349609375	客户端：[29, 45, 50, 2, 47, 60, 25, 20, 43, 44, 61, 22, 24, 38, 26, 27, 30, 41, 28, 33]
客户端数：30	时间：0.0009975433349609375	客户端：[29, 45, 50, 2, 47, 60, 25, 20, 43, 44, 61, 22, 24, 38, 26, 27, 30, 41, 28, 33, 64, 42, 37, 40, 36, 39, 8, 1, 53, 23]
客户端数：40	时间：0.0009975433349609375	客户端：[29, 45, 50, 2, 47, 60, 25, 20, 43, 44, 61, 22, 24, 38, 26, 27, 30, 41, 28, 33, 64, 42, 37, 40, 36, 39, 8, 1, 53, 23, 12, 9, 58, 11, 13, 18, 21, 55, 49, 34]
客户端数：50	时间：0.0009975433349609375	客户端：[29, 45, 50, 2, 47, 60, 25, 20, 43, 44, 61, 22, 24, 38, 26, 27, 30, 41, 28, 33, 64, 42, 37, 40, 36, 39, 8, 1, 53, 23, 12, 9, 58, 11, 13, 18, 21, 55, 49, 34, 57, 51, 63, 56, 10, 35, 46, 52, 7, 31]
客户端数：52	时间：0.0009975433349609375	客户端：[29, 45, 50, 2, 47, 60, 25, 20, 43, 44, 61, 22, 24, 38, 26, 27, 30, 41, 28, 33, 64, 42, 37, 40, 36, 39, 8, 1, 53, 23, 12, 9, 58, 11, 13, 18, 21, 55, 49, 34, 57, 51, 63, 56, 10, 35, 46, 52, 7, 31, 54, 48]
T3
客户端数：10	时间：7.932015657424927	客户端：[29, 45, 50, 2, 47, 60, 25, 20, 43, 44]
客户端数：20	时间：32.931402921676636	客户端：[29, 45, 50, 2, 47, 60, 25, 20, 43, 44, 61, 22, 24, 38, 26, 27, 30, 41, 28, 33]
客户端数：30	时间：74.04398727416992	客户端：[29, 45, 50, 2, 47, 60, 25, 20, 43, 44, 61, 22, 24, 38, 26, 27, 30, 41, 28, 33, 64, 42, 37, 40, 36, 39, 8, 1, 53, 23]
客户端数：40	时间：131.42530012130737	客户端：[29, 45, 50, 2, 47, 60, 25, 20, 43, 44, 61, 22, 24, 38, 26, 27, 30, 41, 28, 33, 64, 42, 37, 40, 36, 39, 8, 1, 53, 23, 12, 9, 58, 11, 13, 18, 21, 55, 49, 34]
客户端数：50	时间：205.67658710479736	客户端：[29, 45, 50, 2, 47, 60, 25, 20, 43, 44, 61, 22, 24, 38, 26, 27, 30, 41, 28, 33, 64, 42, 37, 40, 36, 39, 8, 1, 53, 23, 12, 9, 58, 11, 13, 18, 21, 55, 49, 34, 57, 51, 63, 56, 10, 35, 46, 52, 7, 31]
客户端数：52	时间：222.5199749469757	客户端：[29, 45, 50, 2, 47, 60, 25, 20, 43, 44, 61, 22, 24, 38, 26, 27, 30, 41, 28, 33, 64, 42, 37, 40, 36, 39, 8, 1, 53, 23, 12, 9, 58, 11, 13, 18, 21, 55, 49, 34, 57, 51, 63, 56, 10, 35, 46, 52, 7, 31, 54, 48]
BYTE
客户端数：0	字节数：0	客户端：[]
MAE：88294430.77948718
RMSE：88305947.57009757
finished iteration：2023-01-01 00:19:10.422671

Number of rounds 38
T1
客户端数：0	时间：0	客户端：[]
T2
客户端数：10	时间：0.0	客户端：[29, 21, 50, 60, 45, 20, 25, 38, 54, 2]
客户端数：20	时间：0.0	客户端：[29, 21, 50, 60, 45, 20, 25, 38, 54, 2, 24, 41, 61, 23, 27, 44, 30, 26, 56, 55]
客户端数：30	时间：0.0009970664978027344	客户端：[29, 21, 50, 60, 45, 20, 25, 38, 54, 2, 24, 41, 61, 23, 27, 44, 30, 26, 56, 55, 47, 28, 64, 9, 7, 10, 51, 53, 49, 52]
客户端数：40	时间：0.0009970664978027344	客户端：[29, 21, 50, 60, 45, 20, 25, 38, 54, 2, 24, 41, 61, 23, 27, 44, 30, 26, 56, 55, 47, 28, 64, 9, 7, 10, 51, 53, 49, 52, 35, 12, 18, 33, 63, 48, 46, 57, 13, 43]
客户端数：50	时间：0.0010221004486083984	客户端：[29, 21, 50, 60, 45, 20, 25, 38, 54, 2, 24, 41, 61, 23, 27, 44, 30, 26, 56, 55, 47, 28, 64, 9, 7, 10, 51, 53, 49, 52, 35, 12, 18, 33, 63, 48, 46, 57, 13, 43, 40, 36, 1, 22, 34, 8, 58, 42, 31, 37]
客户端数：52	时间：0.0020203590393066406	客户端：[29, 21, 50, 60, 45, 20, 25, 38, 54, 2, 24, 41, 61, 23, 27, 44, 30, 26, 56, 55, 47, 28, 64, 9, 7, 10, 51, 53, 49, 52, 35, 12, 18, 33, 63, 48, 46, 57, 13, 43, 40, 36, 1, 22, 34, 8, 58, 42, 31, 37, 11, 39]
T3
客户端数：10	时间：7.617566108703613	客户端：[29, 21, 50, 60, 45, 20, 25, 38, 54, 2]
客户端数：20	时间：31.868209838867188	客户端：[29, 21, 50, 60, 45, 20, 25, 38, 54, 2, 24, 41, 61, 23, 27, 44, 30, 26, 56, 55]
客户端数：30	时间：73.09926438331604	客户端：[29, 21, 50, 60, 45, 20, 25, 38, 54, 2, 24, 41, 61, 23, 27, 44, 30, 26, 56, 55, 47, 28, 64, 9, 7, 10, 51, 53, 49, 52]
客户端数：40	时间：131.1664662361145	客户端：[29, 21, 50, 60, 45, 20, 25, 38, 54, 2, 24, 41, 61, 23, 27, 44, 30, 26, 56, 55, 47, 28, 64, 9, 7, 10, 51, 53, 49, 52, 35, 12, 18, 33, 63, 48, 46, 57, 13, 43]
客户端数：50	时间：205.78886246681213	客户端：[29, 21, 50, 60, 45, 20, 25, 38, 54, 2, 24, 41, 61, 23, 27, 44, 30, 26, 56, 55, 47, 28, 64, 9, 7, 10, 51, 53, 49, 52, 35, 12, 18, 33, 63, 48, 46, 57, 13, 43, 40, 36, 1, 22, 34, 8, 58, 42, 31, 37]
客户端数：52	时间：222.6124620437622	客户端：[29, 21, 50, 60, 45, 20, 25, 38, 54, 2, 24, 41, 61, 23, 27, 44, 30, 26, 56, 55, 47, 28, 64, 9, 7, 10, 51, 53, 49, 52, 35, 12, 18, 33, 63, 48, 46, 57, 13, 43, 40, 36, 1, 22, 34, 8, 58, 42, 31, 37, 11, 39]
BYTE
客户端数：0	字节数：0	客户端：[]
MAE：87730875.6
RMSE：88171509.02605325
finished iteration：2023-01-01 00:19:42.143750

Number of rounds 39
T1
客户端数：0	时间：0	客户端：[]
T2
客户端数：10	时间：0.0019948482513427734	客户端：[29, 2, 22, 47, 60, 20, 61, 25, 44, 51]
客户端数：20	时间：0.0019948482513427734	客户端：[29, 2, 22, 47, 60, 20, 61, 25, 44, 51, 13, 11, 30, 53, 50, 28, 36, 33, 8, 42]
客户端数：30	时间：0.002991914749145508	客户端：[29, 2, 22, 47, 60, 20, 61, 25, 44, 51, 13, 11, 30, 53, 50, 28, 36, 33, 8, 42, 41, 37, 26, 49, 24, 27, 1, 39, 54, 45]
客户端数：40	时间：0.003989458084106445	客户端：[29, 2, 22, 47, 60, 20, 61, 25, 44, 51, 13, 11, 30, 53, 50, 28, 36, 33, 8, 42, 41, 37, 26, 49, 24, 27, 1, 39, 54, 45, 31, 34, 9, 57, 7, 12, 10, 35, 48, 43]
客户端数：50	时间：0.0049860477447509766	客户端：[29, 2, 22, 47, 60, 20, 61, 25, 44, 51, 13, 11, 30, 53, 50, 28, 36, 33, 8, 42, 41, 37, 26, 49, 24, 27, 1, 39, 54, 45, 31, 34, 9, 57, 7, 12, 10, 35, 48, 43, 64, 55, 40, 56, 18, 52, 38, 23, 21, 46]
客户端数：52	时间：0.0049860477447509766	客户端：[29, 2, 22, 47, 60, 20, 61, 25, 44, 51, 13, 11, 30, 53, 50, 28, 36, 33, 8, 42, 41, 37, 26, 49, 24, 27, 1, 39, 54, 45, 31, 34, 9, 57, 7, 12, 10, 35, 48, 43, 64, 55, 40, 56, 18, 52, 38, 23, 21, 46, 63, 58]
T3
客户端数：10	时间：7.928657293319702	客户端：[29, 2, 22, 47, 60, 20, 61, 25, 44, 51]
客户端数：20	时间：33.11551904678345	客户端：[29, 2, 22, 47, 60, 20, 61, 25, 44, 51, 13, 11, 30, 53, 50, 28, 36, 33, 8, 42]
客户端数：30	时间：75.73256969451904	客户端：[29, 2, 22, 47, 60, 20, 61, 25, 44, 51, 13, 11, 30, 53, 50, 28, 36, 33, 8, 42, 41, 37, 26, 49, 24, 27, 1, 39, 54, 45]
客户端数：40	时间：134.66533041000366	客户端：[29, 2, 22, 47, 60, 20, 61, 25, 44, 51, 13, 11, 30, 53, 50, 28, 36, 33, 8, 42, 41, 37, 26, 49, 24, 27, 1, 39, 54, 45, 31, 34, 9, 57, 7, 12, 10, 35, 48, 43]
客户端数：50	时间：209.72768664360046	客户端：[29, 2, 22, 47, 60, 20, 61, 25, 44, 51, 13, 11, 30, 53, 50, 28, 36, 33, 8, 42, 41, 37, 26, 49, 24, 27, 1, 39, 54, 45, 31, 34, 9, 57, 7, 12, 10, 35, 48, 43, 64, 55, 40, 56, 18, 52, 38, 23, 21, 46]
客户端数：52	时间：226.621924161911	客户端：[29, 2, 22, 47, 60, 20, 61, 25, 44, 51, 13, 11, 30, 53, 50, 28, 36, 33, 8, 42, 41, 37, 26, 49, 24, 27, 1, 39, 54, 45, 31, 34, 9, 57, 7, 12, 10, 35, 48, 43, 64, 55, 40, 56, 18, 52, 38, 23, 21, 46, 63, 58]
BYTE
客户端数：0	字节数：0	客户端：[]
MAE：21312122.71710737
RMSE：33053943.193183552
finished iteration：2023-01-01 00:20:13.895166

Number of rounds 40
T1
客户端数：0	时间：0	客户端：[]
T2
客户端数：10	时间：0.0	客户端：[29, 22, 24, 38, 20, 47, 54, 13, 41, 23]
客户端数：20	时间：0.000997304916381836	客户端：[29, 22, 24, 38, 20, 47, 54, 13, 41, 23, 26, 43, 53, 40, 33, 58, 27, 64, 46, 28]
客户端数：30	时间：0.000997304916381836	客户端：[29, 22, 24, 38, 20, 47, 54, 13, 41, 23, 26, 43, 53, 40, 33, 58, 27, 64, 46, 28, 42, 56, 18, 49, 39, 57, 9, 63, 61, 8]
客户端数：40	时间：0.000997304916381836	客户端：[29, 22, 24, 38, 20, 47, 54, 13, 41, 23, 26, 43, 53, 40, 33, 58, 27, 64, 46, 28, 42, 56, 18, 49, 39, 57, 9, 63, 61, 8, 10, 7, 44, 51, 30, 31, 12, 25, 11, 60]
客户端数：50	时间：0.000997304916381836	客户端：[29, 22, 24, 38, 20, 47, 54, 13, 41, 23, 26, 43, 53, 40, 33, 58, 27, 64, 46, 28, 42, 56, 18, 49, 39, 57, 9, 63, 61, 8, 10, 7, 44, 51, 30, 31, 12, 25, 11, 60, 52, 45, 34, 37, 21, 35, 48, 1, 2, 50]
客户端数：52	时间：0.000997304916381836	客户端：[29, 22, 24, 38, 20, 47, 54, 13, 41, 23, 26, 43, 53, 40, 33, 58, 27, 64, 46, 28, 42, 56, 18, 49, 39, 57, 9, 63, 61, 8, 10, 7, 44, 51, 30, 31, 12, 25, 11, 60, 52, 45, 34, 37, 21, 35, 48, 1, 2, 50, 36, 55]
T3
客户端数：10	时间：7.691238880157471	客户端：[29, 22, 24, 38, 20, 47, 54, 13, 41, 23]
客户端数：20	时间：31.659591913223267	客户端：[29, 22, 24, 38, 20, 47, 54, 13, 41, 23, 26, 43, 53, 40, 33, 58, 27, 64, 46, 28]
客户端数：30	时间：71.6116943359375	客户端：[29, 22, 24, 38, 20, 47, 54, 13, 41, 23, 26, 43, 53, 40, 33, 58, 27, 64, 46, 28, 42, 56, 18, 49, 39, 57, 9, 63, 61, 8]
客户端数：40	时间：128.15195536613464	客户端：[29, 22, 24, 38, 20, 47, 54, 13, 41, 23, 26, 43, 53, 40, 33, 58, 27, 64, 46, 28, 42, 56, 18, 49, 39, 57, 9, 63, 61, 8, 10, 7, 44, 51, 30, 31, 12, 25, 11, 60]
客户端数：50	时间：201.62017178535461	客户端：[29, 22, 24, 38, 20, 47, 54, 13, 41, 23, 26, 43, 53, 40, 33, 58, 27, 64, 46, 28, 42, 56, 18, 49, 39, 57, 9, 63, 61, 8, 10, 7, 44, 51, 30, 31, 12, 25, 11, 60, 52, 45, 34, 37, 21, 35, 48, 1, 2, 50]
客户端数：52	时间：218.34525990486145	客户端：[29, 22, 24, 38, 20, 47, 54, 13, 41, 23, 26, 43, 53, 40, 33, 58, 27, 64, 46, 28, 42, 56, 18, 49, 39, 57, 9, 63, 61, 8, 10, 7, 44, 51, 30, 31, 12, 25, 11, 60, 52, 45, 34, 37, 21, 35, 48, 1, 2, 50, 36, 55]
BYTE
客户端数：0	字节数：0	客户端：[]
MAE：15256401.714423077
RMSE：29258595.16092393
finished iteration：2023-01-01 00:20:45.676380

Number of rounds 41
T1
客户端数：0	时间：0	客户端：[]
T2
客户端数：10	时间：0.0	客户端：[45, 21, 2, 60, 50, 22, 54, 38, 23, 43]
客户端数：20	时间：0.0	客户端：[45, 21, 2, 60, 50, 22, 54, 38, 23, 43, 51, 44, 41, 47, 53, 52, 27, 25, 28, 7]
客户端数：30	时间：0.0	客户端：[45, 21, 2, 60, 50, 22, 54, 38, 23, 43, 51, 44, 41, 47, 53, 52, 27, 25, 28, 7, 56, 36, 49, 37, 46, 55, 10, 26, 9, 8]
客户端数：40	时间：0.0009975433349609375	客户端：[45, 21, 2, 60, 50, 22, 54, 38, 23, 43, 51, 44, 41, 47, 53, 52, 27, 25, 28, 7, 56, 36, 49, 37, 46, 55, 10, 26, 9, 8, 31, 63, 35, 57, 64, 29, 11, 1, 42, 48]
客户端数：50	时间：0.0009975433349609375	客户端：[45, 21, 2, 60, 50, 22, 54, 38, 23, 43, 51, 44, 41, 47, 53, 52, 27, 25, 28, 7, 56, 36, 49, 37, 46, 55, 10, 26, 9, 8, 31, 63, 35, 57, 64, 29, 11, 1, 42, 48, 58, 13, 61, 12, 18, 33, 20, 40, 39, 30]
客户端数：52	时间：0.0009975433349609375	客户端：[45, 21, 2, 60, 50, 22, 54, 38, 23, 43, 51, 44, 41, 47, 53, 52, 27, 25, 28, 7, 56, 36, 49, 37, 46, 55, 10, 26, 9, 8, 31, 63, 35, 57, 64, 29, 11, 1, 42, 48, 58, 13, 61, 12, 18, 33, 20, 40, 39, 30, 24, 34]
T3
客户端数：10	时间：7.576733589172363	客户端：[45, 21, 2, 60, 50, 22, 54, 38, 23, 43]
客户端数：20	时间：31.298275232315063	客户端：[45, 21, 2, 60, 50, 22, 54, 38, 23, 43, 51, 44, 41, 47, 53, 52, 27, 25, 28, 7]
客户端数：30	时间：71.00979828834534	客户端：[45, 21, 2, 60, 50, 22, 54, 38, 23, 43, 51, 44, 41, 47, 53, 52, 27, 25, 28, 7, 56, 36, 49, 37, 46, 55, 10, 26, 9, 8]
客户端数：40	时间：127.7372419834137	客户端：[45, 21, 2, 60, 50, 22, 54, 38, 23, 43, 51, 44, 41, 47, 53, 52, 27, 25, 28, 7, 56, 36, 49, 37, 46, 55, 10, 26, 9, 8, 31, 63, 35, 57, 64, 29, 11, 1, 42, 48]
客户端数：50	时间：201.27579736709595	客户端：[45, 21, 2, 60, 50, 22, 54, 38, 23, 43, 51, 44, 41, 47, 53, 52, 27, 25, 28, 7, 56, 36, 49, 37, 46, 55, 10, 26, 9, 8, 31, 63, 35, 57, 64, 29, 11, 1, 42, 48, 58, 13, 61, 12, 18, 33, 20, 40, 39, 30]
客户端数：52	时间：217.9079394340515	客户端：[45, 21, 2, 60, 50, 22, 54, 38, 23, 43, 51, 44, 41, 47, 53, 52, 27, 25, 28, 7, 56, 36, 49, 37, 46, 55, 10, 26, 9, 8, 31, 63, 35, 57, 64, 29, 11, 1, 42, 48, 58, 13, 61, 12, 18, 33, 20, 40, 39, 30, 24, 34]
BYTE
客户端数：0	字节数：0	客户端：[]
MAE：12302713.709615385
RMSE：26525779.613128707
finished iteration：2023-01-01 00:21:17.488821

Number of rounds 42
T1
客户端数：0	时间：0	客户端：[]
T2
客户端数：10	时间：0.0	客户端：[29, 2, 45, 38, 50, 22, 60, 25, 54, 13]
客户端数：20	时间：0.0	客户端：[29, 2, 45, 38, 50, 22, 60, 25, 54, 13, 61, 51, 52, 41, 47, 43, 40, 53, 20, 26]
客户端数：30	时间：0.0	客户端：[29, 2, 45, 38, 50, 22, 60, 25, 54, 13, 61, 51, 52, 41, 47, 43, 40, 53, 20, 26, 44, 55, 64, 33, 46, 56, 37, 11, 42, 23]
客户端数：40	时间：0.0	客户端：[29, 2, 45, 38, 50, 22, 60, 25, 54, 13, 61, 51, 52, 41, 47, 43, 40, 53, 20, 26, 44, 55, 64, 33, 46, 56, 37, 11, 42, 23, 18, 57, 27, 63, 58, 9, 34, 48, 49, 31]
客户端数：50	时间：0.0	客户端：[29, 2, 45, 38, 50, 22, 60, 25, 54, 13, 61, 51, 52, 41, 47, 43, 40, 53, 20, 26, 44, 55, 64, 33, 46, 56, 37, 11, 42, 23, 18, 57, 27, 63, 58, 9, 34, 48, 49, 31, 10, 36, 12, 30, 28, 24, 1, 39, 35, 8]
客户端数：52	时间：0.0	客户端：[29, 2, 45, 38, 50, 22, 60, 25, 54, 13, 61, 51, 52, 41, 47, 43, 40, 53, 20, 26, 44, 55, 64, 33, 46, 56, 37, 11, 42, 23, 18, 57, 27, 63, 58, 9, 34, 48, 49, 31, 10, 36, 12, 30, 28, 24, 1, 39, 35, 8, 7, 21]
T3
客户端数：10	时间：7.335775375366211	客户端：[29, 2, 45, 38, 50, 22, 60, 25, 54, 13]
客户端数：20	时间：31.276338577270508	客户端：[29, 2, 45, 38, 50, 22, 60, 25, 54, 13, 61, 51, 52, 41, 47, 43, 40, 53, 20, 26]
客户端数：30	时间：72.04929828643799	客户端：[29, 2, 45, 38, 50, 22, 60, 25, 54, 13, 61, 51, 52, 41, 47, 43, 40, 53, 20, 26, 44, 55, 64, 33, 46, 56, 37, 11, 42, 23]
客户端数：40	时间：129.79480028152466	客户端：[29, 2, 45, 38, 50, 22, 60, 25, 54, 13, 61, 51, 52, 41, 47, 43, 40, 53, 20, 26, 44, 55, 64, 33, 46, 56, 37, 11, 42, 23, 18, 57, 27, 63, 58, 9, 34, 48, 49, 31]
客户端数：50	时间：204.2580041885376	客户端：[29, 2, 45, 38, 50, 22, 60, 25, 54, 13, 61, 51, 52, 41, 47, 43, 40, 53, 20, 26, 44, 55, 64, 33, 46, 56, 37, 11, 42, 23, 18, 57, 27, 63, 58, 9, 34, 48, 49, 31, 10, 36, 12, 30, 28, 24, 1, 39, 35, 8]
客户端数：52	时间：221.0622444152832	客户端：[29, 2, 45, 38, 50, 22, 60, 25, 54, 13, 61, 51, 52, 41, 47, 43, 40, 53, 20, 26, 44, 55, 64, 33, 46, 56, 37, 11, 42, 23, 18, 57, 27, 63, 58, 9, 34, 48, 49, 31, 10, 36, 12, 30, 28, 24, 1, 39, 35, 8, 7, 21]
BYTE
客户端数：0	字节数：0	客户端：[]
MAE：14135211.708333334
RMSE：26068399.99135625
finished iteration：2023-01-01 00:21:49.301330

Number of rounds 43
T1
客户端数：0	时间：0	客户端：[]
T2
客户端数：10	时间：0.0	客户端：[21, 2, 50, 20, 29, 45, 47, 22, 54, 38]
客户端数：20	时间：0.0	客户端：[21, 2, 50, 20, 29, 45, 47, 22, 54, 38, 43, 13, 53, 26, 55, 11, 27, 25, 56, 23]
客户端数：30	时间：0.0	客户端：[21, 2, 50, 20, 29, 45, 47, 22, 54, 38, 43, 13, 53, 26, 55, 11, 27, 25, 56, 23, 30, 36, 42, 33, 7, 9, 39, 35, 58, 12]
客户端数：40	时间：0.0	客户端：[21, 2, 50, 20, 29, 45, 47, 22, 54, 38, 43, 13, 53, 26, 55, 11, 27, 25, 56, 23, 30, 36, 42, 33, 7, 9, 39, 35, 58, 12, 48, 1, 8, 34, 61, 63, 24, 31, 10, 18]
客户端数：50	时间：0.0009970664978027344	客户端：[21, 2, 50, 20, 29, 45, 47, 22, 54, 38, 43, 13, 53, 26, 55, 11, 27, 25, 56, 23, 30, 36, 42, 33, 7, 9, 39, 35, 58, 12, 48, 1, 8, 34, 61, 63, 24, 31, 10, 18, 37, 57, 60, 52, 40, 49, 44, 51, 64, 41]
客户端数：52	时间：0.0009970664978027344	客户端：[21, 2, 50, 20, 29, 45, 47, 22, 54, 38, 43, 13, 53, 26, 55, 11, 27, 25, 56, 23, 30, 36, 42, 33, 7, 9, 39, 35, 58, 12, 48, 1, 8, 34, 61, 63, 24, 31, 10, 18, 37, 57, 60, 52, 40, 49, 44, 51, 64, 41, 46, 28]
T3
客户端数：10	时间：7.53460693359375	客户端：[21, 2, 50, 20, 29, 45, 47, 22, 54, 38]
客户端数：20	时间：31.305999040603638	客户端：[21, 2, 50, 20, 29, 45, 47, 22, 54, 38, 43, 13, 53, 26, 55, 11, 27, 25, 56, 23]
客户端数：30	时间：71.60428380966187	客户端：[21, 2, 50, 20, 29, 45, 47, 22, 54, 38, 43, 13, 53, 26, 55, 11, 27, 25, 56, 23, 30, 36, 42, 33, 7, 9, 39, 35, 58, 12]
客户端数：40	时间：128.60725617408752	客户端：[21, 2, 50, 20, 29, 45, 47, 22, 54, 38, 43, 13, 53, 26, 55, 11, 27, 25, 56, 23, 30, 36, 42, 33, 7, 9, 39, 35, 58, 12, 48, 1, 8, 34, 61, 63, 24, 31, 10, 18]
客户端数：50	时间：202.04879903793335	客户端：[21, 2, 50, 20, 29, 45, 47, 22, 54, 38, 43, 13, 53, 26, 55, 11, 27, 25, 56, 23, 30, 36, 42, 33, 7, 9, 39, 35, 58, 12, 48, 1, 8, 34, 61, 63, 24, 31, 10, 18, 37, 57, 60, 52, 40, 49, 44, 51, 64, 41]
客户端数：52	时间：218.83822107315063	客户端：[21, 2, 50, 20, 29, 45, 47, 22, 54, 38, 43, 13, 53, 26, 55, 11, 27, 25, 56, 23, 30, 36, 42, 33, 7, 9, 39, 35, 58, 12, 48, 1, 8, 34, 61, 63, 24, 31, 10, 18, 37, 57, 60, 52, 40, 49, 44, 51, 64, 41, 46, 28]
BYTE
客户端数：0	字节数：0	客户端：[]
MAE：25124137.633333333
RMSE：33141067.128120616
finished iteration：2023-01-01 00:22:21.213426

Number of rounds 44
T1
客户端数：0	时间：0	客户端：[]
T2
客户端数：10	时间：0.0	客户端：[29, 2, 50, 45, 20, 60, 25, 22, 21, 23]
客户端数：20	时间：0.0009987354278564453	客户端：[29, 2, 50, 45, 20, 60, 25, 22, 21, 23, 54, 40, 13, 61, 51, 41, 24, 44, 27, 53]
客户端数：30	时间：0.0009987354278564453	客户端：[29, 2, 50, 45, 20, 60, 25, 22, 21, 23, 54, 40, 13, 61, 51, 41, 24, 44, 27, 53, 30, 28, 58, 11, 42, 46, 10, 47, 37, 64]
客户端数：40	时间：0.0009987354278564453	客户端：[29, 2, 50, 45, 20, 60, 25, 22, 21, 23, 54, 40, 13, 61, 51, 41, 24, 44, 27, 53, 30, 28, 58, 11, 42, 46, 10, 47, 37, 64, 9, 1, 48, 52, 35, 56, 31, 34, 49, 57]
客户端数：50	时间：0.0009987354278564453	客户端：[29, 2, 50, 45, 20, 60, 25, 22, 21, 23, 54, 40, 13, 61, 51, 41, 24, 44, 27, 53, 30, 28, 58, 11, 42, 46, 10, 47, 37, 64, 9, 1, 48, 52, 35, 56, 31, 34, 49, 57, 36, 43, 26, 33, 63, 7, 8, 38, 18, 55]
客户端数：52	时间：0.0009987354278564453	客户端：[29, 2, 50, 45, 20, 60, 25, 22, 21, 23, 54, 40, 13, 61, 51, 41, 24, 44, 27, 53, 30, 28, 58, 11, 42, 46, 10, 47, 37, 64, 9, 1, 48, 52, 35, 56, 31, 34, 49, 57, 36, 43, 26, 33, 63, 7, 8, 38, 18, 55, 12, 39]
T3
客户端数：10	时间：7.554610967636108	客户端：[29, 2, 50, 45, 20, 60, 25, 22, 21, 23]
客户端数：20	时间：31.324889659881592	客户端：[29, 2, 50, 45, 20, 60, 25, 22, 21, 23, 54, 40, 13, 61, 51, 41, 24, 44, 27, 53]
客户端数：30	时间：72.10691738128662	客户端：[29, 2, 50, 45, 20, 60, 25, 22, 21, 23, 54, 40, 13, 61, 51, 41, 24, 44, 27, 53, 30, 28, 58, 11, 42, 46, 10, 47, 37, 64]
客户端数：40	时间：129.83091378211975	客户端：[29, 2, 50, 45, 20, 60, 25, 22, 21, 23, 54, 40, 13, 61, 51, 41, 24, 44, 27, 53, 30, 28, 58, 11, 42, 46, 10, 47, 37, 64, 9, 1, 48, 52, 35, 56, 31, 34, 49, 57]
客户端数：50	时间：203.72722363471985	客户端：[29, 2, 50, 45, 20, 60, 25, 22, 21, 23, 54, 40, 13, 61, 51, 41, 24, 44, 27, 53, 30, 28, 58, 11, 42, 46, 10, 47, 37, 64, 9, 1, 48, 52, 35, 56, 31, 34, 49, 57, 36, 43, 26, 33, 63, 7, 8, 38, 18, 55]
客户端数：52	时间：220.63610768318176	客户端：[29, 2, 50, 45, 20, 60, 25, 22, 21, 23, 54, 40, 13, 61, 51, 41, 24, 44, 27, 53, 30, 28, 58, 11, 42, 46, 10, 47, 37, 64, 9, 1, 48, 52, 35, 56, 31, 34, 49, 57, 36, 43, 26, 33, 63, 7, 8, 38, 18, 55, 12, 39]
BYTE
客户端数：0	字节数：0	客户端：[]
MAE：23192729.132692307
RMSE：32580511.2805099
finished iteration：2023-01-01 00:22:53.086467

Number of rounds 45
T1
客户端数：0	时间：0	客户端：[]
T2
客户端数：10	时间：0.0	客户端：[29, 60, 40, 20, 50, 24, 23, 21, 13, 51]
客户端数：20	时间：0.0	客户端：[29, 60, 40, 20, 50, 24, 23, 21, 13, 51, 44, 54, 52, 27, 47, 45, 26, 11, 55, 30]
客户端数：30	时间：0.0	客户端：[29, 60, 40, 20, 50, 24, 23, 21, 13, 51, 44, 54, 52, 27, 47, 45, 26, 11, 55, 30, 56, 53, 38, 61, 28, 36, 58, 46, 8, 64]
客户端数：40	时间：0.0009982585906982422	客户端：[29, 60, 40, 20, 50, 24, 23, 21, 13, 51, 44, 54, 52, 27, 47, 45, 26, 11, 55, 30, 56, 53, 38, 61, 28, 36, 58, 46, 8, 64, 37, 9, 7, 49, 10, 1, 25, 57, 12, 34]
客户端数：50	时间：0.0009982585906982422	客户端：[29, 60, 40, 20, 50, 24, 23, 21, 13, 51, 44, 54, 52, 27, 47, 45, 26, 11, 55, 30, 56, 53, 38, 61, 28, 36, 58, 46, 8, 64, 37, 9, 7, 49, 10, 1, 25, 57, 12, 34, 18, 39, 48, 33, 42, 2, 63, 43, 41, 22]
客户端数：51	时间：0.0009982585906982422	客户端：[29, 60, 40, 20, 50, 24, 23, 21, 13, 51, 44, 54, 52, 27, 47, 45, 26, 11, 55, 30, 56, 53, 38, 61, 28, 36, 58, 46, 8, 64, 37, 9, 7, 49, 10, 1, 25, 57, 12, 34, 18, 39, 48, 33, 42, 2, 63, 43, 41, 22, 31]
T3
客户端数：10	时间：7.618276596069336	客户端：[29, 60, 40, 20, 50, 24, 23, 21, 13, 51]
客户端数：20	时间：32.44819164276123	客户端：[29, 60, 40, 20, 50, 24, 23, 21, 13, 51, 44, 54, 52, 27, 47, 45, 26, 11, 55, 30]
客户端数：30	时间：73.88744187355042	客户端：[29, 60, 40, 20, 50, 24, 23, 21, 13, 51, 44, 54, 52, 27, 47, 45, 26, 11, 55, 30, 56, 53, 38, 61, 28, 36, 58, 46, 8, 64]
客户端数：40	时间：132.35680603981018	客户端：[29, 60, 40, 20, 50, 24, 23, 21, 13, 51, 44, 54, 52, 27, 47, 45, 26, 11, 55, 30, 56, 53, 38, 61, 28, 36, 58, 46, 8, 64, 37, 9, 7, 49, 10, 1, 25, 57, 12, 34]
客户端数：50	时间：207.6159610748291	客户端：[29, 60, 40, 20, 50, 24, 23, 21, 13, 51, 44, 54, 52, 27, 47, 45, 26, 11, 55, 30, 56, 53, 38, 61, 28, 36, 58, 46, 8, 64, 37, 9, 7, 49, 10, 1, 25, 57, 12, 34, 18, 39, 48, 33, 42, 2, 63, 43, 41, 22]
客户端数：51	时间：216.1323380470276	客户端：[29, 60, 40, 20, 50, 24, 23, 21, 13, 51, 44, 54, 52, 27, 47, 45, 26, 11, 55, 30, 56, 53, 38, 61, 28, 36, 58, 46, 8, 64, 37, 9, 7, 49, 10, 1, 25, 57, 12, 34, 18, 39, 48, 33, 42, 2, 63, 43, 41, 22, 31]
BYTE
客户端数：0	字节数：0	客户端：[]
MAE：27353783.833333332
RMSE：36478613.572937995
finished iteration：2023-01-01 00:23:24.831890

Number of rounds 46
T1
客户端数：0	时间：0	客户端：[]
T2
客户端数：10	时间：0.0	客户端：[21, 50, 45, 20, 24, 54, 40, 41, 26, 11]
客户端数：20	时间：0.0	客户端：[21, 50, 45, 20, 24, 54, 40, 41, 26, 11, 43, 7, 38, 36, 8, 42, 10, 12, 39, 58]
客户端数：30	时间：0.0	客户端：[21, 50, 45, 20, 24, 54, 40, 41, 26, 11, 43, 7, 38, 36, 8, 42, 10, 12, 39, 58, 47, 1, 64, 46, 25, 52, 55, 28, 48, 34]
客户端数：40	时间：0.0	客户端：[21, 50, 45, 20, 24, 54, 40, 41, 26, 11, 43, 7, 38, 36, 8, 42, 10, 12, 39, 58, 47, 1, 64, 46, 25, 52, 55, 28, 48, 34, 31, 18, 56, 27, 44, 51, 37, 2, 30, 49]
客户端数：50	时间：0.0	客户端：[21, 50, 45, 20, 24, 54, 40, 41, 26, 11, 43, 7, 38, 36, 8, 42, 10, 12, 39, 58, 47, 1, 64, 46, 25, 52, 55, 28, 48, 34, 31, 18, 56, 27, 44, 51, 37, 2, 30, 49, 57, 33, 23, 53, 9, 13, 29, 22, 61, 63]
客户端数：51	时间：0.0	客户端：[21, 50, 45, 20, 24, 54, 40, 41, 26, 11, 43, 7, 38, 36, 8, 42, 10, 12, 39, 58, 47, 1, 64, 46, 25, 52, 55, 28, 48, 34, 31, 18, 56, 27, 44, 51, 37, 2, 30, 49, 57, 33, 23, 53, 9, 13, 29, 22, 61, 63, 60]
T3
客户端数：10	时间：7.605990171432495	客户端：[21, 50, 45, 20, 24, 54, 40, 41, 26, 11]
客户端数：20	时间：31.327657461166382	客户端：[21, 50, 45, 20, 24, 54, 40, 41, 26, 11, 43, 7, 38, 36, 8, 42, 10, 12, 39, 58]
客户端数：30	时间：71.32141518592834	客户端：[21, 50, 45, 20, 24, 54, 40, 41, 26, 11, 43, 7, 38, 36, 8, 42, 10, 12, 39, 58, 47, 1, 64, 46, 25, 52, 55, 28, 48, 34]
客户端数：40	时间：127.51060795783997	客户端：[21, 50, 45, 20, 24, 54, 40, 41, 26, 11, 43, 7, 38, 36, 8, 42, 10, 12, 39, 58, 47, 1, 64, 46, 25, 52, 55, 28, 48, 34, 31, 18, 56, 27, 44, 51, 37, 2, 30, 49]
客户端数：50	时间：200.53089952468872	客户端：[21, 50, 45, 20, 24, 54, 40, 41, 26, 11, 43, 7, 38, 36, 8, 42, 10, 12, 39, 58, 47, 1, 64, 46, 25, 52, 55, 28, 48, 34, 31, 18, 56, 27, 44, 51, 37, 2, 30, 49, 57, 33, 23, 53, 9, 13, 29, 22, 61, 63]
客户端数：51	时间：208.7216215133667	客户端：[21, 50, 45, 20, 24, 54, 40, 41, 26, 11, 43, 7, 38, 36, 8, 42, 10, 12, 39, 58, 47, 1, 64, 46, 25, 52, 55, 28, 48, 34, 31, 18, 56, 27, 44, 51, 37, 2, 30, 49, 57, 33, 23, 53, 9, 13, 29, 22, 61, 63, 60]
BYTE
客户端数：0	字节数：0	客户端：[]
MAE：18227779.94158654
RMSE：24078024.896967504
finished iteration：2023-01-01 00:23:56.732106

Number of rounds 47
T1
客户端数：0	时间：0	客户端：[]
T2
客户端数：10	时间：0.0	客户端：[45, 29, 2, 20, 25, 50, 22, 38, 24, 60]
客户端数：20	时间：0.0	客户端：[45, 29, 2, 20, 25, 50, 22, 38, 24, 60, 23, 13, 52, 41, 40, 43, 53, 33, 7, 28]
客户端数：30	时间：0.0	客户端：[45, 29, 2, 20, 25, 50, 22, 38, 24, 60, 23, 13, 52, 41, 40, 43, 53, 33, 7, 28, 47, 8, 26, 42, 64, 49, 12, 9, 21, 39]
客户端数：40	时间：0.0	客户端：[45, 29, 2, 20, 25, 50, 22, 38, 24, 60, 23, 13, 52, 41, 40, 43, 53, 33, 7, 28, 47, 8, 26, 42, 64, 49, 12, 9, 21, 39, 46, 54, 37, 61, 34, 63, 1, 44, 48, 51]
客户端数：50	时间：0.0009970664978027344	客户端：[45, 29, 2, 20, 25, 50, 22, 38, 24, 60, 23, 13, 52, 41, 40, 43, 53, 33, 7, 28, 47, 8, 26, 42, 64, 49, 12, 9, 21, 39, 46, 54, 37, 61, 34, 63, 1, 44, 48, 51, 58, 18, 36, 55, 30, 11, 31, 56, 57, 10]
客户端数：51	时间：0.0009970664978027344	客户端：[45, 29, 2, 20, 25, 50, 22, 38, 24, 60, 23, 13, 52, 41, 40, 43, 53, 33, 7, 28, 47, 8, 26, 42, 64, 49, 12, 9, 21, 39, 46, 54, 37, 61, 34, 63, 1, 44, 48, 51, 58, 18, 36, 55, 30, 11, 31, 56, 57, 10, 27]
T3
客户端数：10	时间：9.40942907333374	客户端：[45, 29, 2, 20, 25, 50, 22, 38, 24, 60]
客户端数：20	时间：34.846041202545166	客户端：[45, 29, 2, 20, 25, 50, 22, 38, 24, 60, 23, 13, 52, 41, 40, 43, 53, 33, 7, 28]
客户端数：30	时间：76.7143726348877	客户端：[45, 29, 2, 20, 25, 50, 22, 38, 24, 60, 23, 13, 52, 41, 40, 43, 53, 33, 7, 28, 47, 8, 26, 42, 64, 49, 12, 9, 21, 39]
客户端数：40	时间：135.13628220558167	客户端：[45, 29, 2, 20, 25, 50, 22, 38, 24, 60, 23, 13, 52, 41, 40, 43, 53, 33, 7, 28, 47, 8, 26, 42, 64, 49, 12, 9, 21, 39, 46, 54, 37, 61, 34, 63, 1, 44, 48, 51]
客户端数：50	时间：210.0302176475525	客户端：[45, 29, 2, 20, 25, 50, 22, 38, 24, 60, 23, 13, 52, 41, 40, 43, 53, 33, 7, 28, 47, 8, 26, 42, 64, 49, 12, 9, 21, 39, 46, 54, 37, 61, 34, 63, 1, 44, 48, 51, 58, 18, 36, 55, 30, 11, 31, 56, 57, 10]
客户端数：51	时间：218.43049097061157	客户端：[45, 29, 2, 20, 25, 50, 22, 38, 24, 60, 23, 13, 52, 41, 40, 43, 53, 33, 7, 28, 47, 8, 26, 42, 64, 49, 12, 9, 21, 39, 46, 54, 37, 61, 34, 63, 1, 44, 48, 51, 58, 18, 36, 55, 30, 11, 31, 56, 57, 10, 27]
BYTE
客户端数：0	字节数：0	客户端：[]
MAE：15271496.741746794
RMSE：20187629.415737662
finished iteration：2023-01-01 00:24:28.525889

Number of rounds 48
T1
客户端数：0	时间：0	客户端：[]
T2
客户端数：10	时间：0.0	客户端：[29, 45, 21, 2, 50, 60, 47, 54, 25, 24]
客户端数：20	时间：0.0	客户端：[29, 45, 21, 2, 50, 60, 47, 54, 25, 24, 38, 23, 13, 52, 41, 51, 53, 26, 55, 20]
客户端数：30	时间：0.0	客户端：[29, 45, 21, 2, 50, 60, 47, 54, 25, 24, 38, 23, 13, 52, 41, 51, 53, 26, 55, 20, 27, 28, 7, 58, 33, 49, 46, 12, 64, 43]
客户端数：40	时间：0.0	客户端：[29, 45, 21, 2, 50, 60, 47, 54, 25, 24, 38, 23, 13, 52, 41, 51, 53, 26, 55, 20, 27, 28, 7, 58, 33, 49, 46, 12, 64, 43, 57, 37, 31, 22, 9, 39, 34, 8, 36, 56]
客户端数：50	时间：0.0	客户端：[29, 45, 21, 2, 50, 60, 47, 54, 25, 24, 38, 23, 13, 52, 41, 51, 53, 26, 55, 20, 27, 28, 7, 58, 33, 49, 46, 12, 64, 43, 57, 37, 31, 22, 9, 39, 34, 8, 36, 56, 44, 42, 30, 11, 61, 10, 1, 40, 18, 48]
T3
客户端数：10	时间：7.939049959182739	客户端：[29, 45, 21, 2, 50, 60, 47, 54, 25, 24]
客户端数：20	时间：32.80349111557007	客户端：[29, 45, 21, 2, 50, 60, 47, 54, 25, 24, 38, 23, 13, 52, 41, 51, 53, 26, 55, 20]
客户端数：30	时间：74.52789354324341	客户端：[29, 45, 21, 2, 50, 60, 47, 54, 25, 24, 38, 23, 13, 52, 41, 51, 53, 26, 55, 20, 27, 28, 7, 58, 33, 49, 46, 12, 64, 43]
客户端数：40	时间：132.99159455299377	客户端：[29, 45, 21, 2, 50, 60, 47, 54, 25, 24, 38, 23, 13, 52, 41, 51, 53, 26, 55, 20, 27, 28, 7, 58, 33, 49, 46, 12, 64, 43, 57, 37, 31, 22, 9, 39, 34, 8, 36, 56]
客户端数：50	时间：208.71082496643066	客户端：[29, 45, 21, 2, 50, 60, 47, 54, 25, 24, 38, 23, 13, 52, 41, 51, 53, 26, 55, 20, 27, 28, 7, 58, 33, 49, 46, 12, 64, 43, 57, 37, 31, 22, 9, 39, 34, 8, 36, 56, 44, 42, 30, 11, 61, 10, 1, 40, 18, 48]
BYTE
客户端数：0	字节数：0	客户端：[]
MAE：38038966.4676282
RMSE：44827743.276815645
finished iteration：2023-01-01 00:25:00.613135

Number of rounds 49
T1
客户端数：0	时间：0	客户端：[]
T2
客户端数：10	时间：0.0009975433349609375	客户端：[63, 45, 60, 47, 50, 25, 52, 24, 43, 53]
客户端数：20	时间：0.0009975433349609375	客户端：[63, 45, 60, 47, 50, 25, 52, 24, 43, 53, 13, 51, 33, 28, 30, 36, 64, 20, 23, 42]
客户端数：30	时间：0.0009975433349609375	客户端：[63, 45, 60, 47, 50, 25, 52, 24, 43, 53, 13, 51, 33, 28, 30, 36, 64, 20, 23, 42, 2, 39, 1, 12, 56, 34, 40, 11, 46, 18]
客户端数：40	时间：0.0009975433349609375	客户端：[63, 45, 60, 47, 50, 25, 52, 24, 43, 53, 13, 51, 33, 28, 30, 36, 64, 20, 23, 42, 2, 39, 1, 12, 56, 34, 40, 11, 46, 18, 48, 41, 22, 7, 54, 55, 58, 9, 27, 21]
客户端数：50	时间：0.0009975433349609375	客户端：[63, 45, 60, 47, 50, 25, 52, 24, 43, 53, 13, 51, 33, 28, 30, 36, 64, 20, 23, 42, 2, 39, 1, 12, 56, 34, 40, 11, 46, 18, 48, 41, 22, 7, 54, 55, 58, 9, 27, 21, 29, 10, 57, 8, 44, 61, 38, 37, 26, 49]
T3
客户端数：10	时间：18.842569589614868	客户端：[63, 45, 60, 47, 50, 25, 52, 24, 43, 53]
客户端数：20	时间：42.08118748664856	客户端：[63, 45, 60, 47, 50, 25, 52, 24, 43, 53, 13, 51, 33, 28, 30, 36, 64, 20, 23, 42]
客户端数：30	时间：82.2918164730072	客户端：[63, 45, 60, 47, 50, 25, 52, 24, 43, 53, 13, 51, 33, 28, 30, 36, 64, 20, 23, 42, 2, 39, 1, 12, 56, 34, 40, 11, 46, 18]
客户端数：40	时间：140.34612369537354	客户端：[63, 45, 60, 47, 50, 25, 52, 24, 43, 53, 13, 51, 33, 28, 30, 36, 64, 20, 23, 42, 2, 39, 1, 12, 56, 34, 40, 11, 46, 18, 48, 41, 22, 7, 54, 55, 58, 9, 27, 21]
客户端数：50	时间：215.7244110107422	客户端：[63, 45, 60, 47, 50, 25, 52, 24, 43, 53, 13, 51, 33, 28, 30, 36, 64, 20, 23, 42, 2, 39, 1, 12, 56, 34, 40, 11, 46, 18, 48, 41, 22, 7, 54, 55, 58, 9, 27, 21, 29, 10, 57, 8, 44, 61, 38, 37, 26, 49]
BYTE
客户端数：0	字节数：0	客户端：[]
MAE：41551389.6849359
RMSE：48085529.6828181
finished iteration：2023-01-01 00:25:32.532717

Number of rounds 50
T1
客户端数：0	时间：0	客户端：[]
T2
客户端数：10	时间：0.0	客户端：[45, 2, 50, 40, 29, 54, 21, 20, 25, 41]
客户端数：20	时间：0.0	客户端：[45, 2, 50, 40, 29, 54, 21, 20, 25, 41, 60, 22, 61, 53, 38, 44, 23, 26, 33, 55]
客户端数：30	时间：0.0	客户端：[45, 2, 50, 40, 29, 54, 21, 20, 25, 41, 60, 22, 61, 53, 38, 44, 23, 26, 33, 55, 28, 11, 7, 58, 37, 10, 27, 56, 49, 13]
客户端数：40	时间：0.0	客户端：[45, 2, 50, 40, 29, 54, 21, 20, 25, 41, 60, 22, 61, 53, 38, 44, 23, 26, 33, 55, 28, 11, 7, 58, 37, 10, 27, 56, 49, 13, 51, 1, 36, 64, 34, 57, 47, 39, 9, 46]
客户端数：50	时间：0.0	客户端：[45, 2, 50, 40, 29, 54, 21, 20, 25, 41, 60, 22, 61, 53, 38, 44, 23, 26, 33, 55, 28, 11, 7, 58, 37, 10, 27, 56, 49, 13, 51, 1, 36, 64, 34, 57, 47, 39, 9, 46, 24, 30, 43, 52, 18, 12, 48, 8, 31, 42]
T3
客户端数：10	时间：0.15257549285888672	客户端：[45, 2, 50, 40, 29, 54, 21, 20, 25, 41]
客户端数：20	时间：0.32210636138916016	客户端：[45, 2, 50, 40, 29, 54, 21, 20, 25, 41, 60, 22, 61, 53, 38, 44, 23, 26, 33, 55]
客户端数：30	时间：0.5095953941345215	客户端：[45, 2, 50, 40, 29, 54, 21, 20, 25, 41, 60, 22, 61, 53, 38, 44, 23, 26, 33, 55, 28, 11, 7, 58, 37, 10, 27, 56, 49, 13]
客户端数：40	时间：0.715052604675293	客户端：[45, 2, 50, 40, 29, 54, 21, 20, 25, 41, 60, 22, 61, 53, 38, 44, 23, 26, 33, 55, 28, 11, 7, 58, 37, 10, 27, 56, 49, 13, 51, 1, 36, 64, 34, 57, 47, 39, 9, 46]
客户端数：50	时间：20.592463970184326	客户端：[45, 2, 50, 40, 29, 54, 21, 20, 25, 41, 60, 22, 61, 53, 38, 44, 23, 26, 33, 55, 28, 11, 7, 58, 37, 10, 27, 56, 49, 13, 51, 1, 36, 64, 34, 57, 47, 39, 9, 46, 24, 30, 43, 52, 18, 12, 48, 8, 31, 42]
BYTE
客户端数：0	字节数：0	客户端：[]
MAE：48390452.6875
RMSE：53852104.55042987
finished iteration：2023-01-01 00:26:04.474598

